职位名称,薪资,工作经验,学历要求,城市,职位标签,技能要求,职位类型,公司名称,公司行业,公司规模,融资阶段,公司ID,BOSS姓名,BOSS职位,BOSS在线,BOSS认证,BOSS ID,职位ID,安全ID,期望ID,列表ID,福利,每周工作天数,最少工作月数,区域,商业区,经度,纬度,是否匿名,是否外地,是否优选,是否代理,是否屏蔽,是否直接投递,图标文字,是否置顶
全栈开发（杭州，银行驻场）,10-15K,3-5年,本科,杭州,3-5年|本科,全栈无侧重|Vue|Java|计算机相关专业|全栈项目经验|前端开发经验|后端开发经验,0,银丰新融,计算机软件,1000-9999人,不需要融资,91ff76a8f4f3324e0nZ539y5,邢女士,招聘专员,否,3,af6fbb0422bfdcb60XV80tm_EVVX,96801ac3743d5b3a03J_3tS4EFpR,3Bg3tg9jr1q3S-c1tzH3zO-rJRXORJwx2yF3HMGZSQLeaIDqnOTHRpwivXRApJHON9RyUOHN2vb0GAuGKorJn74g2av6yt43zblqsGszqho3ZIlm_4UDryc-XmfYTDl9ea1_wfi5LcQ~,615594290,1yGQl9q2wIO.search.1,节日福利|法定节假日三薪|带薪年假|五险一金|定期体检|团建聚餐,,,,,120.195502,30.230137,否,否,否,否,否,否,,否
全栈开发,12-15K,经验不限,大专,杭州,经验不限|大专,全栈侧重前端|HTML|Vue|PHP|MySQL/Redis/MongoDB|全栈项目经验,0,掘财,广告营销,20-99人,不需要融资,71e620f1164b784a1nZ829y5Elo~,陈林法,人事HR,否,3,0f129336243b0f681HZy2dS-EFc~,a1ddb63085765bbf1HV70tW9EVVS,rnCbKKHb6ygWB-d1w47mw3gSqL8qtJGd8K8LcLufzcdlWKgR4F-NgHDimGRCtfdt74gD11muAKh1tHt8JAh02QUbr7W2VA8q-ZY9Y3uDX2PFKA0tQBaWuqCNFKa_rYaBSa1EZXdK_1M7,615594290,1yGQl9q2wIO.search.2,加班补助|五险一金|带薪年假|补充医疗保险|通讯补贴|交通补助|员工旅游|定期体检|年终奖|餐补|全勤奖,,,萧山区,蜀山,120.259314,30.126106,否,否,否,否,否,否,,否
全栈开发工程师,15-20K,3-5年,大专,杭州,3-5年|大专,,0,杭州汉吴信息科技,计算机软件,0-20人,,90ec55b6c86f62e703Z_0tm5FlA~,朱女士,招聘主管,否,3,6f5f28d1322512e00HVy3Ni8FlVS,9af68e74c8bbb99003F93d67FFtU,k5jbMyrcrpSdH-t1fi3xMCrtDzy7U8Ep2gqYxy5OMNDtzWPv40mDoT-0Y2KJBkx_FRyTJTDJYWUq5C6hXf8S-uEBxvkXY1eAjaJLZXrQVj5f-b4_GxrJx7W2UgNjyINrSRNECnqVrz6syA~~,615594290,1yGQl9q2wIO.search.3,,,,滨江区,长河,120.196949,30.188047,否,否,否,否,否,否,,否
兼职全栈技术开发工程师,30-35元/时,经验不限,学历不限,杭州,经验不限|学历不限,后端开发经验|全栈侧重后端|全栈无侧重|全栈侧重前端|计算机相关专业|前端开发经验|全栈项目经验,6,杭州无达科技有限公司,广告营销,20-99人,,302bd164c67edbaa1X180tq0GVI~,马女士,深化部经理,否,3,0493930cd6b0c3d10nN73tS6F1dZ,7c0913077327d7ce03F82N-4GFVS,A7dIECynR8is9-t11lSDuP30tX7GWmr1dSH6o1jlLb9ToSEMx_ZWLl08YCiy1WdLPNCr5tRevJeOmer1_Ls-ZocXqPvCD34mQH4jIilKap5SBun3QuppUDyUxyCDGDoGiFJsiE7V5Dz_gQ~~,615594290,1yGQl9q2wIO.search.4,,,,滨江区,长河,120.215903,30.220236,否,否,否,否,否,否,,否
php全栈工程师,8-13K,3-5年,大专,杭州,3-5年|大专,PHP开发经验|PHP|全栈|计算机相关专业,0,新之星网络科技,互联网,0-20人,未融资,c88b332efe1e4b671HR52d60EFU~,张女士,人事,否,3,615824af71453fc00XJ93d6-F1BZ,e8930d024e51158403V829q1GVRW,G6l9sMgjeXA5x-f1HId3E5873j8NotbQVcrafixEuPty8sDrfmOg66bg1J4rkCy-n58Bu0LulBMqW-Y9BwIT1xdped8H_l54qSomrHvP-QVcXVzOpTxUjnJDQuqnBRT5SBYD02H8N-So_w~~,615594290,1yGQl9q2wIO.search.5,社保福利|节日福利|团建聚餐|保底工资,,,钱塘区,金沙湖,120.31553,30.308897,否,否,否,否,否,否,,否
全栈开发实习,150-180元/天,,本科,杭州,6天/周|3个月|本科,全栈侧重后端|JavaScript|TypeScript|React|Node.js|MySQL/Redis/MongoDB|计算机相关专业|全栈项目经验|后端开发经验|英语读写能力良好,4,杭州乐晨进出口,电子商务,0-20人,未融资,d0ed3c888ca1fa7f1XBy0tS_E1A~,巢云平,总经理,否,3,90b56de8ba58ae000nN909-6GFRY,136be77e347b06e403J52N--FVtY,RjJXYm7FdUdA6-k1ZPXV6sQZ0ZcOD7-9Po_RpkuoS5qk-EJqmedsT57Xw9YrXA2CWU56DRdhNjDuA1N3QDCrY3kCZvhFezB0eYrqbq6JwKhorAvRnIqwyNvHfSNxhzG2ILmUW1TJdyX1NQ~~,615594290,1yGQl9q2wIO.search.6,团建聚餐|底薪加提成|员工旅游|五险一金|节日福利|带薪年假|年终奖|绩效奖金,6天/周,3个月,萧山区,北干,120.284688,30.179334,否,否,否,否,否,否,,否
全栈工程师,12-20K,5-10年,大专,杭州,5-10年|大专,,0,盛迭,计算机软件,100-499人,未融资,8eac0c0fcfc3b3d51nJ_3t67EQ~~,张女士,招聘经理,否,3,ec1e36a3643e055833R53d28FVQ~,b8d02ebf5a4d96af03J-2ti0E1FV,pKhSoSfCdIBnL-j1cBOYDGxpPoa76vOzTOVwsIfRheaVNcteLSqlx8c9cZ9EEPuYJfJVK2_4MPEmFpIWymbPhggdxircNY_W16tyMjQhqvQ24Aib2Og4QtNOSrP5q4STBIr6xZYTR98~,615594290,1yGQl9q2wIO.search.7,零食下午茶|年终奖|交通补助|通讯补贴|五险一金|全勤奖,,,滨江区,长河,120.182555,30.188982,否,否,否,否,否,否,,否
小游戏全栈开发工程师（微信+抖音双端）,7-12K·13薪,1-3年,本科,杭州,1-3年|本科,,0,sixthman,游戏,20-99人,不需要融资,05c13a26ef3bf6ba1nx_2ti8EA~~,巫女士,HR,是,3,9f6838749a4838211nV72tS1GVpS,4752f2f23942b69403F929W7E1dT,Mfdxt9X2uqzkZ-P1qOk9iYON6vJQfYlbPcMRpEQsH_eGj3K6zPt0iawpdztaLxmlbIlUwO4nQUAqgoLeCL524VrEnjBPFflo4uIEHMBAuGLitKGAT_yWmxUgWOQxM8UlWB4WDVg8VBeKK5tN1WpgSCYdMhU4ESd0dlnKZ6LsWjph4F1t,615594290,1yGQl9q2wIO.search.8,节日福利|绩效奖金|年终奖|零食下午茶|五险一金|带薪年假,,,西湖区,宋城,120.107164,30.171558,否,否,否,否,否,否,,否
全栈开发工程师,10-15K,3-5年,大专,杭州,3-5年|大专,全栈无侧重|计算机相关专业|全栈项目经验,0,杭州泽氧科技,互联网金融,100-499人,A轮,828f43078a794beb1Xd-29i6Fw~~,张先生,人事主管,否,3,5c9b8aba5a9845db03B52tu6Elo~,e2ab61ce8fabfd8703Fy2960F1JU,vrujMFp1cZvL_-P16bMz-FQXc_N3432IvFQe8cFkzPVqrE12uOCdTd0lIm0gO0abYboJIdhZpBMhBE5bX8Pi_eIKhCClJwv7ZrFgZ_J1ty30PilGcMJiArorN43Chwus4E3xLAOq_hA~,615594290,1yGQl9q2wIO.search.9,保底工资|节假日加班费|绩效奖金|通讯补贴|全勤奖|交通补助|开单激励奖|节日福利|工龄奖|有无线网|年终奖|加班补助|生日福利|员工旅游|法定节假日三薪|底薪加提成|零食下午茶|团建聚餐,,,余杭区,勾庄,120.12438,30.344852,否,否,否,否,否,否,,否
java全栈开发工程师（支持远程）,50-100元/时,经验不限,学历不限,杭州,经验不限|学历不限,Java|SpringCloud|MySQL|Spring|接受居家办公,6,杭州新榆科技,企业服务,0-20人,,b54c1064c37d82f01H170tS9FlE~,黄先生,招聘人员,否,3,ce2605770baccdfa1Xx809S4GFc~,e9ab85328f09be1f03B93tS9GVVW,9xJNKILfTdsjq-r1xobfGlQJvwSo5_lgMCzicAf-eNxXuJoniwD1CtVrp75szsdZQORtDQD93RYuchpk9qr99NBd9XEjq3RqcbWFP55cgMKJ4itUYBciY51nOTGXT7g_j9frHPS7HOED,615594290,1yGQl9q2wIO.search.10,,,,,,120.089322,30.333449,否,否,否,否,否,否,,否
全栈开发工程师,10-15K·13薪,3-5年,大专,杭州,3-5年|大专,TypeScript|Java|C/C++|Spring/Spring Boot|全栈侧重后端|JavaScript|Vue|PHP|HTML|Angular|Python|全栈项目经验,0,华跃晨,电子/半导体/集成电路,0-20人,,a97f76cf2cde0a080XJ73Nu1Ew~~,李恩,总经理,是,3,9d1cf250625f5c2a0nVy2Ni8FFZW,9123a9a43a25a48503J_39u5EFNS,jDPBSp3Riii6G-o1nMaWqDXPmgszKCxoCdjofkhHGR3qaWdyY-2o2sYMqHJJFL8-JGiC0BPi69kCcRKg6lNn6Ea9vFS6onl2L_4z2EMkmoeOf8iUExlzZ_wJBx9yufr9My8W7ddW9M72jPlEj59z-7K7dIEgZTlsi3eX9aZQhb1zjHS-,615594290,1yGQl9q2wIO.search.11,,,,拱墅区,石桥,120.191086,30.328488,否,否,否,否,否,否,,否
AI全栈开发工程师（医疗智能体）,18-25K,5-10年,本科,杭州,5-10年|本科,全栈无侧重|AI|医疗智能体,0,美联控股,医疗器械,100-499人,未融资,d8a7186faa21dfd31Xxz39y_EVQ~,田先生,HRD,否,3,a8ab6f885e1d6c4d1XN62d6-EVE~,1c6184835486bab803J_3d64F1VR,S9-EsyhssWuGP-W1crvoqBtrp58kbRIBlk7lVKYmrBhZ9OYYgabOSP_UBvCQA1mcYdRQnaynHJYkYW_oynP8dqmvR0hbdFuqnCW-jKQZ8GYmhHP4HSMCd_J9v8j8HmXRvl3gW_l4sBmu,615594290,1yGQl9q2wIO.search.12,节日福利|生日福利|带薪年假|工龄奖|绩效奖金|五险一金|团建聚餐|年终奖|高温补贴|夜班补助|定期体检|员工旅游|加班补助|股票期权|节假日加班费,,,萧山区,西兴,120.247566,30.204337,否,否,否,否,否,否,,否
全栈开发工程师,9-14K·13薪,1-3年,学历不限,杭州,1-3年|学历不限,Java|CSS|Spring/Spring Boot|JavaScript|Vue|MyBatis|全栈无侧重|React,0,为宏智能,互联网,20-99人,未融资,0a774a8253c3e76a0HZ_3di1FA~~,朱才高,技术总监,否,3,31e1e74b77b5cdf50XJ72dm-ElA~,b33663d07283d65903B_0968F1ZY,cnMtaTL4BZCmA-x1dqAFYYJnIe__hGRABCO1oalPfOfLPgJC9G6KbzgeHhSQmzn940O-5zln-1fGX7_Q-XA2SMah8wEdLPWVGqlr8OUvPIu8B4DpdNfWDGSCEyvM8E0hOMFAmuz1nfU~,615594290,1yGQl9q2wIO.search.13,,,,,,120.254376,30.311639,否,否,否,否,否,否,,否
杭州-全栈开发,10-15K,5-10年,大专,杭州,5-10年|大专,Java|SpringCloud|MySQL|vue|MyBatis|Redis|Spring,0,耀辰捷,计算机软件,100-499人,,df214cb46a63f3b21HJ53t61F1o~,王先生,高级招聘专员,否,3,97cbaeefc3ca5d670X150ti_FlRX,265b7a2e681f2eba03J-3tq5GFFY,IVvB7m5ju7sZ5-71awMeUmdROdL_sGGDRc4AfO4AE9Z2LqMzxI2bOuNSLm5KvH8LvRuvJV5TXTrAJWxPd8hrEsxI7UvoIX27zzOr7pDUb9c7OLoWl-SxixRlOsC-wy595_LmooTVUp6APg~~,615594290,1yGQl9q2wIO.search.14,,,,拱墅区,湖墅南路,120.151753,30.279446,否,否,否,否,否,否,,否
Java全栈开发工程师,6-7K,1-3年,本科,杭州,1-3年|本科,Java|物联网经验|不接受居家办公|MySQL|Spring,0,紫鹏科技,智能硬件,20-99人,,250de820cebee12b1XV90tm0GVE~,冯先生,招聘者,否,3,10312c154ae1c9f10n1z39-5FVtW,450de82f343dbf1303Z82du4FVpW,LCU4KdI2N8Iy9-81Q0af940JErV45W3pLl_G__obrf_j28Wuv-mhA8kmnzjswTs9DhTzn3X1ftpS08tpyIWjrw_Mkb2ensFSyIBG1gARU_Dk7cHVZhEXH2YH_c8Zr4PtVtr9jCJGy1TfFg~~,615594290,1yGQl9q2wIO.search.15,股票期权|餐补|年终奖|团建聚餐|员工旅游|带薪年假|保底工资|绩效奖金|全勤奖|五险一金,,,临平区,星桥,120.254181241646,30.40472293861393,否,否,否,否,否,否,,否
全栈工程师（python),10-15K,1-3年,本科,杭州,1-3年|本科,后端开发经验|Django/Flask|全栈侧重后端|Vue|FastApi|前端开发经验|Python|全栈项目经验,0,添遇网络,电子商务,100-499人,,a39a398e3129073b1Xxy2Ni8GVQ~,汪强,人事经理,否,3,6e7103e8dd6a6a580nd82t--EFFW,d2b49a0c8ddf2eca03F62NW9FlpU,To5OxbZ1rdo9a-V1MejHmhIo5z-PwyOy_NWMKQ3QBXRWcJZtj0TF8cnioMoItiYmpbrxEbrgkMvWm99WutCCS6B9Fe7bwBMKEiDl4dOESan1Vs5Nl9rZSxdtI3Txk0a1uewEVOiz4tT6jg~~,615594290,1yGQl9q2wIO.search.16,,,,萧山区,闻堰,120.170203,30.130847,否,否,否,否,否,否,,否
AI全栈开发工程师（实习）,200-250元/天,,本科,杭州,4天/周|6个月|本科,,4,不鸣科技,游戏,100-499人,不需要融资,e8e231e3c5d76e901n1939u_FQ~~,LEE JIAN LONG,HR,是,3,4f397981b108ee2b0n172Nm4EFBV,97eb3ec64d247daf03B_2tu1FVFR,iJiVOTpFEvULz-n16pj21Yl2F6yits1DrodsxBMdAl1UsNF5qJI-y0ayOT6th4Zf8IDGwqptuBcnXaMqm5ozmRHViS3Tv2j_Yp8nooELLXds8fE22MdESEhbDwRJiZlMDTXu_coIyMT6_ldLOHZ1YnPyoy1VHv2GUV4iCTDRsX0iIOQE,615594290,1yGQl9q2wIO.search.17,法定节假日三薪|节日福利|生日福利|五险一金|团建聚餐|带薪年假|零食下午茶|员工旅游|餐补|年终奖|定期体检|节假日加班费,4天/周,6个月,西湖区,西溪,120.075561,30.291015,否,否,否,否,否,否,,否
初级全栈工程师,13-20K,经验不限,学历不限,杭州,经验不限|学历不限,后端开发经验|全栈无侧重|前端开发经验|全栈项目经验,0,上海贝津铭科技,人工智能,0-20人,,d8722072caa9966b03Zz29-5E1E~,王培安,招聘者,否,3,3c61cfae969c58dc0HZ73t65EFpW,be040053f389c7b903J42dS5GFtT,3AVmeRAUBizeD-41PkDS8ggRO6yMCVfgbNa_tK0WWdquTh0fI5RZK8XewhuBGhEh6UkFscq-euMTKOQcmZMGjngyl9PmX725SQ-Uqdww65bzdZny3FDrov9vpvCReOV1oAM0Vg36nOrl9g~~,615594290,1yGQl9q2wIO.search.18,,,,滨江区,长河,120.1676,30.193365,否,否,否,否,否,否,,否
全栈工程师（php+vue）（南京）,13-20K,3-5年,学历不限,杭州,3-5年|学历不限,PHP开发经验,0,南京寻优,计算机软件,20-99人,未融资,f1d9ba4d6a1a7a701XR_2Ni4GVs~,张女士,HR,否,3,c2166a4d180554250nd529W7ElNW,e4c1b90119b8f8bf03Fy29y9ElNR,TnBLe6REKkupr-81fH2dERPRIr-4LV67ButvADpt_nlkxnCKNculYxpGSElw-IQhWpo6dmbvmi6Dbq7TNJkgFQABAuxVczIsQkak1gmvv6GNpepTHXwZOtfdK_fm2oAhtOlFah0800PEnw~~,615594290,1yGQl9q2wIO.search.19,带薪年假|补充医疗保险|零食下午茶|定期体检|全勤奖|节日福利|员工旅游|加班补助,,,滨江区,长河,120.180195,30.189665,否,否,否,否,否,否,,否
全栈开发专家,9-11K·13薪,3-5年,学历不限,杭州,3-5年|学历不限,Java|CSS|Spring/Spring Boot|后端开发经验|全栈侧重后端|Vue|计算机相关专业|React|前端开发经验|全栈项目经验|TypeScript|JavaScript|MyBatis|MySQL/Redis/MongoDB,0,中僖控股集团,互联网,20-99人,不需要融资,6b3b3fa81e0fa4471Xd639W7GFE~,张璇璇,人力资源经理,否,3,5b0fd55323d472540Xd839W7F1VU,e439c24787b2c2941H172dm0GVBU,3SzksZVg4V5yV-m1w1vD0qTDESINe4XqwY3zRTJ4ir0_0zwpvdQsSuMB4rf64pkuhLvTnE3XRor0Iysu74W3LyfMWacMOU2aHM7a3bH0LsXGEeQuB7a9PuifU1OZ9w8acTwnVvcL0QkGwg~~,615594290,1yGQl9q2wIO.search.20,员工旅游|带薪年假|意外险|定期体检|节日福利|年终奖|生日福利|团建聚餐|五险一金,,,西湖区,西溪,120.075409,30.289696,否,否,否,否,否,否,,否
Agent全栈开发实习生,200-250元/天,,本科,杭州,5天/周|3个月|本科,全栈无侧重|JavaScript|Vue|React|Java|Python|计算机相关专业|全栈项目经验|Deep Research|sandbox|text to sql|RAG,4,有赞,互联网,1000-9999人,已上市,5fc0c9406d3de0e01H143ti9FFQ~,王茹洁,HRBP,否,3,07ddeaa2d1646c1503B63N--GA~~,ab8987dc9253945903J53d6_GFNR,VqGIXGMgqqSXe-v1gwy7Ybm_RvlLypOOH9N4BN6CU3PrL6C0eSx0rb_fRZYnvtr8RObn5mSXrD-_feYc6uc1aK9iMYrZz2oHoZb1I62Hz0V_7krTH3fG7kkBica7yNOWjVEbode1X2A~,615594290,1yGQl9q2wIO.search.21,带薪年假|节日福利|股票期权|免费班车|零食下午茶|交通补助|通讯补贴|年终奖|五险一金|定期体检|员工旅游,5天/周,3个月,西湖区,西溪,120.086633,30.25657,否,否,否,否,否,否,,否
全栈开发工程师,10-15K,3-5年,本科,杭州,3-5年|本科,全栈侧重前端|React|CSS|TypeScript|计算机相关专业,0,智微信科,医疗健康,100-499人,B轮,6baa23bef1739dd903B70tu0,许女士,hr,否,3,e1a7ef0ab8362b620XRy3N-8GFdS,cfa1ff5d7669caaf03Z92d-9F1FX,Ot2u942oSlMPD-v1jNxkbEH-TVqyo8v0Qg6QBG-yW4eff6VP6qRLTWOWdCjwFdxm_0IR9WKNFkIsxuIX6hBT0htqDO38gnxxsjCHHrNC6kXhLoldM_xqJkJ9olkzxYtOe8Yn7ANGq1I~,615594290,1yGQl9q2wIO.search.22,带薪年假|零食下午茶|五险一金|股票期权|团建聚餐|年终奖|节日福利|生日福利|定期体检|员工旅游,,,,,120.238326,30.183438,否,否,否,否,否,否,,否
java全栈开发工程师,15-25K,3-5年,本科,杭州,3-5年|本科,Java|Tomcat|微服务经验|MySQL|Kafka|MyBatis|SQL Server|架构设计经验|Spring|Oracle,0,龙测,计算机软件,20-99人,A轮,6a52c5b5c73ba6a71HFy3dm-GQ~~,梁女士,GMA,否,3,1195da1df4cc94b83nZz3Nm4EFE~,0b645dad9767c56003R_2di7GFRQ,g0yerMY4-1XtA-41vQQBmj-6ODKmM1XvN26WLusrbSR6M39iD9CRYbXrtOg7zwuN6YaarPRF8msz3ssCyReW0A88XZwGGobje28FxZ3XPZCgde6tp5CvgOcGboapEYlwe-zyd4aYc-A~,615594290,1yGQl9q2wIO.search.23,五险一金|带薪年假|零食下午茶|年终奖|员工旅游|节日福利|加班补助|股票期权|定期体检|补充医疗保险,,,萧山区,钱江世纪城,120.239876,30.239141,否,否,否,否,否,否,,否
全栈开发工程师,15-30K,3-5年,学历不限,杭州,3-5年|学历不限,Java|不接受居家办公|Python,0,暖阳阳,互联网,20-99人,不需要融资,5439a1b8f033dd8d0HR60tS6FQ~~,王女士,人事,是,3,c31bf4b77fe46d771Xx62t-1FlU~,eba8d7e77c9fa16603R809m1EVJR,-VZHvXa8Mi3k8-219V99KN2YLrDbxMcxWDCvJTVeXshAda2F-UbrVxnEb9Csciutt4QYzCg3d2SAf-p8a0mD6AnKZ-fzCa0bfZI1Oda-MctxytUHR3pexAtnLg5aVGp6Xm2pyCsnKO1nPFRqCBf78VCynLCBbujhPg0gNhJk5FnCNSI~,615594290,1yGQl9q2wIO.search.24,晋升空间大|员工旅游|五险一金|定期体检|带薪年假|节日福利|住房补贴|零食下午茶|年终奖,,,西湖区,西溪,120.068614,30.291206,否,否,否,否,否,否,,否
全栈开发工程师,13-25K·13薪,3-5年,学历不限,杭州,3-5年|学历不限,HTML|CSS|数据结构|全栈开发|Spring,0,广雾科技,计算机软件,0-20人,,53ffc3325ac46eb91nVz3ti8FQ~~,吴洁,招聘者,否,3,a1b39d3b6db46df51HZ70tq4FVs~,878a4b4e92eba19e1XRz3du1FFpU,17n0Mob3heFm--71Uzfo5gVWTKvhxqC204Ds8znGDx-r6-SuQMSX1d6_6W8fuQiJFlJDgubTv_BqrY9X9hVtIiflizgNVHbBGVJK-5Y0EuyBDf_kNrqz27Hg9mdViUePu0vZtFX-55c~,615594290,1yGQl9q2wIO.search.25,,,,萧山区,奥体中心,120.239876,30.239141,否,否,否,否,否,否,,否
前端全栈开发工程师,12-15K,3-5年,学历不限,杭州,3-5年|学历不限,前端开发经验|全栈项目经验,0,炬核智能,人工智能,0-20人,,5e38503ceb7b0ab61HJ90t6_FFE~,邢昊阳,制片人,否,3,4383bc4370717c900nN40t68FVBS,311939b7118b6b5303R50t-4FFBU,dUBHwrFBhq4hW-p16Q_ocLF5ttGHn9bLF_IwRSn2HHsdq5Y2x-7jy5GbEe686pnuuGpoH41DIclrybNafAqlZv2oR0o5yUa8JBJy7dKotAP-YhqNk6tu8K7644R4AsKr2FfU_bBi0V5mcA~~,615594290,1yGQl9q2wIO.search.26,,,,滨江区,长河,120.21109,30.21307,否,否,否,否,否,否,,否
前后端全栈开发,150-200元/天,5-10年,学历不限,杭州,5-10年|学历不限,,6,头大侠头皮养护,美发,0-20人,,b87b55f54e7e5c3b1HJ839q4GFI~,张先生,总经理,否,3,e2ad029b19ba1f3f0nRy39m0EVdW,8f9ccf877029133e03J43di_FVRQ,QP_TXHJK0dKcd-51o_nGpouUnXvtVtusaDKJi2viCA_N4dGq1-pC-gh8U4Mmwsi54fkZa8_MfvBN27SeWZOgvpqhGvJjQbgFx3opWYLH6A7raM27Nq70U1KyuF57nyQ09_iLH2cdgXbe3Q~~,615594290,1yGQl9q2wIO.search.27,,,,萧山区,西兴,120.246318,30.24173,否,否,否,否,否,否,,否
全栈开发工程师,20-40K,3-5年,本科,杭州,3-5年|本科,全栈侧重前端|Java|Node.js|Python,0,精准学,人工智能,100-499人,A轮,c50f513a4ba7a54c1HF93dm7EVc~,龚茹慧,招聘专员,否,3,d7b801a1bb094d940nN42t69GFRR,a7f021b5b2399bad03J_2dy_GVRR,i4FMh8Dz5frWU-o10lDlIFw_zxUXCzhI6zBhPgUy5MSrmoQtyyxyPQTbYt3UkzaX2QfToLPT-X84EYjMnqbQqmqNutNOuOfOvRYMWe1yHty9P5cijyPcntwlbursacf718YJv7PP4G1m1g~~,615594290,1yGQl9q2wIO.search.28,节日福利|股票期权|带薪年假|年终奖|员工旅游|生日福利|绩效奖金|定期体检|团建聚餐|五险一金,,,西湖区,西溪,120.07503541188316,30.287865278658455,否,否,否,否,否,否,,否
app开发 主程，全栈,8-13K,1-3年,学历不限,杭州,1-3年|学历不限,Java|CSS|Spring/Spring Boot|后端开发经验|Vue|全栈侧重前端|HTML|计算机相关专业|前端开发经验|全栈项目经验|JavaScript|MyBatis|MySQL/Redis/MongoDB,0,杭州凌凌七科技,培训/辅导机构,20-99人,,77b8bbbbdc8aaf6c1HB62dq_GFc~,王先生,总经理,否,3,baa470928a87c2760XR-39-8EFtX,4d0dc0f3ca181dc103Z53NW_ElBX,6cEOVlErs3mex-G1BekGO-Z8wuFPXpMZq1hJzxq9godNFDmychdDfDvDoslfF1rQ81BMk7d-xngM6O60lE9GtpPWhJQPgAbNG8TtXfORCI2VyX-8lwSB3qHkrjcmqM0bN_zHu6AYkAAqQQ~~,615594290,1yGQl9q2wIO.search.29,,,,滨江区,长河,120.196949,30.188047,否,否,否,否,否,否,,否
全栈开发实习生,150-220元/天,,本科,杭州,5天/周|6个月|本科,全栈侧重后端|JavaScript|Java|Spring/Spring Boot|Node.js|MySQL/Redis/MongoDB|计算机相关专业|后端开发经验|全栈项目经验|全栈开发实习|后端开发实习|2026届,4,视言,电子商务,100-499人,未融资,9082a0ad07e89bc61Xx72N-8GFQ~,李女士,HR,否,3,795fb58c5972b9d50XV62NW4EFJS,75541d5e597f3f6103Z62dW6FVRR,OGKt4VJt5c4tE-N1JJI_4Vyf8savDOZVSJL5Tlkqvl280BVYhv01IpBrPXERMQeEVhtB_a5slqtFbJRqM_-VxqkW6fsV4WPZVchUDJuoAekZV-DOawIxgK4JPfxHGGCqkFpoD2i69O1pHA~~,615594290,1yGQl9q2wIO.search.30,五险一金|加班补助|餐补|带薪年假|节日福利|团建聚餐|法定节假日三薪|股票期权|定期体检|年终奖|底薪加提成,5天/周,6个月,西湖区,西溪,120.075561,30.291015,否,否,否,否,否,否,,否
APP全栈工程师,15-30K,5-10年,本科,杭州,5-10年|本科,前端开发|后端开发经验|全栈开发|全栈侧重前端|计算机相关专业|后端开发|前端开发经验|英语读写能力良好|全栈项目经验,0,成都岛主科技,移动互联网,0-20人,,9418067ad1915b801XV70tS7FFc~,黄啸天,招聘者,否,3,efa82d5510b50a7c1nZ52N--EVU~,e1d597ee2eae2cf91XZ_3921ElFX,Hasb974s81-tX-h1w-V6U-YcauNEaBu6Rn0fzCPTH1iAXgs_aD1zT79R3Dm2OAPcolMzkYoNCcezF6OxCbkFeHxjR-gzxqwgrY2OOIZVrNtMJPTrHQ7JfMpxfiJebXYSqKPTs1igPA_j,615594290,1yGQl9q2wIO.search.31,,,,,,120.193987,30.201348,否,否,否,否,否,否,,否
全栈开发工程师,30-60K·14薪,经验不限,本科,杭州,经验不限|本科,JavaScript|TypeScript|Vue|React|C/C++|Python|Node.js|计算机相关专业|全栈项目经验|前端开发经验|后端开发经验,0,深度求索,互联网,100-499人,未融资,ffd531b0cbd4133f1XN92Nm0EFU~,罗女士,HR,否,3,e7e3741bc10d83390HZ43dm7GFo~,2adca0f283bff7601H1z3t25EFZR,zm7xQthfEgg5a-y1ePSr3hl9oN3VbcoCApg-3wX1EBixNEwnL0kujOk0XahlWsFrmGPpwr7xpolYSMdKO7pT2kT9Ja3ImYJPduqjk4fTnwJMZDWN15v9QG6MAtEIlCIvB15Y3MVo0XHs,615594290,1yGQl9q2wIO.search.32,节日福利|住房补贴|零食下午茶|定期体检|交通补助|生日福利|团建聚餐|带薪年假|五险一金|餐补,,,拱墅区,湖墅南路,120.173869,30.27375,否,否,否,否,否,否,,否
全栈开发工程师,25-40K,3-5年,学历不限,杭州,3-5年|学历不限,,0,杭州繁星未来技术开发,互联网,20-99人,不需要融资,c8ad3eabb838a2b01Hxz29S5E1A~,杨女士,招聘者,否,3,ed5c2843c604286f0HRz3dS0EFVW,78edabbe588dc0ef03F_2d29F1dX,fSdRiZQMvjODw-e12Z0TPPfUkaErMCHSMcELNs_XoeQ6vDX4eSsw_9DSWrife1AdgLfRyygS48mdf7vXqkzPbukOogxltIK5wJ5tCto57FJOy50_d8wKVpf6Qq9FWw-a1ge9r9WFxwKJXw~~,615594290,1yGQl9q2wIO.search.33,免费班车|有无线网|底薪加提成|绩效奖金|五险一金,,,萧山区,北干,120.236974,30.197314,否,否,否,否,否,否,,否
C# 全栈开发工程师,8-10K,1-3年,本科,杭州,1-3年|本科,TypeScript|Vue|.NET|全栈无侧重|全栈项目经验,0,杭州玻瑟,其他制造业,0-20人,,b641c5bd29e36eb21HFy2d61Elo~,姚现勋,招聘者,否,3,0f90f8a2eb129dda33Zz2dy_GFU~,faebe3c61ed9695a03F43925FVdV,JjQcxSTUSA9wn-N15PlkCZkyvXgqUfd4eFb1-Q8YcHuu1eJN6VtSD-QobHZbF8pEb9y3Mk5gQ3MfX4ROlIU9h8uZmgmSWEmD-ch4vuNSbKgQDJbvcXZ-42EplNRKdXhKrV4Bd6KVfpv1,615594290,1yGQl9q2wIO.search.34,,,,滨江区,长河,120.184308,30.15068,否,否,否,否,否,否,,否
Java全栈开发工程师(26届毕业),100-180元/天,,本科,杭州,5天/周|6个月|本科,全栈无侧重|CSS|HTML|Vue|Java|Spring/Spring Boot|MyBatis|计算机相关专业|全栈项目经验|微信小程序|uniapp,4,杭州默蓝科技,计算机软件,0-20人,未融资,7390ee4142183e431XJ-2dq8GVc~,潘先生,招聘负责人,否,3,3d5fd579e9063cf10n173tW9GFBY,4f2169746dbc653403Fz39y4FFtV,MnenoMeV2T5KM-d18X6fNw8Id1vfmDPL8ITq8Qno2a4M4D7lBYxKJeyVw7w7XYZPXHYecdm7vNWDpj3Aay8GmfvmNq3cs5Z-PADW7HpJveICuNoEo8uzIMxGgr13jQaksxdaKJBtnz6QXw~~,615594290,1yGQl9q2wIO.search.35,带薪年假|绩效奖金|五险一金,5天/周,6个月,滨江区,长河,120.195476,30.183397,否,否,否,否,否,否,,否
全栈开发工程师,10-15K·13薪,3-5年,本科,杭州,3-5年|本科,,0,杭州泰丽诗,电子商务,20-99人,天使轮,10c3e960a5a800781HJz3Ni5FFM~,万隆,总经理,否,3,36c86bb528a42b790nVy29S-E1VS,f459c9cb57785a7a03d82tq-EVdY,Bon9IjEMWVRV0-H1-o2LyzJcZ0gcOfZ2AZAoZoZlPREjlURDET2KsKP1Bhd_YnTjkO3rz8pFnIPPQOBjHmynZqgd2zpiuF7VnKJ6yTj1IdrK153e9SprIvgLYUEYt2_a8GeJ65HYprbRTg~~,615594290,1yGQl9q2wIO.search.36,有无线网|节假日加班费|带薪年假|团建聚餐|法定节假日三薪|绩效奖金|年终奖|五险一金,,,滨江区,长河,120.210209,30.182857,否,否,否,否,否,否,,否
技术全栈实习,180-230元/天,,本科,杭州,4天/周|4个月|本科,Java|Python|Spring|提供实习证明|MySQL|技术全栈|Vue,4,天识科技,互联网,20-99人,A轮,5c53cd7421bcade41nJ-2tm0GVI~,李先生,招聘者,否,3,04ec1b0981b84d571nV_2d66ElU~,31c85d72cae329b91X1z3du6FlBR,BHxTvGoYwaGtm-c1_DImEqOyJPA-s9fK4gXntsHc6pSbGtrww_cM0L8m4l1feCqWjtgEtsbSXclj7C3YDt53xqcZjo3hG_LMGSFnxEV2iGEVgIL8H8jAvUa1jPbSdqlJ7WOgDv09eqZZ,615594290,1yGQl9q2wIO.search.37,带薪年假|加班补助|股票期权|绩效奖金|五险一金,4天/周,4个月,上城区,南星,120.176208,30.217609,否,否,否,否,否,否,,否
全栈开发工程师,10-15K,3-5年,本科,杭州,3-5年|本科,全栈侧重前端|TypeScript|CSS|React|计算机相关专业,0,杭州易和,计算机软件,20-99人,不需要融资,f9743e44ef3ad39f0Hd52dy_,严女士,人事,否,3,1d4554b0e7cc743a1Xx53tS5E1U~,6eb35c9aed7e735903d70tS1E1BS,hcrTZL0iI3ENc-01KADrr9u2n1S6s2Rg65b1uJjAr3mdG4LWAPUrZwDuXu0tFmwXXraRBhB8TbiCo5EFpt01t7gA5ndJf-bBWvSgNqY6yxy_3H1sd5bQL3KS-rdkOiqdXcNtnV2pSA~~,615594290,1yGQl9q2wIO.search.38,年终奖|五险一金|节日福利|交通补助|带薪年假|员工旅游|通讯补贴|定期体检,,,萧山区,北干,120.238395,30.183442,否,否,否,否,否,否,,否
网站全栈开发者,20-40K,5-10年,大专,杭州,5-10年|大专,Java|HTML|CSS|全栈开发,0,南方置业,房地产开发经营,0-20人,,a5708038236408f51nd829u6GFs~,李荩,招聘者,否,3,f5525e623d33ec3b0nVy3t25E1FY,f682ddf5f8796f081nZ82NW6FlBT,hju9LgxTLi1gr-l1XwNGdImRIR6irIko9Od2sQA94THFKmnys6HczWY80lfoTdLz37A0NPB16zglvcmC9o5kc1rXO_AebeM6kLX024KHNz6CCw7_R32GeljpueMBKpPxXbbmJrYSHUeJog~~,615594290,1yGQl9q2wIO.search.39,,,,上城区,采荷,120.184752,30.249972,否,否,否,否,否,否,,否
java全栈开发工程师,9-14K,3-5年,本科,杭州,3-5年|本科,Java|Spring|JVM|MyBatis|MySQL|Oracle|不接受居家办公,0,舍非时科技,医疗服务,20-99人,,bb509b2200ec634803Z73d--FVI~,吴先生,招聘主管,是,3,9b2a37a63c4221e90nZy3Nu4FFFR,f90a3b0603e694de03J-3t-_E1NR,BbmJigkSwgIRN-D1kjZlyJmPqxVlL8C2CFoQ50c3-nPq6OkdxTsDhChjx-jLlAmMEz1ht0ReONDp73Ncg3MJDnEnua5_qO1jvtdhlaKJ1T3FstyQ5VfkUBakSRwVo5YUbd9UARSbVj32K0GlIkM4j-vGaXyXdbuNZTqHibbs2Z-ahrfGVQ~~,615594290,1yGQl9q2wIO.search.40,,,,拱墅区,上塘,120.19026,30.324936,否,否,否,否,否,否,,否
全栈开发工程师（银行项目）,14-17K,5-10年,本科,杭州,5-10年|本科,TypeScript|Java|后端开发经验|JavaScript|Vue|全栈无侧重|React|前端开发经验|全栈项目经验,0,软通动力,计算机软件,10000人以上,已上市,c8311034740eee121nVz09S7E1U~,杨婷,高级招聘顾问,否,3,96069f723d52034103F70ty_F1c~,76ca3b12e7c0fff303J72tW1F1JX,ztpKBInH-Z4W5-11HSphiqE-gt5QAnZbucSfmTHpqcWQUzRglH7MuyNYqShEDHApWUpnBAmAwQ-dLxKutnUHAD9Mq5ABWYjdLxPG9I6rbMhrcclTCAtdEbBrDTczzY3HKbG9iR7vpTuQ,615594290,1yGQl9q2wIO.search.41,通讯补贴|零食下午茶|补充医疗保险|带薪年假|加班补助|生日福利|免费班车|五险一金|交通补助|节日福利|定期体检|团建活动,,,滨江区,长河,120.171914,30.188534,否,否,否,否,否,否,,否
java全栈开发工程师,7-12K,1-3年,本科,杭州,1-3年|本科,Java|Nginx|大数据经验|不接受居家办公|Hive|分布式经验|Elasticsearch|Zookeeper|Dubbo|Spring|Python,0,大连百优软件有限公司,计算机软件,20-99人,,e0124337f6b2d3db1nF-3t-5GFs~,于先生,招聘者,否,3,eecb7919446c58b01nV43Ny-EVVQ,cb210bc1fa580d4903Vy3du4FVBQ,-upoHV11Ym0lr-F1b5iDE9Z-b2wDA6XIGAvNda6Z0h8f_V6roMnCkJOBeGuIzz8rdJet9BBn2G1xivDbyUQ8GuerzCBB_XT0XcOFyK-0HuqimTaQO9cQlw8JlkQ5NMGk_ASbWEH3TnWxDQ~~,615594290,1yGQl9q2wIO.search.42,五险一金|年终奖|股票期权|零食下午茶,,,余杭区,未来科技城,120.002985,30.28106,否,否,否,否,否,否,,否
广告前端（全栈）开发工程师-Ads Infra,30-60K·15薪,3-5年,学历不限,杭州,3-5年|学历不限,JavaScript|计算机/软件工程相关专业,0,字节跳动,互联网,10000人以上,D轮及以上,f409f37f83a6135b0nV_2d25EA~~,朱先生,广告架构工程师,否,3,5e2a45d364fa98240XVz096_FlJU,7f84745c3d0e29741HVz2ty6E1VS,P6TkDbxtDOuIx-x1fcFES_KcnAGV1-lRInQgxt563gKtuLKke2bTg9CBY70VV5YvqJNrUgWhnYMtFuUx75NBXOuz876XWkC0EVypBK3W4x554yHeypAjpJjf122nwFuRH1zlYuvIIBYc,615594290,1yGQl9q2wIO.search.43,餐补|团建聚餐|股票期权|带薪年假|就近租房补贴|补充医疗保险|家属自选保险|定期体检|住房补贴|年度体检|五险一金|意外险|免费健身设施|家庭关爱假|绩效奖金|年终奖,,,,,120.215103,30.253769,否,否,否,否,否,否,,否
Java全栈开发工程师,7-10K·13薪,1-3年,本科,杭州,1-3年|本科,Java|JVM|MySQL|Redis|架构设计经验|游戏后端经验|不接受居家办公|接受实习/在校生投递,0,砺剑石,计算机软件,20-99人,未融资,8e8766f0de0478151nV-2dm8F1U~,张馨予,行政管理总监,否,3,bf9032a7fe35ef031nZ40t6_FVRS,67b76a103010dc2e03Z43dm7FltR,fmPuCpM2R3Swk-o1Wwvzjvp07z4_lEonK1vdMy3M5sZtoOx7WvnYWxEmit1jqZuNuXTiyyVQLDp1xpbeGKYQm6BM8RK62IvpI-iPn0HjGHXhI65pebBy4RpSdVCpHGT14rFiFAcCMw8VTQ~~,615594290,1yGQl9q2wIO.search.44,免费工装|保险|交通补助|全勤奖|保底工资|有无线网|带薪年假|绩效奖金|员工旅游|通讯补贴|节日福利|年终奖,,,滨江区,长河,120.205532,30.194493,否,否,否,否,否,否,,否
全栈开发工程师,20-40K·15薪,3-5年,本科,杭州,3-5年|本科,Node.js|JavaScript|后端开发|全栈开发|Java,0,滴滴出行,互联网,1000-9999人,D轮及以上,980f48937a13792b1nd63d0~,曹宏博,资深开发工程师,否,3,036b6b28e2b5dc3d03V60t-5F1I~,8d71e8a0763eee400XR43Nq-EVU~,ZtWMsFYOj0blw-T1V_TDNzQjB7QIwY1xM2zfH3ffNpVSI9ql-OTxDyZxFjTRlRl_M5EVzVweWmtqbvE3BYu3x7cbtkFPmAk5L72CqMs27tF_JWwLI0iYXQwyRgYAsk2O4oRQ1ug~,615594290,1yGQl9q2wIO.search.45,股票期权|补充医疗保险|五险一金|年终奖|定期体检|零食下午茶|免费班车|节日福利|交通补助|带薪年假,,,余杭区,西溪,120.049062,30.278926,否,否,否,否,否,否,,否
全栈开发工程师,10-15K,3-5年,本科,杭州,3-5年|本科,全栈无侧重,0,浙江南面律师事务所,法律,0-20人,未融资,6b57b95cf5edf6a01nB809m7EFU~,郑先生,律师,否,3,21026ceed9ba27bc1H1539W0FVs~,888705e567f25b1b03B40t6-EVFQ,hv0tmlrJiwZGc-p1VlCJtxeD5Lp5Ce1IRl1NQwKa3OXwhYK6Ns-ohcWBlFZMU6DDDN8NnZOVEQO7L9OC0gPAVKNOsw8i7gsfzdHwJyd6jss4LQXrUsct8GTOxGeJF5k95A8lmndANJlh,615594290,1yGQl9q2wIO.search.46,,,,拱墅区,上塘,120.169139,30.276043,否,否,否,否,否,否,,否
全栈开发,20-50元/时,3-5年,大专,杭州,3-5年|大专,TypeScript|Java|后端开发经验|Django/Flask|Vue|全栈无侧重|前端开发经验|全栈项目经验|Python,6,启悟元智科技,计算机服务,0-20人,,f9d53891e2d0fa2d1Hd90t27EFU~,江先生,招聘主管,否,3,8d7b1fbcdc366e291XF739u0Ew~~,2994620c55c2a7de1HB_0tu5FVVQ,7VCnxXa7uQbXW-F1PIsks7NIjWANbhmWU0Kl-9-LBgNv77lVvTy2s0WxeW-26aBNSU5paqO-uh4uJUUK63YW08vgEk-ayxOKeJOa-X7_Y8a2C0nZS64iCXk2SYLY7vVRr6cIoqsAssU~,615594290,1yGQl9q2wIO.search.47,,,,滨江区,长河,120.215782,30.19455,否,否,否,否,否,否,,否
PHP&GO全栈开发工程师,18-22K,5-10年,大专,杭州,5-10年|大专,PHP|Golang|Laravel/Yii/ThinkPHP|全栈工程师,0,杭州大步向前,互联网,20-99人,未融资,35d5e6326cece39f1Hx62tW6ElU~,孙女士,人事专员,否,3,c604a28baaea02a90nV_3tS6GVZQ,06173cd97eb1f86203F-29-_EVBQ,te7UexoFsV0jT-w1vWi20h2Wkus68JcZL0TyAl2YIdKluq7BVU5_jj74l2LXLx0Lj6SDYBK5yukoSYQJmj3VS22f7YwFZIC4w6AKrDKtBnC0FV5XDGw4v9YxffeUnonl0-MueZIluzwVcg~~,615594290,1yGQl9q2wIO.search.48,底薪加提成,,,滨江区,西兴,120.222563,30.180827,否,否,否,否,否,否,,否
全栈开发工程师,10-15K,3-5年,本科,杭州,3-5年|本科,,0,浙江清大科技有限公司,互联网,100-499人,未融资,56f90a3443c753f81XR439q0Fg~~,侯女士,人事经理,否,3,e3cbc2bc1a60959d1X1429i8GVo~,42bf28ff43a21efe03F83964GVVW,iqNaUZm5_oyfG-T1Wc8ecmaeUC4w0IGSdDjtLSFxDZgCkYX_ZLxmubyT6rrxMhYbrHvja7oesq7K1mCGspnNAg41A2CfklGO9M3p1nx0j_gn6R_jaYMMdF-PwGyWSI2DnfC9tQLaVOM~,615594290,1yGQl9q2wIO.search.49,年终奖|全勤奖|交通补助|五险|生日福利|节日福利|带薪年假,,,西湖区,西溪,120.064595,30.312036,否,否,否,否,否,否,,否
全栈开发（remote）,30-40K,1-3年,本科,杭州,1-3年|本科,TypeScript|全栈无侧重|React|英语读写能力良好|Python,0,某计算机软件公司,计算机软件,20-99人,A轮,,程女士,猎头顾问,是,3,cf1226082c7aa39d0X1409i0E1E~,cde605b64570683e03B90tW1FlpV,thxr32HVbnTYE-K1gLK8cX54mCM0P3Dp_dqe2zNVZe85p7R8Oy97e26Zi4CSnHZUdaB7mnRlaNxfIkF_CBzJLYUxptyKKyi5NnVgThxE3zF5HF6y65RyNvrwQiyDKko9qVz7Hbmd7SDD3AUZ8fArxT3fveq_Q16kyT5XclVThGpR_Ozb,615594290,1yGQl9q2wIO.search.50,补充医疗保险|住房补贴|绩效奖金|意外险|带薪年假|定期体检|股票期权|五险一金|团建聚餐|员工旅游|零食下午茶,,,,,120.073956,30.290867,是,否,否,是,否,否,,否
全栈开发工程师,10-15K,3-5年,本科,杭州,3-5年|本科,Java|大数据经验|团队管理经验|MySQL|搜索/推荐/广告经验|云计算经验|架构设计经验|Spring|Python,0,天芷,互联网,20-99人,不需要融资,9d0fb5f88ec1587d1HZ43d60FVc~,许女士,ceo,否,3,13938a3c2aa33c941HV42ti0FFY~,9272c6ca370d651503B_09q6EVRW,xlT0Ff-QmsiPl-q141Hy5FRPLKejNHN5uvacQLMrE-w84dv6g0sKUs-3hKHSmogJAYYSIzIehUPeey4Ic9GZIvbZiVNp-cg2WseikETXo-GgR5acUW9PofVGAPHLhTWTVvRDlrX3yclE,615594290,1yGQl9q2wIO.search.51,保底工资|零食下午茶|带薪年假|年终奖|底薪加提成|团建聚餐|绩效奖金|五险一金,,,余杭区,勾庄,120.115133,30.369061,否,否,否,否,否,否,,否
fullter工程师（java必须）喜欢技术 全栈,5-10K·13薪,经验不限,学历不限,杭州,经验不限|学历不限,,0,杭州兮极科技有限公司,计算机软件,0-20人,,9a06850c68d45f191XN62d2_EVA~,顾先生,HR,否,3,9bbfc377294e45880n1_3d20F1pX,a3b28879779baae103Z429S4FlJZ,xo9H5L9q4krYs-S10diHT5h6UkCLzQeH4rx4xqXjk6w_pYRfjkFIvWMsEbUno-Pgo2KKNjOybzh09Ry0Oba4pqo90ee1X3IQiH4X0npKBOMf3SbZ1Tx0mZpFNF_Py4aVJ4aHDQwS_tKKfw~~,615594290,1yGQl9q2wIO.search.52,,,,滨江区,长河,120.229127,30.215823,否,否,否,否,否,否,,否
【急聘P6-P7】Agent全栈开发工程师-杭州,35-65K,3-5年,本科,杭州,3-5年|本科,Java|Spring|MongoDB|MySQL|不接受居家办公|推理引擎开发|ai工程|大模型工程开发|ai研发,0,阿里巴巴集团,互联网,10000人以上,已上市,5d627415a46b4a750nJ9,张亭亭,招聘专员,否,3,a98174c09a9d38360Xx52d61F1A~,91fd22c42d4972f103F739u7EFRR,lpICBafs6xHm1-l1ergWHevpkCwSZ0uMJ1Cw7A1TcTgiw-iBKbea0qnDooa7n7t0B0e-V1gwDrm5vwaYnfNn_M2QcL2lZSl8xSAK0tPj-6aOl7ctvAXg5HW81WJarTHdP2oVlw~~,615594290,1yGQl9q2wIO.search.53,零食下午茶|员工旅游|五险一金|补充医疗保险|节日福利|年终奖|免费班车|股票期权|交通补助|餐补,,,余杭区,仓前,120.023164,30.28337,否,否,否,否,否,否,,否
App全栈开发工程师（Uniapp+PHP方向）,15-30K,3-5年,大专,杭州,3-5年|大专,,0,杭州久良公司,服装/纺织,100-499人,不需要融资,64903c86a20326ec1X1z3tW_ElY~,周女士,负责人,否,3,04a46cd517c6d5410nB92d60FVpZ,aeae4afd62255cfe03dz0t2_F1BT,A4dF1hPhT9SKi-K1TThHZe64QnJFMYLl9dggVivvatSbLq-bz43qgjHJdbV4iA6J5TyGEzN0HLGUDUx0rySgHw-uwx8mmSS0-QlfW2n1g6pnLaV_K-NHj2O8QVhztkVogs1h0y7AWDZmVg~~,615594290,1yGQl9q2wIO.search.54,交通补助|团建聚餐|带薪年假|保底工资|加班补助|企业年金|年终奖|餐补|五险一金|定期体检|免费工装|底薪加提成|绩效奖金,,,滨江区,长河,120.20238,30.152737,否,否,否,否,否,否,,否
蚂蚁集团-前端/全栈开发工程师（AI方向）,30-60K·15薪,经验不限,本科,杭州,经验不限|本科,JavaScript|Node.js|Python|React|计算机/软件工程相关专业|前端开发经验|不接受居家办公|TypeScript|AI|大模型,0,蚂蚁集团,互联网,10000人以上,D轮及以上,4685d74590e9bc881nV43N-4EVo~,金海霞,HR,是,3,2f33fc7b638360b01nV43N24EFpQ,3d5fcedbb915e08a03J42t-9FVpW,3SbxaqXMMdeLC-019ghYudztYaIzv67s8iv6mSEMsjDz95kVBQAw2n3miQcLYr_jDyg5c0rGAR3HdcHZRwOdFJ3HZenndTHvBF-9j4nUV-t__P2WGFqNpPZN5sI_P8p0vSbvf_-MepUto0zNSHtLOL8jSCk4k4flaijKSz8SlxeGTC8uGQ~~,615594290,1yGQl9q2wIO.search.55,带薪年假|交通补助|免费班车|加班补助|包吃|住房补贴|员工旅游|股票期权|零食下午茶|通讯补贴|五险一金|全勤奖|定期体检|餐补|节日福利|年终奖,,,西湖区,西湖,120.104735,30.261121,否,否,否,否,否,否,,否
全栈开发工程师,15-26K,3-5年,本科,杭州,3-5年|本科,,0,闪铸三维,仪器仪表,500-999人,不需要融资,9bb79c81235bbd561XJ_3tW8Fg~~,沈红利,HR,否,3,4a7ab875e02095030Hdz3NS8FFo~,0ebb16d729ef6aff03By09u8FVpQ,outi3tK0tlfCX-11RxPtXHkgbkuGBTATT03alASOCZj9f5P6IVJryITpJD2KjHynxcaVIQJFQ5SE49xgz3B4ZbkEIkUAzWgJYojgaISs3wTC9-7FE4-VywE_d6d94nuJIbhv4UAag44~,615594290,1yGQl9q2wIO.search.56,全勤奖|股票期权|五险一金|员工旅游|节日福利|生日福利|带薪年假|定期体检|年终奖,,,西湖区,西溪,120.125729,30.282859,否,否,否,否,否,否,,否
中级全栈开发,15-20K,1-3年,本科,杭州,1-3年|本科,TypeScript|CSS|后端开发经验|全栈侧重后端|全栈无侧重|全栈侧重前端|HTML|React|前端开发经验|英语读写能力良好|全栈项目经验,0,长治启源绿电新能源,互联网,0-20人,,bc85fabc4a863ef91Hxy2Ni-GVc~,常家棋,前端工程师,否,3,e525b87bdc8425c00XNy0tS4GVVU,11588129709bf68903J_396_EltY,t7KQWDOni6ZtO-H1SV59wau3QvjLJLTeYHkTNZMdeV5MjtoFGlR5U-Dz2LSfIzLsIfBAePcMDONvBcPhlsAccmkU-_dnbiUWpX8RSw0150CrqZC0HxIx-CXh-6xxD32E6CP7cfN8mr4aAw~~,615594290,1yGQl9q2wIO.search.57,,,,钱塘区,工业园南,120.37237,30.303469,否,否,否,否,否,否,,否
全栈开发工程师-杭州,12-13K·13薪,5-10年,学历不限,杭州,5-10年|学历不限,Java|SpringCloud|MySQL|vue|Spring,0,中科朗智,计算机软件,100-499人,天使轮,fcea98a5ffc7e3a70Hd-2dW1Fw~~,艾成松,技术组长,否,3,e2f0afe7bb6a12a91HZ72d27FFE~,d806fa953b71497303V829m-F1JQ,vt82swY676eEd-c1ZJfAfzof-ej3VGYGU7tt9FIa3uYx9qoqP-WSTUdszYd9390nVGKADIBezigySELkNLNGXSAeyjBMMCEBnxcRjppAHwWgX9Q2liy32PGUwx3XTcFn1UN5EYGvM2U~,615594290,1yGQl9q2wIO.search.58,节日福利|带薪年假|定期体检|五险一金,,,拱墅区,上塘,120.183075,30.31441,否,否,否,否,否,否,,否
全栈工程师,25-30K,3-5年,本科,杭州,3-5年|本科,全栈无侧重|全栈侧重后端|全栈侧重前端|JavaScript|Java|Python|Node.js|计算机相关专业|全栈项目经验|前端开发经验|后端开发经验|英语读写能力良好,0,某小型人工智能公司,人工智能,0-20人,天使轮,,王先生,猎头顾问,否,3,12d93f5d9f55f05b0XRy2dW4GFJT,688abbe65de3ce7e03d-2dy9FlZT,tARSCKFP7HpMI-s1kaaqcizrr9fOM1_sZLUjqnCKPeZRJm65MCLUamzH6boKll1ySazPme-wLpdCGgdkx3aU1MDH3mI5mWx7vy90sfGUje51TeckqRCN8wpa_GaS-e8pGhD7xr1j54Twnw~~,615594290,1yGQl9q2wIO.search.59,股票期权|绩效奖金|年终奖|带薪年假|五险一金|保底工资,,,,,120.061159,30.255079,是,否,否,是,否,否,,否
技术合伙人（全栈开发 - 具有AI产品思维）,16-29K,5-10年,本科,杭州,5-10年|本科,Java|Go|分布式技术|React|Python,0,掌柜乐,移动互联网,0-20人,,4731562c6f8311391HVz3tW7F1A~,吴近愚,联合创始人/CMO,否,3,f6008d29954a97800HNy2d-5FlE~,d20490a91a6b542c03J40tq1EVtW,ySZ9zcSTJz2UW-41vJAWqMaQMvyDbDEOSE0EzmcgsBg0M1l-s8Ho8x4NWs6rAv8om964DkKdINu1RkRoYaDTvsivJOc2r6PKntrB2ve3IGXR3tAALAUH94VJ773isduWY0HktPtaNO2g,615594290,1yGQl9q2wIO.search.60,保底工资|零食下午茶|有无线网|通讯补贴|五险一金,,,富阳区,富春,119.91572,30.064178,否,否,否,否,否,否,,否
全栈开发工程师,15-25K,5-10年,本科,杭州,5-10年|本科,Java|C/C++|JavaScript|Vue|全栈侧重前端|MySQL/Redis/MongoDB|计算机相关专业|React|Python|全栈项目经验,0,颜云科技,大数据,0-20人,,cc55e050114780a93nZy2di8Fg~~,杨先生,总监,是,3,6d1855aa65244d3a0nZ929S9EldY,4946cdb6c5c83b7b03J729y5E1VX,1nNlv3gIX9OXo-x1eDxPPKKB6KrKcEdr9epqjoPHMuZGI6f0makjxv7Abp6v8eq86UuC-ki-lf5rI1mjvTfYylIH7ro2QJjoTNEEQglPvl06Y9EDhA7XhjAguQOKUkoQFszuCSdITtwG67voKrf7chv-aKI-uL51riLyagMuoFhu1LP5,615594290,1yGQl9q2wIO.search.61,五险一金,,,拱墅区,拱宸桥,120.146477,30.308289,否,否,否,否,否,否,,否
全栈开发工程师,8-13K,1-3年,大专,杭州,1-3年|大专,Java|Vue|JavaScript|HTML|计算机相关专业|全栈项目经验,0,数造云,计算机软件,0-20人,天使轮,f6eae5b7cb899fc31nB83tm_EFQ~,臧文平,招聘者,否,3,0d055280287f0c8903B63tu4FVQ~,37f67a29f12d196a1Hdz3t25GVVY,TiOr156klFh6s-A1Z0WMaXd6M4K8x8mi8UiVIp_rShoYSwSvcwLpUxvIcFPIpDaDGga8qsOLmrJ2eyaCrPk5bsCCegG5iztE50e5SYc8nVFPzphWn8cZblf8KsimRSS5d_bM7NKAEBJw,615594290,1yGQl9q2wIO.search.62,,,,钱塘区,白杨,120.373265,30.307982,否,否,否,否,否,否,,否
全栈开发工程师,30-60K·15薪,1-3年,本科,杭州,1-3年|本科,,0,某大型互联网公司,互联网,100-499人,未融资,,冯先生,猎头顾问,否,3,87c54bb78d2923570nR_3Ny1E1BT,5213baf23ea92c7703Fz3Ni4F1JZ,mUMilcJE8w-f5-K1lThVm2FiDHPujUH_KH00qm9qvvSHwKNpzyc87iGCImo4i4_egWmFtlsKsmtRso8g4d9obUb0btNsFfPWpOF1vObejwV-mVID19jDNmZ7kiwMzmcYOsxE9_E7pZPDdg~~,615594290,1yGQl9q2wIO.search.63,餐补|五险一金|团建聚餐|节日福利|交通补助|零食下午茶|住房补贴|定期体检|带薪年假|生日福利,,,,,120.173869,30.27375,是,否,否,是,否,否,,否
AI全栈开发工程师,12-20K,3-5年,本科,杭州,3-5年|本科,golang|大模型算法|自然语言处理算法|多模态算法|算法工程化经验|其他|MATLAB|优秀开源项目经历|SQL|C/C++|go语言|SLAM算法|Python,0,浙江湃启科技有限公司,人工智能,20-99人,天使轮,6b8af1e0a48236b803V939u7GVI~,张超颖,人力资源专家,否,3,c9ef8960e4dfb1b21nV80tq4GFQ~,7e2d95f912f6031b03F82t69GVZU,UtwMNRzkCyZT4-E1jvCRL8e0Lq9xtrskgF88DQ-snfbI-lqtOemOWG04qOIrQQmbO9j1-vh0qGZ0OifrpWc6tD--8B-8jocWvlUIcIFdfJQrKkasAtjw4J2QUORZM_-D3LSHEO0z_wgK,615594290,1yGQl9q2wIO.search.64,年终奖|团建聚餐|高温补贴|绩效奖金|带薪年假|股票期权|生日福利|节日福利|五险一金,,,上城区,凤起东路,120.232607,30.266681,否,否,否,否,否,否,,否
高级全栈工程师,8-9K,1-3年,本科,杭州,1-3年|本科,全栈无侧重|JavaScript|HTML|Vue|Java|Node.js|Spring/Spring Boot|计算机相关专业|全栈项目经验,0,天赐宏业,计算机软件,0-20人,,9a20eb4cbec08b761nx62Ny5Flc~,孙怀海,技术经理,否,3,7bdcfa802df29e171HJz2du1FFI~,cb7ffc740abb2d1f1HF42tq4ElpV,nySYSe4veS2eR-R1pzwBavoAtjrpqsEnuxTYM_NdZrS6-u7d4nWfklclv4koIDofrIuzqCmDPK6QCAemOrHKVYeDwQ5GZMDyEM-A648CfhtPJ58KhhO5UbBZ1Wf7M4XZVjGL2rXhQlq2,615594290,1yGQl9q2wIO.search.65,,,,拱墅区,湖墅南路,120.157956,30.296096,否,否,否,否,否,否,,否
AI全栈研发工程师（杭州）,20-25K,1-3年,本科,杭州,1-3年|本科,Node.js|AI与工程,0,晓多科技,企业服务,500-999人,D轮及以上,7a6c3a5ab18fb8f81HZ729-6FA~~,向先生,技术总监,是,3,d6ecfad4ade1c38c0XV93t-8FFJY,4c1a1b77abd9c22a03Z62Nm7GVVY,T3Rl2hMhu6VXQ-Y1P6VZNxInU6cUPDrhOqPXo5EcZ2ORqV_X5XqspsToIvvULFtS7Qhct1-FD2vdoF7yHk3r5sMU3QXoupGSeZGkBDTw_VWZRtMLDBY0I22ETnQ_GYQHzzg8bCrc9F4Ek34fdzcx4cVf-Z3s52ocePqxiFv5EWplr5s9,615594290,1yGQl9q2wIO.search.66,绩效奖金|补充医疗保险|团建聚餐|员工旅游|年终奖|生日福利|股票期权|节日福利|定期体检|五险一金|带薪年假,,,萧山区,西兴,120.264771,30.221386,否,否,否,否,否,否,,否
初中级nodejs全栈,8-13K,1-3年,学历不限,杭州,1-3年|学历不限,全栈无侧重|JavaScript|HTML|CSS|Vue|Node.js|前端开发经验|后端开发经验,0,杭州冰虎,计算机软件,0-20人,,f64b63a6d559f3b41nN82tS4F1Y~,夏钧,cto,否,3,a2ea1e0db97322091HJ42tW1E1E~,c00d61e75088ef0803J-29W_FlVY,R51TLwz7HjlrC-z1AO_V1za0jYUzmXLls5o2cb454GmXYC4vPEs9Pl-JIl10y93kKQoxnjPL1NoKEaoN1_36XLanhfao9j25U-QGV2Ue6a0mZ7ZJHjIothARGSuiVIA_CnyDgTkIbrs3,615594290,1yGQl9q2wIO.search.67,,,,余杭区,勾庄,120.12439729178854,30.344877123925773,否,否,否,否,否,否,,否
java高级开发工程师（偏全栈）,20-40K,3-5年,本科,杭州,3-5年|本科,,0,杭州新纵横物流科技,计算机软件,0-20人,未融资,b05a76d7090cadb11Hx429q1GFI~,郑芹芳,招聘者,否,3,1fe9fb997259dbb30HZ52ty_GFFX,b5e4cb70377e519203J829S_GVtY,novw9BOaqZ0jJ-31K1PshKlld27_1XbsYKPPRsxFw967HiY41Sqt75-YTF8xFEzHydIcjfa2h_1IRdzR1UQB2YS02hrnRqtfU0dOKribRPdj8ya2ozbElAzpshVAHXT4n1haBR0-bXlbNw~~,615594290,1yGQl9q2wIO.search.68,有无线网|加班补助|保底工资|年终奖|五险一金|法定节假日三薪|绩效奖金|节假日加班费|带薪年假|零食下午茶,,,拱墅区,西湖,120.165698,30.272544,否,否,否,否,否,否,,否
全栈开发,10-15K·20薪,在校/应届,学历不限,杭州,在校/应届|学历不限,Java|JavaScript|SQL|HTML|CSS|Python|Spring|分布式技术,5,多泰科技,医疗健康,20-99人,不需要融资,2e0f42824fca293f1XV_09S1Fg~~,王国胜,HR,否,3,e82fbb01f6c9ba751HZ529S1GVI~,a123082de702f0240HRz3N2-GFM~,KrW5pPh7yrWVq-f1kCoODMoYsvLrrkRlrJUfWcA7nuhATONTpDl6-0sUQSSy5NQ4pmTL7iaFykzAPiM2jo1oEiAbFfAxZyqQd70-98r4YcIMdAdJEDfq1XV1yvP1Z2aYz_uRIU0KCA~~,615594290,1yGQl9q2wIO.search.69,五险一金|股票期权|零食下午茶|投资计划|定期全员涨薪|节日福利|员工旅游|餐补|年终奖|包吃|定期体检,,,上城区,火车东站,120.2043,30.2865,否,否,否,否,否,否,,否
全栈开发工程师,13-18K,3-5年,本科,杭州,3-5年|本科,Java|MySQL|vue|Spring,0,慧博云通,计算机软件,10000人以上,已上市,79c5fb1547ee2c221HZz098~,吴汉,招聘经理,否,3,589095ab30bdcaa40Xdy2d2-F1NZ,976895b3d3c849d503J52d-4FlNV,9ntGoU5HXsUmI-21Dj3czGkzcfbUsqaP-KkTfGdhe1ejuBOqg2wqm9kmHyi2uNr938pzmE4V-jjV3z2Hbyv62kZfqzho6mYTBJZJgX7GK3rillfaNW6CyTFOtglSTWtWw6esCWCEjw~~,615594290,1yGQl9q2wIO.search.70,带薪年假|加班补助|股票期权|五险一金|定期体检|节日福利|补充医疗保险|年终奖,,,萧山区,西兴,120.249081,30.242027,否,否,否,否,否,否,,否
高级全栈开发工程师,13-15K,3-5年,本科,杭州,3-5年|本科,CSS|混合app开发经验|Web前端|JavaScript|HTML5|后端|计算机/软件工程相关专业|前端开发经验|混合app,0,掌银物联网,计算机软件,0-20人,,22865d62891f1c991HF939S4FVA~,杨美忠,CTO,否,3,109bc62c9c07c9031nJ729-7GA~~,cf25b73c186aad261HNy0960GVRY,-efCMAJi5g_mC-z1kUEIQ3thnzBxShJCjuvH9CXa2eULrptOGePC4rdIviaX1Lm3FcPxxZEEBJt8WhmACvnetoXPMGc1vFyIJhM2LcFeLxj8FcDk-UsoSrWo1OyThsffl6zkLa8K_SY~,615594290,1yGQl9q2wIO.search.71,,,,西湖区,西溪,120.075561,30.291015,否,否,否,否,否,否,,否
全栈开发,1000-20000元/月,经验不限,学历不限,杭州,经验不限|学历不限,全栈无侧重|Vue|HTML|Java|全栈项目经验,6,迈宁科技有限公司,互联网,0-20人,A轮,810dcefcbf6dfd851XV539u1FVM~,徐阳,总经理,否,3,523d1cac7ad5a8910XB60tW7FFc~,e9412a4c71bd83b01HF82tm0FlBQ,VYYrGtKanV53w-g1OYT_4Ni4eyNvZKDtKe67BP7btVnfOc2pi4oyizQOPPkz5jT2RSdvYdosD_g4NuB8z8HZUXHHQ_szSTftu8mXrRj0WWgVmqyfBSaFYBwUvP7qocWi3u-o7xy4lcMi,615594290,1yGQl9q2wIO.search.72,带薪年假|年终奖|底薪加提成|有无线网|保底工资|股票期权|零食下午茶|团建聚餐|节日福利|绩效奖金|五险一金,,,余杭区,仓前,120.015035,30.284627,否,否,否,否,否,否,,否
全栈工程师,10-15K,经验不限,本科,杭州,经验不限|本科,,0,时光堂,广播/影视,0-20人,未融资,3b03208074bc160233d52NS7Fw~~,方朝元,总监,否,3,90ab5465c2f8440d1XV439u7E1s~,ef1dd815ff951c6d03d53d67F1dR,oTg97ibKj5R47-f1mgiW-vifqRGM3wiaJhdXlHwfwHL_-FJJdA5Rrxtu8ZEyON53LcJLLaf00FAOuPKjy8ReGHA0RfdYPL6ekTR4JMIuMh8hjg9zpHn3uqREzk2FUF3KytmkJd5ag14~,615594290,1yGQl9q2wIO.search.73,五险一金|通讯补贴|年终奖|餐补|员工旅游|节日福利|零食下午茶,,,滨江区,长河,120.204317,30.171375,否,否,否,否,否,否,,否
Java 开发实习 全栈,150-250元/天,,本科,杭州,4天/周|6个月|本科,Java|Python|Spring|MySQL|架构设计经验|提供转正机会|提供实习证明|GIT|Linux|MySQL|HTML|软件工程师|SpringBoot,4,盘陀,电子商务,0-20人,不需要融资,4e95802cddb521c503F62t-6Eg~~,郭丹,招聘者,否,3,6c2ece8c9affb0020Xd729-4EFA~,d85d1ea13b2dd9f51nB_3t66FVBT,8z1sDpjnaz44B-11uZMx5pIKtntwJW-YNyVwieW9yYOk9gdTv6wSRN1iC9vx0EuBn3IcJvRcVnGec2oX3NpIcaDpBWoLg6X7gGjJ-wIBzn_ZW1UV2ClXaszaB0ms8WJdbihmkFVe9R0~,615594290,1yGQl9q2wIO.search.74,五险一金|年终奖|绩效奖金|保底工资,4天/周,6个月,滨江区,浦沿,120.157782,30.179046,否,否,否,否,否,否,,否
高级全栈开发工程师,300-450元/天,5-10年,本科,杭州,5-10年|本科,Golang|Java|JavaScript|Vue|开发数字人有丰富经验|全栈无侧重|Python|全栈项目经验,6,励得科技,电子商务,0-20人,未融资,2c00be830b75e40003Z90t-4FQ~~,陆先生,总经理,否,3,11441e2adf1673c10XN62dS8EA~~,134861a4c1cf3efa1H163d67FlRQ,vt3CG2kfHOP1k-E1ZqcABlsA_BKM8_4S53mJrYD1uJu6fORqutvs3UANaZZz08M53xKHQx-YcHHJItCM7yuRMJfMRJJ0Wmg6verfihIQ78gYX2Ec_t0EQoaNdrXlCneha70CsdxvTQ~~,615594290,1yGQl9q2wIO.search.75,五险一金|全勤奖|员工旅游|节日福利,,,钱塘区,工业园南,120.33174,30.304771,否,否,否,否,否,否,,否
全栈开发工程师,12-20K,5-10年,本科,杭州,5-10年|本科,Java|vue|风控/安全策略经验|计算机相关专业,0,邦睿科技,计算机软件,100-499人,C轮,d60714737419403d1nZ52Nq1E1U~,翟女士,人事HR,否,3,a8d6693f7d6559ef0nB_3NW7EFFW,3e7be61dceac8bdf1HB-3tm9FlRW,LGa1kTmM0EMNW-d1yUXhQhmrJ_Hkc3_F57cfLSunSRaaNVw7ma3VvF9NznTChbezF4ULnF_IEdbviW9Db8ZDsTecboU7fHmX4mPUl8COX6E78hsSogso7MtvbsQ1JYXn9VXNyKdeIpTCBQ~~,615594290,1yGQl9q2wIO.search.76,五险一金|绩效奖金|加班补助|高温补贴|年终奖|住房补贴|通讯补贴|交通补助|生日福利|定期体检|带薪年假|团建聚餐|节日福利|零食下午茶,,,,,120.207139,30.258305,否,否,否,否,否,否,,否
java全栈开发工程师,11-18K,1-3年,本科,杭州,1-3年|本科,Java|不接受居家办公|微服务经验|SpringCloud|MySQL|Kafka|react|Spark|Python,0,银信科技,计算机软件,1000-9999人,已上市,8b7a3b8b3703e5761XR50t-0,罗女士,招聘组经理,否,3,7f44b9dfe3534c710Xdy2NS9FVA~,68d8b8dadd462b5e03F92N--ElRQ,kjqXLnjMp9reB-e1_LqL_DKNQg_tQQG_seVPMmSHVtiBhu6N_Sf5LhBEmWtoOQ4ITLWkWIC5qPXUQ1xK-IRA-bEDZylBacsf8snN5MhrDz78nRQDEwVUoqQ_nMme-NJllBGcYkEQVw~~,615594290,1yGQl9q2wIO.search.77,五险一金|带薪年假|定期体检|员工旅游|通讯补贴|年终奖|零食下午茶|补充医疗保险|节日福利|餐补,,,滨江区,浦沿,120.172509,30.186074,否,否,否,否,否,否,,否
全栈开发工程师,10-15K,3-5年,本科,杭州,3-5年|本科,Java|后端开发经验|Vue|antdisgn|前端开发经验|全栈项目经验,0,陌远科技,互联网,100-499人,A轮,cd4af9862f0d144f1n1_2Nq5,彭女士,HRM,否,3,5a6dd5dff468e3fc1HJ-0tS4FA~~,c87afeb621afb3601Hx53dW4FFJS,C0uhHNiXn2jhO-L1_-t_mJpvopMw0l4jv13oXTzxEtTFhxQIx2VBxfLTbhxXvU8VGoDFht1Wp7HsF2jiW03BWAiotSG1aJ7oz6Fb6DK3B_m6Pu3IiAWu0NGAoLCxhPhCFBKT8DFC,615594290,1yGQl9q2wIO.search.78,定期体检|带薪年假|五险一金|零食下午茶|节日福利|年终奖|股票期权|生日福利|夜班补助|团建聚餐|绩效奖金,,,拱墅区,申花,120.115093,30.312093,否,否,否,否,否,否,,否
全栈开发工程师,8-10K,1-3年,本科,杭州,1-3年|本科,,0,浙江海根,装卸搬运和仓储业,500-999人,,1f3c3ef065ed30a61HBz3Nu8Fls~,张先生,人事主管,否,3,fd8e92457e7364ee0Xd40tW1GVpV,6ece67e9740247f203F_3Nq7FlpV,Fd4uD5yzy7CEK-G1HQvwFa8_QLx-nEWwqAvLIkDCKwi4Zh3M3HLmrn9lH5XZFdQOA_V35lbNYWGuUFDpAVNHaKraYaPgp7dNYQshPfGGKtBaeE_JlXCZ2bhG8WdVQeDkfoU7nRolpKqYew~~,615594290,1yGQl9q2wIO.search.79,,,,余杭区,仓前,120.029813,30.293169,否,否,否,否,否,否,,否
python全栈开发工程师,10-15K,3-5年,学历不限,杭州,3-5年|学历不限,Python|Java|PyTorch|MySQL|架构设计经验|爬虫经验|量化交易开发经验|AI,0,七华软件,计算机软件,0-20人,天使轮,dca450414f397b001XNz092_EFc~,袁先生,招聘者,否,3,e4d16b4c0b2eccd61Xxy2d2_E1o~,d1c5559599628fc71Hd909-4FFBS,CN1zcnaj9fe4R-p1rFUO5chu15NZ4qGCLr7KniwpdzMv-CxzH-cpPaFNgPvSLLmYvOtJlGDVF9oxK6B2QloNK02M1uQEjWAhbwheKR6_MDOU_eGVj6a1zuc0e6jUcBIVRHrGsCpl8liD,615594290,1yGQl9q2wIO.search.80,股票期权|五险一金,,,滨江区,长河,120.215341,30.219642,否,否,否,否,否,否,,否
全栈开发,25-40K·13薪,经验不限,本科,杭州,经验不限|本科,JavaScript|TypeScript|React|Java,0,智买人工智能,计算机服务,20-99人,天使轮,4aa0737874dc6c2c1HVy2dW-F1M~,周遥,人事部HR,否,3,04ac5aba0c9550f20HJ83dS_FlY~,44edbaecbd1f315303Z43927FlVR,_WZZUqlDYFx9n-T1-me7fC6Gs2_RgfBM7MPAN3no-Qj18qGsbZeNlOnL0MLuKISDDIfGZP-y2qxRjfbLutCypUOuGISE7JmOoyBpxgRJdoicD2IIWJrm_QnQzbu458btTg3lfF5Pckpq,615594290,1yGQl9q2wIO.search.81,员工旅游|团建聚餐|定期体检|年终奖|零食下午茶|节日福利|带薪年假|五险一金,,,萧山区,西兴,120.239876,30.239141,否,否,否,否,否,否,,否
高级全栈开发工程师,18-25K,5-10年,本科,杭州,5-10年|本科,TypeScript|C/C++|CSS|全栈侧重后端|Vue|.NET|HTML|计算机相关专业|React|Python|全栈项目经验,0,疆智科技,企业服务,0-20人,,fae65f2423c5decb1Hx42t66GVY~,张志亮,总监,否,3,ad45a6bcb488052d0nR83ty9EVBQ,fb2ea5dd823b3fcb1H1z29W5E1VW,nmlY7xJTQ1gRn-S10LDKuiFKQNc1iHIK-s80Kgyu59ukrrawymNWXLhP7529NNtIE-wdUzKYabmu86oqaSj-56guedO9LmB_VHY3KMKD-XEO7jyVw-WvnUZSQZx9SatsZ8lVYLDEE5irRA~~,615594290,1yGQl9q2wIO.search.82,,,,滨江区,长河,120.231652,30.205587,否,否,否,否,否,否,,否
全栈开发工程师,10-15K,3-5年,本科,杭州,3-5年|本科,Java|不接受居家办公|MySQL|Spring,0,浙江谦卦,信息安全,20-99人,不需要融资,1ea9f96ce425763c0nB63dS8FA~~,陈美,人事,否,3,7585ddcf22b19ded03d53Nu4GFo~,f6e902e6216d9b6b03F829m1EVFU,jBo9UzaywSzZo--1cm0M4iHFMYU09M8-GpFfGYwRZV4PpXcNTnzfopbZqwIKme4NsCqZ4wuxLZiIatdvP27d9Y42AR6J3LxUUC9eHg7NGmurfdPWoZGX7eKaXuq9fPelVm61soPLOCM~,615594290,1yGQl9q2wIO.search.83,高温补贴|员工旅游|通讯补贴|团建聚餐|生日福利|带薪年假|年终奖|节日福利|五险一金,,,滨江区,长河,120.195568,30.198899,否,否,否,否,否,否,,否
RPA开发工程师,4-8K,1年以内,本科,杭州,1年以内|本科,Python|游戏引擎|后端开发|全栈开发|软件工程师|SQL Server,0,数字力量,计算机软件,20-99人,A轮,4a7d9a13655f02ba33Ry29y1Fw~~,龚燕玲,创始人,否,3,470785da42c6ca070XB93Nq9E1Q~,2df9ebdd7616969a1nN_3NS5E1NW,UAj2efF06KUFk-n1DVComhEIN6jBFdPcYBgKf2-R-JKTqz5Okxg_H7Y-XnKqZkX73dfQW1CUMdkEd4G0J46J4MEjX3Ey76u4V19pwhGycgxlX8UkOihSPyj3ta5tpxFHnxJEwFeAVeE~,615594290,1yGQl9q2wIO.search.84,住房补贴|交通补助|底薪加提成|绩效奖金|加班补助|节日福利|五险一金|带薪年假|股票期权|保底工资|餐补|年终奖,,,余杭区,五常,120.02424,30.289544,否,否,否,否,否,否,,否
Php+Vue+Uniapp全栈开发,230-400元/天,1-3年,本科,杭州,1-3年|本科,PHP开发经验,6,大渡口区甯沁百货店,批发/零售,0-20人,,8a894f87159a7e1303Zy09W4FVc~,董先生,人事HRBP,否,3,8958bde4edc3dbd503x839m-EFE~,7fb9c9755696547a1Hxy09q5F1RT,pQHzPbAPIwU8x--1NL66z3-CYHvKNf-LOugcpxg9S6JU6i_oJMGx7fDbjeTxf5rzf1nnyW4qPKAqyPblGjg1uATaq9TbZTZ-PEC6TuBI3xoPxHJPbXlMvvSv7qGeJ3MZq8KBQ7gP5Icj,615594290,1yGQl9q2wIO.search.85,,,,滨江区,长河,120.203853,30.200758,否,否,否,否,否,否,,否
全栈开发工程师,15-30K·13薪,1-3年,本科,杭州,1-3年|本科,全栈无侧重|Vue|Python|全栈项目经验|计算机相关专业|GPU,0,咸临科技,计算机软件,20-99人,不需要融资,5e45491f70fbd4381XRz3Ny5F1M~,汪女士,人事,否,3,a7f5adf082ba9fd00XZ43Nm_ElRZ,befcb918571b1f4603By39W5E1RY,g0oUZhOk7h9Dx-S1i2zkb978omeGHPF2evPA0rwLphWHh0hBKUVJngRw2vLZGg0nYA-oFpbqGQnor3rJgVLx7s5JkgdcaK1letjf6c5C-hc-0J5hwT0cBJAt4NfmEQj_W6zbHzHA6B9-8w~~,615594290,1yGQl9q2wIO.search.86,定期体检|年终奖|五险一金|节日福利|带薪年假|餐补|全勤奖,,,余杭区,西溪,120.035331,30.250007,否,否,否,否,否,否,,否
Web应用全栈开发工程师,16-25K,1-3年,本科,杭州,1-3年|本科,Golang|后端开发经验|JavaScript|Vue|全栈无侧重|Node.js|计算机相关专业|前端开发经验|英语读写能力良好|全栈项目经验,0,光年智芯,智能硬件/消费电子,0-20人,,6915de740785e35c03Zz3dS5GVE~,马先生,总经理,否,3,7f0d8c10d72863c60XV73Ny_FlpV,21454edad3c36bef03J53Ni-FlRS,QiJZgL-NGkkdk-x1H42_4b2TT9dusDVt4y9s1HNDQPFWDcOttO2w5kxmCzx-0tC7-KRNCBBj2GMryLrcqWnoDr5F2YwMGnGm8JxgnUw86cmha1ENkOulL9w11YWt5o_TkOch5dnYuJ5SxQ~~,615594290,1yGQl9q2wIO.search.87,,,,余杭区,仓前,120.0053601033994,30.29330405226862,否,否,否,否,否,否,,否
全栈工程师,10-12K,5-10年,本科,杭州,5-10年|本科,全栈无侧重|Vue|Java|Spring/Spring Boot|全栈项目经验,0,蛟驰科技,计算机软件,20-99人,天使轮,674224b7bdc66f9e1HZ42No~,程先生,副总经理,否,3,1ef16e4e0a12e0aa0XV93Nq8Ew~~,06190aa6b7c6308803Zy39S4E1BW,L1UScRT0dDLXk-Z1oVb_VvFo8yMHbPnSfkL-XNZILTlcFEi487nh6HHyXHAoGog-HTQtmEkCWS3goryPQ4jJp5tMmXaSn-pTUiRX02Ql3ENAiTt4MxpdTf9pjM_tvydAIB2xifo~,615594290,1yGQl9q2wIO.search.88,五险一金|带薪年假,,,西湖区,文三路,120.140454,30.281307,否,否,否,否,否,否,,否
全栈工程师,14-15K,3-5年,本科,杭州,3-5年|本科,全栈开发,0,链合盛,计算机服务,0-20人,,9412bd0516e03ecf1nBz09--GFc~,舒洪韬,经理,否,3,44f614aa622cb0241nB63d29,1158b3d7727edb851XZ739u_FVRY,6I-nZi-KUozGy-m1melNhs_PA1ICG6zuQUhT76Dvn-QRcnh-8Lj48S9hOuOFnFO-YpC1J7JbH6oJwRmEjCyqPhA-pJzlff8aRehi5nB5ahKCd9o0uBNzJziwMrKDJ26jxMrolFoeBw~~,615594290,1yGQl9q2wIO.search.89,,,,滨江区,长河,120.215039,30.179378,否,否,否,否,否,否,,否
全栈开发工程师,8-12K,3-5年,大专,杭州,3-5年|大专,全栈无侧重,0,乾鸿,企业服务,20-99人,不需要融资,6df6121565958b010XV_2t-8Fw~~,徐倩,行政,否,3,c7214135c2dcc9b61XV52d29EFQ~,575f333a6ba15ee403B_2di4GFBV,LThzXhjWO3F10-p1BD0RuPECse-Wm2PZzqv8_PyFAGSywYbtZclY0G52-3wnvy0krKOEULxuFqK0wO0iYmnRaIXIngxa1b1p1RTbwqidqliPejKM2F1_2R5Te0u04twFdigg5QhD3CY~,615594290,1yGQl9q2wIO.search.90,五险一金,,,临平区,临平,120.305685,30.404536,否,否,否,否,否,否,,否
高级全栈开发工程师（AI智能编程助手方向）,15-25K,3-5年,本科,杭州,3-5年|本科,,0,非秦科技,互联网,0-20人,不需要融资,e821623fea49a0380Xxz3ty_EQ~~,周屹,招聘者,否,3,1b469b45dba316140X1_3NS9GVBW,5f9b9f9ee9f9862803d509u-GFZZ,OaWk_sBIAlqr0-H1ocLmz-n3I11eZKaZLzWjyr3KLIfpmwAZ0HaWoBLMwUHViStnFt3fD_DglGznOuAPyspGl0XSI-hJKOS0OXGY35fZ1E9nzCLBO41gia-egpFnGCFA-f8OMmSQ03Ma,615594290,1yGQl9q2wIO.search.91,五险一金|定期体检|餐补|节日福利,,,滨江区,长河,120.147146,30.187676,否,否,否,否,否,否,,否
全栈开发工程师,14-18K·13薪,3-5年,本科,杭州,3-5年|本科,,0,杭州时代银通,计算机软件,500-999人,未融资,96e05cc537f0b0b71nR40tq4,杨敏,HRBP,否,3,6ebe07f2a9f31a9e1nR609m1FVRR,822c98020841525a03J53NW8GFBV,lYJQarGMfNg5l-I1R8vd5gPIom79EILj5ZAo_12rD2k2w5QM_mUImR6c-edZAMFY1Ktq-KUllSC1rno_0JaedezzWvV1flHfCuVfWFOoxlPgInstjo7RlMN-tVT9enm4LjzRoJVrdds~,615594290,1yGQl9q2wIO.search.92,五险一金|定期体检|餐补|零食下午茶|年终奖|带薪年假|员工旅游|生日会|节日福利|团建多多,,,西湖区,文三路,120.134079,30.27665,否,否,否,否,否,否,,否
全栈开发,20-35K·14薪,1-3年,本科,杭州,1-3年|本科,Golang|Golang服务端开发经验|中大型项目开发经验|系统架构设计经验|Kubernetes,0,杭州鼎澜科技,互联网金融,0-20人,未融资,7d2ffbf96493057233x50ti0EQ~~,李珣,策划部组长,否,3,7f9815ebe83d2dfe1nV52tS1FFtR,3cd2f3b42361a1561Xx429i9EVVR,LHXBHWqjPSIhw-R1dkbRlk4mzy8E16wZ0K_5Bh_1_67pzm8Mm2hTJaAACSvNNgn_2tv6wbY2UnWKDJg8n7aD_3fOKfM1YPR9pm_9eVEzci9DXP4zy_d07qFsXWnA8xtvCkZDdMCarCkm,615594290,1yGQl9q2wIO.search.93,交通补助|员工旅游|节日福利|全勤奖|年终奖|股票期权|住房补贴|定期体检|五险一金|加班补助|包吃|零食下午茶|带薪年假,,,滨江区,西兴,120.225775,30.208701,否,否,否,否,否,否,,否
全栈开发工程师,55-80K·16薪,5-10年,本科,杭州,5-10年|本科,全栈侧重后端|Java|Spring/Spring Boot|计算机相关专业|后端开发经验|前端开发经验|C++|全栈开发|DFX架构,0,华为技术有限公司,计算机软件,10000人以上,不需要融资,21124e51a5ea83a80nR80ti8,汪增馨,HR,否,3,32057e7ff85d83721H1729q5E1A~,76d25681d17c1fad1nV43tq9GVtW,nFjiXSI2P7CT9-i1BXc2bOvGQK2tLATp5SziqixXp4c97BcSwEcMpwvDj9z4mCKrE9TFK8887iVll2iVVde9L240rmGlpUz4rec47FNT5YLSQoW4nZSFPR4uHe3aZvLCNj7o4dYnDQ~~,615594290,1yGQl9q2wIO.search.94,补充医疗保险|带薪年假|生日福利|夜班补助|股票期权|节假日加班费|离职补偿|年终奖|员工旅游|零食下午茶|免费班车|五险一金|保底工资|定期体检|绩效奖金|节日福利|团建聚餐|法定节假日三薪|交通补助|加班补助,,,滨江区,长河,120.203909,30.184684,否,否,否,否,否,否,,否
python/uniapp兼职全栈开发,1000-1200元/周,3-5年,大专,杭州,3-5年|大专,Vue|uniapp|全栈无侧重|flask|Python|全栈项目经验,6,上海启之迪计算机...,计算机服务,0-20人,,bedee4c3b79a3fe31HR72926GVc~,张旭,ceo,否,3,182f6d2c88d7e56203J-0927Fw~~,6a48bde9052bdb231HZ829S0EFFT,iABhPc-MjG0tn-N1VbumrSIIMwQZ-uG-OimL5MumkSJrAdtU_8mMYIYhEiRIdPp5uSA0mAxpWFsXf414w_96A7GusCfkvMOAKBr65pQaXT76LztashVM_X697aVab3aRTkjKH_YMmOM~,615594290,1yGQl9q2wIO.search.95,,,,西湖区,西溪,120.069598,30.321982,否,否,否,否,否,否,,否
全栈工程师,20-22K,3-5年,大专,杭州,3-5年|大专,Node.js|JavaDjango|FlaskJavaScript|ReactPython,0,添亿互动,广告/公关/会展,20-99人,,5819f4f720dd14141XF50t28E1s~,程女士,人事行政,否,3,bdef2764642078cb03x82dm5F1s~,bf23970f9a77c8c203J439m_FltT,eMtFn73BTbQPC--1DPDGU5kWzasaSuo04SIp1xmGLuRgAmmxwG0-ND2xcfajEXtbQFtrY0fHfdMFf0apWFTZkwv6eimyPCjrGcusSv30wXmc0_h6mDUci12S7xgRNHDWzsp4cjiVeb-J,615594290,1yGQl9q2wIO.search.96,生日福利|团建聚餐|带薪年假|工龄奖|定期体检|五险一金,,,余杭区,勾庄,120.120104,30.35411,否,否,否,否,否,否,,否
全栈开发,12-18K,1-3年,本科,杭州,1-3年|本科,Java,0,烽景,计算机服务,20-99人,不需要融资,8658ee1c2204c4be1nZ53du9EVA~,王女士,人事,否,3,c8b4a52c2addeba81HB42tW0GVA~,8c1a483934dca25e1nR-09S0GFBY,8iEOJJGrQWHut-G1NTwXmryYRpCMgzFx4WBtx0s2UjmAhA34iVjp2UozSbZP1hOBgww1lBw4xa7EBQK8Veb5nRFjfbbX9RWVlXbP9vM_Z5kefaFsmqwttRGtV2r7XddbDCEiIrIXRL8H,615594290,1yGQl9q2wIO.search.97,餐补|定期体检|通讯补贴|零食下午茶|带薪年假|五险一金|节日福利|员工旅游|股票期权|交通补助|年终奖,,,拱墅区,万达广场,120.112827,30.337377,否,否,否,否,否,否,,否
Java 全栈开发工程师,12-15K,5-10年,本科,杭州,5-10年|本科,Java开发经验|全栈工程师|Java|不接受居家办公|JavaScript|Spring,0,点微科技,企业服务,20-99人,,0afa75edb5031a703nR909W6FA~~,莫建军,技术经理,否,3,0f265a80811fc5bb0nR43N67GFpS,b6bf3fe36b97ad241HR-3NS0F1pV,PNManOp98F5Q6-Y1QzshwknCmtSlHkyyR8y7c0N48ECqSa1iDiSFKEdOIwUN5fpMtzsLaKBJvyoGTpjDcxkThP0cyA1Jeu9rrBynMVLLLxeFE-cM_l2EHtS7dm0fgHcjsNI-zrli5lE6,615594290,1yGQl9q2wIO.search.98,,,,拱墅区,万达广场,120.12026,30.330557,否,否,否,否,否,否,,否
Java开发实习生-杭州,180-250元/天,,本科,杭州,5天/周|6个月|本科,HTML|SQL|游戏引擎|图形图像处理|软件工程师|后端开发|全栈开发|WEB开发,4,网罗科技,计算机软件,100-499人,,0fbe0e06de03be8b0XB509q9FQ~~,李娜,hr,否,3,a98f8e88f60b87ad33R_29S0GFo~,c084b304c5b054411nx40tW0GVBW,hZc0KIGOwG0ON-M1ShwXVsmNSGkCv1IKbKG7yI3C3KXg85DAOYBtEgkk4cJ8AvZqYfYFqAJ5UhbejokePaGAJBPX0H_cxbSaXLx2DPi5hIbzYqXk54ncw27jZLQAyZeyqS0pfky5xdc~,615594290,1yGQl9q2wIO.search.99,股票期权|包吃|带薪年假|年终奖|餐补|五险一金,5天/周,6个月,上城区,近江,120.193189,30.229795,否,否,否,否,否,否,,否
高级全栈工程师,20-30K,5-10年,本科,杭州,5-10年|本科,,0,杭州联安,智能硬件,20-99人,不需要融资,da8e482e09dcb1d80nR709W1EA~~,赵军,招聘者,否,3,64015beb1c546cf91Hd_39m5Flc~,ca4f80317bc1956f03V40t-4FFdR,iSf45KGHMXDBN-P1-8JduUnfI_LpEndtJS-USohikmsGC47h-vUtGKT-ULV0Q3N7XqaeXnx-Fk-qY9N4aDmlF5_xgw80uncunCmaTC0xmW7mpfSNYqCnWE29F2uKV3WDz75Tt7egRi8~,615594290,1yGQl9q2wIO.search.100,节日福利|员工旅游|股票期权|五险一金,,,滨江区,长河,120.186724,30.187739,否,否,否,否,否,否,,否
全栈开发,12-17K,3-5年,本科,杭州,3-5年|本科,Vue|Java,0,臻善科技,计算机软件,1000-9999人,不需要融资,7bff1bbab604fe101Xdy2N28,蔡丽青,HR,否,3,839161efb766cbf21nZ80tm5F1o~,20360ffa3538f50f03B62N-8FVpZ,6L2NpTc2-lZi1-q1sY1iQGcVNEKmNRtoh45EAjs2CPTR_zwSxuyYs_9MZiwX6_9yO9DDz9bJwbYqnNRB7y7SBVmTyPYW7F4XE4EAfKJnF2lZ4Mp4WK4hWKK-PBwQgHvq4f5c6yS0Xw~~,615594290,1yGQl9q2wIO.search.101,出差补贴|定期体检|年终奖|员工旅游|司龄补贴|餐补|高温补贴|五险一金|团建聚餐|节日福利|带薪年假|高温补贴|职称证书补贴,,,西湖区,文二路,120.121286,30.278589,否,否,否,否,否,否,,否
高级全栈工程师,6-7K,1-3年,本科,杭州,1-3年|本科,全栈侧重后端|Vue|PHP|Python|.NET|计算机相关专业|全栈项目经验|后端开发经验,0,加砖信息,计算机软件,20-99人,未融资,f7836637748c68e71HJ909u0Eg~~,陈先生,招聘者,否,3,32bbc65ecfdf851503J90tm-F1E~,39611cf2af362ec81HJ53N-_FFZV,1sxErjMqYRD6x-k1PTJHWksZtaGYz4vLnsIFYOAUplj2b2Gqj2CVhoHePR7IkLFh_0hgkPMBrIP2gWpJhNNnqTd8lGpE5WoNynIOcUyb301VKwFp8BB7DZslsqQpAGtsLab4bt7IrDI~,615594290,1yGQl9q2wIO.search.102,零食下午茶|股票期权|员工旅游|五险一金|年终奖|节日福利|带薪年假,,,拱墅区,万达广场,120.112169,30.334713,否,否,否,否,否,否,,否
全栈开发工程师,25-40K,3-5年,学历不限,杭州,3-5年|学历不限,Java|Python|SpringCloud|架构设计经验,0,上海达容创文化传播,社交网络与媒体,0-20人,,26b142848acdea831HNy3N-4GVU~,欧鹤,招聘者,否,3,d61e6fa969c1f8f60HV72Nu1FVBQ,f2ba6026823fbf9703F_2d25ElFX,GqUmnA8GczXnG-F1lSNdgxdrggiH2Fa6L7BAv5asXWDVegJST2HuEGhKgbdDDN6vGWOJgQzWhsvlSpq_2WpZZNpzbiwJZ86WFgyOIMByOXQWugaiG9WJneiPAj9Ka4_FIENPAc-xx0Rg8A~~,615594290,1yGQl9q2wIO.search.103,全勤奖|保底工资|五险一金,,,萧山区,西兴,120.236974,30.197314,否,否,否,否,否,否,,否
ai全栈开发(跨境电商方向),12-24K,1-3年,本科,杭州,1-3年|本科,Java|后端开发经验|全栈侧重后端|全栈无侧重|计算机相关专业|全栈项目经验,0,零亿出海,互联网,20-99人,天使轮,f19e1c3f5dc30b011HJ42d26F1U~,施鑫磊,招聘者,否,3,1af1a818eb926ec80HV63965GVJW,914fb47780c8335703J409y5FFRT,ZNOCuF9vYsv0k-S15U9f9hIpVM71W9yDcHOvE82GHEQkbdUQJQR4NG9dgIU8CqvTURUii3kPuZhSce7eBLgB1WP4gfrSxFLBhl71BqcL-K6wC-V2_CL-CJNh7LDDti_troWRJtR6CPWzjw~~,615594290,1yGQl9q2wIO.search.104,带薪年假|股票期权|五险一金,,,西湖区,西溪,120.067211,30.304805,否,否,否,否,否,否,,否
全栈工程师（偏后端）,12-18K,3-5年,本科,杭州,3-5年|本科,,0,凯瑞博,服装/纺织,500-999人,不需要融资,23d6f99f79cbc51203142ty5Fw~~,俞胜男,HR,否,3,bd61dcfe3a5423df1nZ62tW1F1s~,748e627bf1d76bdb03J60t67GVtR,-yow9chCIK-x_-k1qDC24dIiDuP96pJ7xQc0tj6W3eA5XYT4ws4HBBvreC2hdLrFpCctQtmpBnn-FGI1E5Jhj1WyZJdtW7SD27QWQsrsn5NnQPrBwo1i5sL9jKNXjbuVLsCXiDIZ_ko~,615594290,1yGQl9q2wIO.search.105,包住|包吃|住房补贴|免费班车|带薪年假|加班补助|年终奖|五险一金,,,西湖区,西溪,120.125788,30.272627,否,否,否,否,否,否,,否
高级全栈工程师,8-13K,1-3年,大专,杭州,1-3年|大专,全栈无侧重|CSS|Vue|Java|Spring/Spring Boot|MySQL/Redis/MongoDB|全栈项目经验,0,东山软件,计算机软件,0-20人,未融资,3f7b6146a12e280d1XRy2N26ElI~,董善东,总经理助理,否,3,d59620e5df7838411HRy2NW4FFs~,d258a45b759f13df1XB93Nq6EFRW,P8ayRD8r1yjox-K10RpI6BV_TwV8K40jk396HgcHaqe0Ek8Uhp1C9p6k2VphZQLel0f1_PLoE0VdHDGWSHuuUqw_JZdMCbTqhnqbA1WYGagJcvI5QdqOgL6qEbQ3BpSSm_FdhndvaJQ7,615594290,1yGQl9q2wIO.search.106,五险一金|免费工装|股票期权|工龄奖|底薪加提成|带薪年假|保底工资|绩效奖金|年终奖|高温补贴|意外险,,,上城区,丁桥,120.21671,30.357794,否,否,否,否,否,否,,否
全栈工程师,10-15K·14薪,1-3年,大专,杭州,1-3年|大专,Java|PHP|HTML|全栈开发|前端开发|后端开发|网络编程|数据结构,0,画梦网络,互联网,0-20人,未融资,a2312db833e3bbcb1nBy09i6GVQ~,张晓宇,总经理,否,3,e4500ef9bb47591b1XRy2NW5FFs~,d7b166f75f39c2751nF709y9EVdV,8ExfR59MDul6q-x1Zc53O-1vzkcfSr1zVjzVh49ZlPO_yH7vxkYSgg6SAXN50JJmqH8mXRXayoqLOUYQnHCQojhkPhdsgMhRdtfof2hKldqFSLdU0yf692HoCuaM72y4ll--aORkqr4E,615594290,1yGQl9q2wIO.search.107,五险一金|年终奖|定期体检|零食下午茶|保底工资|绩效奖金|带薪年假|全勤奖|底薪加提成|员工旅游,,,余杭区,勾庄,120.127119,30.344146,否,否,否,否,否,否,,否
智能体全栈工程师,10-15K,1-3年,本科,杭州,1-3年|本科,,0,钉学科技有限公司,互联网,100-499人,A轮,21d761283daf69c21XN53t-9GA~~,阿依曼女士,招聘者,否,3,cb807fae7a563fa70XB53961FlRU,6c584343363a0c3d03F939i5EVBZ,TYnyhljMta7Oc-c18whCoDqzBK7aogsXGTkS4hYgYDywgXmFAYMmlm2qZsw51A_yhL8cQgFAA9h-WpVWsxRxmromaEbHwN4iMSlUbQZ-6MG_pO8Yri9LqDnUzfUrCWlqOX1QOSztmjcP,615594290,1yGQl9q2wIO.search.108,年终奖|员工旅游|带薪年假|股票期权|绩效奖金|五险一金|节日福利,,,,,120.008775,30.271082,否,否,否,否,否,否,,否
杭州全栈,15-25K,5-10年,本科,杭州,5-10年|本科,Java|大数据经验|不接受居家办公,0,某大型金融科技上市公司,计算机软件,10000人以上,已上市,,吴旭迪,猎头顾问,否,3,cfa471a3d9f493450nN_39u4FldV,10c56dcc73bd5c0b03J_2t-9FFdX,QQmUZc7xxt7Y4-y1rJTUAPny_H_2Hm_YpvSy1k5_ldbONWAcs2rGUV5L16u_Th93igkSfXkoZ_J6zHf3oMBaHUyVVJSAePMzpiz2tI6XHdmRJC7Skj7y41EH-Y0RuZFd3dtxf6QtpmI~,615594290,1yGQl9q2wIO.search.109,带薪年假|年终奖|五险一金|双休,,,,,120.185777,30.191728,是,否,否,是,否,否,,否
全栈工程师,1-2K,经验不限,学历不限,杭州,经验不限|学历不限,全栈开发,0,铁公宝,移动互联网,20-99人,,10ec824139488f481XN-0964FQ~~,丁女士,招聘者,否,3,2e8d99bce762a7cf03J729W8ElQ~,83090f49de07a7f91nZ429W7EFFU,95fBiOiqYhi0G-u18czErCVGo6kKNvV_sq7-gonVmaNo38Lanwuxg6SsnZkh0YjU3x9boh1HXvpf47-qiblBozplUThaCVyDoK-P-KbtUoqUKS_n0Ryje0BGkqBGzOA2gZUG42dOurM~,615594290,1yGQl9q2wIO.search.110,,,,上城区,四季青,120.207646,30.238392,否,否,否,否,否,否,,否
全栈工程师（游戏开发技术中台）,12-13K·13薪,经验不限,本科,杭州,经验不限|本科,后端开发经验|全栈侧重后端|计算机相关专业|前端开发经验|全栈项目经验,0,略微出手,游戏,20-99人,天使轮,f92d2041de1f465f1HZ82NW6EVs~,汤女士,hr,否,3,08dfe70714ff3f120nJ509y7FVtW,19a931a8a1fc178a03dy2Ny1GFtQ,LSCbfrtSB79Y_-o1xVHOB1Czdm1LJiedIYH_TX_d8qDggMGlL5za_-hdqCayghVM8l90ETvB_02T6cRhQyalt_y7hFJDlyl6cOTQRnKhkZxgLSdwkMoefs3z7je3Oz2awWKNlx2xVm7OwA~~,615594290,1yGQl9q2wIO.search.111,带薪年假|保底工资|五险一金|全勤奖|绩效奖金|节日福利|年终奖|团建聚餐|零食下午茶|生日福利,,,钱塘区,工业园南,120.368208,30.305676,否,否,否,否,否,否,,否
typescript全栈开发工程师,12-20K,3-5年,本科,杭州,3-5年|本科,,0,数环科技,人工智能,100-499人,B轮,ba741c5b030025f51n193Ny_GVM~,郑昌丘,创始人CEO,否,3,cca02926998a11140nd-0927FFBU,f7fd2f7c736e71d103F809u6EFNX,uD1oER-5mXy1c-a1sXOlaIM7-azRbdbV_iXamq8eCVZvZmHloJIP3Sr3q3eVlDgyxkeGlW8eofsVpCsE7Ka1cvbyUlPKuYApZXSOfyNlQv0dALxe0CUUfeLeyYqBh6ONjAytx2RUj5KgqQ~~,615594290,1yGQl9q2wIO.search.112,餐补|五险一金|绩效奖金|年终奖|零食下午茶|全额公积金|团建聚餐|带薪年假|交通补助|底薪加提成|节日福利|员工旅游|股票期权,,,余杭区,仓前,120.001809,30.280821,否,否,否,否,否,否,,否
全栈开发工程师,15-20K·13薪,3-5年,本科,杭州,3-5年|本科,全栈侧重后端|JavaScript|React|CSS|Java|全栈项目经验,0,绿城产服,企业服务,100-499人,未融资,5b80116484a6114f1nNy39-5E1A~,罗豪,招聘者,否,3,75af86db31171a0f0XJ709u_GFJY,74e2521f1c239d001HN409-4FVVY,qCcMTApOjWtsr-z1UYSyiH9uAH8Hbg_U7djWXoybALAP_aUhh03ryqItquK2WiMa4GKLyLPjkenV5bBfyX03YVGK8yko2WQsv5UPeM253x0SIdE_UDxjwK9d9YkoLKF3T-htFKq8yDCU3A~~,615594290,1yGQl9q2wIO.search.113,高温补贴|年终奖|零食下午茶|绩效奖金|节日福利|定期体检|团建聚餐|五险一金|带薪年假,,,余杭区,五常,120.045677,30.294416,否,否,否,否,否,否,,否
全栈开发经理,35-45K,5-10年,本科,杭州,5-10年|本科,Java|JavaScript|全栈开发|Node.js|React,0,盛康网络,计算机软件,100-499人,C轮,8741b7806d9380901Xx63927Eg~~,刘昊男,人力资源,否,3,913c6da67c9803b20nd82tq_FFpX,50d9d6083e924f821nN739y9GVVT,gcRTHIH1MzcRv-C1qwvrc_DCIfh5S_lc-lmK5mg9PRik9zpkhwjsyoYofLzUz2NGf3LOagoWf2LiMjG6HTE5wvBiPa-xf7MnJquDfwdVviZCaUDWRHJlLCi0SSFoVvU2aB6mOWYWL5dh,615594290,1yGQl9q2wIO.search.114,五险一金|节日福利|年终奖|带薪年假|零食下午茶|定期体检,,,西湖区,文二路,120.124791,30.276996,否,否,否,否,否,否,,否
游戏web全栈开发,14-22K,经验不限,学历不限,杭州,经验不限|学历不限,全栈无侧重|Vue|React|Python|Django/Flask|MySQL/Redis/MongoDB|计算机相关专业|全栈项目经验|前端开发经验|后端开发经验,0,成都电果创游科技,游戏,20-99人,未融资,6f946aab2da9f9561HF80tm9EVc~,董女士,招聘hr,否,3,69401a32e0f3b7ff33d83ty_FVM~,edec20b7ad9db59103J63929FFRT,fb2LiMWb2oVrJ-y1w26SFIHCv5mmCiLjr4wu6BRlURmMTZKctInJe0U9Q7juD2CoUF0XBLQl5mPnnIukuOy4GnWTNLe6KWWnz8wOOlFR82pUUO4lYyuPC21oySzVO5KEjIRlegYCYeYF,615594290,1yGQl9q2wIO.search.115,有无线网|生日福利|节日福利|五险一金,,,西湖区,西溪,120.138983,30.2705,否,否,否,否,否,否,,否
前后端全栈开发工程师,11000-13000元/月,3-5年,大专,杭州,3-5年|大专,Java|Spring|SpringCloud|Kafka|Nginx|MongoDB|Redis|物联网经验,6,瑞邦科特,其他专业服务,100-499人,未融资,6d08ab52d1b304cf1nd409q0EFQ~,伍莉,人力资源,否,3,54cfc1c7994888cd1nVy0968EVpX,3bf546894c6059a703B90t25GVpY,nwI1kYLNnVP5l-K18Im64mKGBo4VMRQBK3vi7q7cQ1zY73tQw-GraFHrUB9dOHalmo-swWx8N20uNACwdU845bCZtx7hGKmJ9AIBwnv1-5jUB7nJTnX-rHpObwgNbn15A3Gz5y6VnHhZBg~~,615594290,1yGQl9q2wIO.search.116,股票期权|员工旅游|全勤奖|五险一金|带薪年假|年终奖|餐补,,,余杭区,小和山,119.998274,30.206748,否,否,否,否,否,否,,否
java全栈开发工程师,14-28K,3-5年,大专,杭州,3-5年|大专,不接受居家办公|Java|Spring|SpringCloud|MyBatis|MySQL|Redis|架构设计经验|物联网经验|音视频经验,0,质心物联,通信/网络设备,0-20人,,8756d206d8713d261n192tm4FVI~,张未来,人事专员,否,3,1216124c8cd6f2820nV-2Ni-GFVV,8899eeef473061c11HF80t67ElVQ,i4pWCcy9Zuy6t-B1EMeCIa8Wy-DChv6m-yLzT2PT8dEsyKhdvVEXNWA2IOSJestHOYfoMWbp5OBHBuMHF4-1nPwrPpW7EaBGi7PvJhHR_cAd2B7j1lSF2C4WiFbxY0XLYthuVb2LTq5yaw~~,615594290,1yGQl9q2wIO.search.117,节日福利|底薪加提成|团建聚餐|零食下午茶|有无线网|年终奖|保底工资,,,余杭区,仓前,119.982573,30.276446,否,否,否,否,否,否,,否
全栈工程师,20-40K,5-10年,本科,杭州,5-10年|本科,Java|前端开发|Spring/Spring Boot|后端开发经验|全栈开发|全栈侧重后端|数字化风控|MyBatis|MySQL/Redis/MongoDB|计算机相关专业|全栈项目经验,0,泰隆商业银行,银行,10000人以上,不需要融资,5847e51ff7600b6f0Xd439m0,苏先生,经理,否,3,b870cda6536830ad0HZz39i7EQ~~,876097e0261459911XZ80tW6EVtZ,tT7sdnsGB6Kjj-r1KkU125BMvzds4V9EuyDVpixoAToZsiaDxKGoM0NxJGm8aL--qBAeHnJPJiK_uQUedhM85wa-uljkxbU038QWFadl62D9Pj3Cvv7wKjaDkYj4uWk-CnK_C64A,615594290,1yGQl9q2wIO.search.118,补充医疗保险|带薪年假|员工旅游|节日福利|年终奖|加班补助|股票期权|五险一金|通讯补贴|定期体检|带薪年假,,,上城区,近江,120.196574,30.22445,否,否,否,否,否,否,,否
全栈开发工程师（侧重前端）,12-20K,1-3年,本科,杭州,1-3年|本科,C/C++|接受实习/在校生投递|JavaScript|HTML5|全栈|React|计算机/软件工程相关专业|前端开发经验|Python,0,宇斯人工智能,计算机软件,20-99人,不需要融资,9d8e7474d509b8251XZ90ti4EVo~,王艳秋,人力招聘专员,是,3,2e034dff5c7cf65e1nV739i6GFdU,c872ade69d8ddc9d03dy2Ny1EVZU,MSdOiOCpTXA0u-p120yXdAVSv65xW0lJDqwtLDE-pI6CrfW15225QFnfxOTPfIiOTIiToXuY4xzoHAcBUYbTlN-6gaLcnAAmXLD5d7dJbya_joPbgxZWQ6uQ1raYnyqjvHwbDdFtj3E-VKt-aeJiXf38Hop5K5qS7VYA1gvoUK97L4YHdA~~,615594290,1yGQl9q2wIO.search.119,节日福利|带薪年假|团建聚餐|年终奖|零食下午茶|高温补贴|生日福利|员工旅游|股票期权|五险一金,,,拱墅区,拱宸桥,120.12648,30.327793,否,否,否,否,否,否,,否
全栈开发实习生,150-300元/天,,本科,杭州,4天/周|3个月|本科,Web前端|游戏前端|后端|Vue/React/Angular|Python|React Native|前端开发经验|游戏开发经验|英语读写能力良好|英美留学生|澳加留学生,4,晨风清兴科技有限公司,计算机软件,0-20人,天使轮,80c053dd42b1d9f81n1y3Nm5FlM~,佟先生,CEO,否,3,988d9d34af3e76f403Z8096-EVE~,c04afa5887b6cad01XNy29m7FFpT,G2_mhTYQZDKAF-U1LaE5jknF-gBEMYACqk99cQfXr25-0ADHt_POEQ8HnlI9-r7Y8KBlNEvzXLZegodTcSC5KKzsGmcXTI9Hpzex-Ob3Y_33LkMWmKN_glQdJwTw6hFs4nJLjaccI0sR,615594290,1yGQl9q2wIO.search.120,带薪年假|年终奖|股票期权|餐补|零食下午茶|五险一金|员工旅游|节日福利,4天/周,3个月,余杭区,五常,120.021523,30.288646,否,否,否,否,否,否,,否
全栈开发工程师,16-26K,3-5年,本科,杭州,3-5年|本科,全栈无侧重,0,杭州小黑力科技,计算机软件,0-20人,,dff60a8bb14acdf903V_2di4GFA~,李永成,招聘者,否,3,c8af869ed1731b480Xx60ti-EFdY,6f27602148027e6b03B52Nu0GFBQ,YwrnCAKyBRLVi-M1XveZExm9DRlxvRhOupWzIbkR6CrKt-ascOjZbUWqmXfw5mn52h2ySogckdqPzwBvNqPBkitUC8ZakZHEXFqw5JZVK4A-Pnk8Gi2PgFz2hW21m_z_R5lmU46Kb7ihWw~~,615594290,1yGQl9q2wIO.search.121,,,,滨江区,长河,120.202089,30.182419,否,否,否,否,否,否,,否
java全栈开发工程师,7-12K,1-3年,本科,杭州,1-3年|本科,JVM|Java|Nginx|不接受居家办公|分布式经验|Redis|Spring|大数据经验|Docker|微服务经验|MySQL|MyBatis|架构设计经验|Oracle,0,松格科技,计算机软件,20-99人,不需要融资,fed15d8c8c0c5e901nZ-3Ni5FlY~,王女士,人事行政,否,3,83d76e6485ca60480Xdy0928FlNW,36bb6720072f08a503d929W6EltX,Bop4v18cSi_DT-t1Hg1U0bqWTmrpQ6iI9HyIWM964XIt9vjcK40NPwCo46VYSRVCR65dixYPtG_aoMs3righYTDrAuNCdxq2Ob9-Kib618IOsoIwjBv88diCyuMBW1hRGcNRVh_jpHLDnw~~,615594290,1yGQl9q2wIO.search.122,带薪年假|年终奖|五险一金|员工旅游|交通补助|节日福利|加班补助,,,萧山区,钱江世纪城,120.239876,30.239141,否,否,否,否,否,否,,否
全栈工程师,10000-20000元/月,3-5年,本科,杭州,3-5年|本科,Golang|全职/兼职 均可|Vue|全栈无侧重|大厂经验优先|远程,6,鲷鱼科技,互联网,0-20人,天使轮,9d719d621e6e593003Z92dy1GVY~,王琰,运营专员,否,3,85111e08d5fa443e03R83d-1F1s~,4cc48f6db52a731a03J639y7GVNX,eY9nNPXg5xdSM-51-5sl7ChFUxMerKxk9EEv13Dodo45yrw1kX1J1Y2vqebTzk11MwcPuPLzn-TeHYGgNN9FcnjLoKODS2pQ0kqACL_PsXdv6e47EGY4RxOX42xOBvlbty1u5MbJXLiX,615594290,1yGQl9q2wIO.search.123,,,,萧山区,宁围,120.258752,30.180681,否,否,否,否,否,否,,否
全栈开发工程师,8-13K,3-5年,本科,杭州,3-5年|本科,Golang|Java|Maven|后端开发经验|全栈侧重后端|Vue|HTML|计算机相关专业|前端开发经验|全栈项目经验|TypeScript|Git|JavaScript|Python,0,杭州龙特星辰科技,互联网,20-99人,不需要融资,c5509c0ae78a1d1003V62tu5Fls~,何先生,创始人,否,3,c1a65424166ef2e51H1z3dy9GVs~,9da383bf90f2390503d83t25EFdU,DbmUwkWkl2FMX-Z1BI0Hj0EC0vIi4Qs8tB-cXlkjOUb6bjh5HZsAiVqP6w5gijSmg6O65UBcn_zBgzN0aXzMIJ6AGDrID126AUkQBQWFjjY68NsVD8G2vQ5NeEzeSS5rRy9qyvC9otCL,615594290,1yGQl9q2wIO.search.124,股票期权|底薪加提成|年终奖|保底工资|节假日加班费|绩效奖金|五险一金,,,余杭区,勾庄,120.115133,30.369061,否,否,否,否,否,否,,否
全栈程序员,10-15K,经验不限,大专,杭州,经验不限|大专,全栈无侧重,0,杭州暴燃熊商贸,互联网,0-20人,未融资,1a38ab6185e9da0e1Hdz2N28Elo~,戴涛,经理,否,3,42ba6f7124c397aa0XV42dy_FlZV,cd774c9152c379111H143NS1E1ZT,JHJMXExP8Vytv-41a5JXAPGKNq4IupkK6HaaRgSnz_liZtMMBOmcAkeUIqgxXEPNw8fygddmPEqvmgZkxZywFbnup22G8dHySMVPtMuRAT6nhsRNvKA-kq2w7HdOsGK9irhsTFT93nzt3A~~,615594290,1yGQl9q2wIO.search.125,有无线网|保底工资,,,西湖区,三墩,120.074502,30.319963,否,否,否,否,否,否,,否
php全栈开发工程师,15-20K,1-3年,本科,杭州,1-3年|本科,PHP,0,亿家千城,电子商务,20-99人,,7a7715f5d0e2d0c61HB-3921FVE~,陈女士,人事行政,否,3,2c2dd668454866df1nZ50t6-FlNY,d900486ab765b1b81HJ42dm4FlZQ,d7oA18kOWYdL3-21y42Aowb0Al99CJRwMWjLJbWsB-qHg31dHNr3en27ZZ2LKM8KUVs0-TchetxYyW1XSiofpOA_Q1XxX6dAbnYWuWqBFki74CjTp5n8TLnAgCyRuGrqTRZZe9zIUnQlCA~~,615594290,1yGQl9q2wIO.search.126,,,,萧山区,新塘,120.266383,30.136983,否,否,否,否,否,否,,否
PHP&uniapp全栈开发工程师,12-20K·13薪,3-5年,学历不限,杭州,3-5年|学历不限,PHP|MySQL/Redis/MongoDB|Laravel/Yii/ThinkPHP|PHP开发经验|uniapp,0,小鑫科技,计算机软件,20-99人,不需要融资,246233f7ddddcd2303F52dS8Eg~~,熊先生,技术经理,否,3,f16d567763f4c6290nRz29u7F1dU,abb3a2daab1c28231Xd909S0FVBT,CuxqQoUKk2djf-s1KV-DSB3xh1C910QSNlIUTd5ijYi1yq2FoM_AO6tjdNh53GmiFEfxXyPqVltSIer9RoXJm0PfSrEDfcbSqdZjm7f9tRad1tX1XHF-5IHDecaNlYnilaeXj6Fe5MJw,615594290,1yGQl9q2wIO.search.127,股票期权|员工旅游|带薪年假|团建聚餐|保底工资|有无线网|节日福利|双休|零食下午茶|五险一金|定期体检|绩效奖金|年终奖,,,滨江区,浦沿,120.156883,30.180972,否,否,否,否,否,否,,否
全栈开发工程师,7-10K·14薪,1-3年,本科,杭州,1-3年|本科,Java|不接受居家办公|微服务经验|SpringCloud|MySQL|Redis|Dubbo|Spring|springboot,0,沃瑞电力,计算机软件,20-99人,不需要融资,b0029ae652c6347f1Hx929W1,黄女士,行政人事,否,3,73f25a9fcfb52f211HRz2tW6ElA~,995b30ecd443e57a03By39-7EFJT,DMIMtq4CQws4P-t1j4fjQ8qOYuwvC4Dg6ElhNZEigqtfoXfi7pCCrYWXWQoF6nexhn5X_oe42MelFifEyqIJsrAEn1WFs4bpuTvWgl_mQT5a8o6bdApNmUfwSkWqZrR6CFwIFiOeug~~,615594290,1yGQl9q2wIO.search.128,交通补助|高温补贴|节日福利|绩效奖金|通讯补贴|有无线网|餐补|员工旅游|意外险|生日福利|定期体检|年终奖|带薪年假|五险一金|团建聚餐,,,西湖区,文二路,120.120736,30.281351,否,否,否,否,否,否,,否
资深全栈开发工程师,150-200元/天,3-5年,大专,杭州,3-5年|大专,后端开发经验|Vue|全栈侧重前端|计算机相关专业|前端开发经验|Python|全栈项目经验,6,杭州事不怡驰信息科技,互联网,0-20人,,77f060ef112569821HN53Nm4Elo~,林先生,经理,否,3,92499ff64de651940XN83dq9EVJT,6eae5be5fe42fe7003By3Nm_ElJX,A1HDtpir9w6JL-v1OacoJvOwN66e8MuUKDJ3IdVDNv9pASvDA6mpFhOf-SXkJKFfrIoiqS40kvuHU8y92IApcFN03A3mED7GHLm1kAFipmJOk7EtWVgF924bDlY65D7Zq1ZY6mRvBO9bsw~~,615594290,1yGQl9q2wIO.search.129,,,,拱墅区,文一路,120.106056,30.302798,否,否,否,否,否,否,,否
全栈开发工程师,11-20K·14薪,1-3年,本科,杭州,1-3年|本科,全栈侧重后端|Vue|.NET,0,中智达,计算机软件,100-499人,A轮,403da9894c8e64c71XVy3ty6Fw~~,何女士,HR,否,3,a0857426ae3664aa03x83Nu6FVc~,be2b79cf2a701e0903J43tu7GFNW,mQ0pim_qcXIy2-Y1XU8ZoSpKrVjbAGFx0DN0D2QZW8GSjT_yJ2jiJkp-5dmS_od17Y05JqVl6E9UvqTjUMsCblIxvb0_9N-K3jgfFce2cvPg9mn92jtbIasXQBDDLS-QF_3ZcRezSa0~,615594290,1yGQl9q2wIO.search.130,餐补|员工旅游|交通补助|定期体检|五险一金|节日福利|通讯补贴|年终奖|生日福利|带薪年假|补充医疗保险,,,余杭区,仓前,119.985071,30.286037,否,否,否,否,否,否,,否
全栈开发实习生,150-200元/天,,本科,杭州,4天/周|3个月|本科,JavaScript|全栈无侧重|计算机相关专业|全栈项目经验,4,杭州多米拉法人工...,互联网,20-99人,未融资,51743050d1ec401a03Vz0tS-FFA~,于先生,hr总监,否,3,de7be1797b4e3efa1nV_3d67E1s~,37ce147c12bb4eb403F-09W0FVpT,M58flUyhCBOl1-e1wOObe-_kQUIys3EsJ32TkBDc1cgIiH6RgF8wxN_PUwJ2Kqd-Da8o2qwoxJXRVjS2ISn2eYJxZQE6r3Oyh7x07uEiz_8JPglisk3MwRPGcYazAjrXcLtDCsJZgmrI,615594290,1yGQl9q2wIO.search.131,餐补|五险一金|带薪年假|股票期权,4天/周,3个月,余杭区,仓前,120.027276,30.275962,否,否,否,否,否,否,,否
全栈工程师—杭州初创团队agent方向,40-70K,经验不限,硕士,杭州,经验不限|硕士,,0,某人工智能公司,人工智能,0-20人,天使轮,,蒋银皓,猎头顾问,否,3,bbc9ccb0f9866c450nJ52NW_GFJQ,88aab01d7bf9cf2903d-3Nq9GVVR,FCND2pfOiYt2N-m1lCGR6TZNCI-CCBtg8Ep0NVX-LLMD9YUGPwfvdA-EO6Ud89Aw_mL6pA0vS8f6MGnl6PKOHAiisiFEJzup08L_pl6eOwD0Rio6rWz1JHXynmQIbzH8LB5Oy8o4F2tJAg~~,615594290,1yGQl9q2wIO.search.132,,,,,,120.035022,30.308858,是,否,否,是,否,否,,否
高级全栈开发工程师,8-11K·13薪,3-5年,本科,杭州,3-5年|本科,后端开发经验|全栈侧重后端|Vue|PHP|MySQL/Redis/MongoDB|计算机相关专业|React|前端开发经验|Python|全栈项目经验,0,千烈科技,通信/网络设备,0-20人,未融资,e08e08c0a48f73e60X1-29q6Ew~~,李涛,技术总监,否,3,50d30f7597722f210nF-2dy7E1ZS,5f6db25663215f871H1y0tS9ElJY,niXmcNY22TJ35-G11OBF7gr4BK2GGmil2X9-Eeb1DwRe9XPUru7l-r6lhnI75PfCMe9zCtg6GzIsm4L1R3PLdQolVjaHlWG7MU-CYymBVA9jC3F-NgLCWn-QqC5nMYtz-wyCcQtlwVO0,615594290,1yGQl9q2wIO.search.133,交通补助|五险一金|定期体检|员工旅游|股票期权|通讯补贴|带薪年假|年终奖,,,拱墅区,和睦,120.130065,30.301061,否,否,否,否,否,否,,否
全栈开发工程师,15-30K,3-5年,本科,杭州,3-5年|本科,Java|Nginx|Spring/Spring Boot|分布式经验|全栈侧重前端|HTML|Dubbo|计算机相关专业|前端开发经验|全栈项目经验|Elasticsearch|Zookeeper|MyBatis,0,信及达国际,物流/仓储,20-99人,未融资,c7960e27468eed981HJy3925Eg~~,陈女士,人事经理HR,否,3,04d5ebf4ea59e82c0nR_3tq5ElFW,b9653d3c84c0bad703F9096_E1FQ,y3sof0cFO6OBm-A1EjgTs8-xawbemCapTOOdorOClZoFvAA-paA8T-IEC0y8edwGrRJ8YzMIzQ6TI5Bri3LoKh88t92TNpEyklTmz15TAKRjvAvS2NJPF5MQjzUQYrxc9jpth231YmJ8,615594290,1yGQl9q2wIO.search.134,节日福利|工龄奖|员工旅游|意外险|加班补助|团建聚餐|全勤奖|年终奖|零食下午茶|五险,,,西湖区,转塘,120.067904,30.144731,否,否,否,否,否,否,,否
全栈前端开发工程师,19-27K·14薪,经验不限,本科,杭州,经验不限|本科,,0,杭州盗火者光电,半导体/芯片,0-20人,,110c0ff0730636bb03V63N21EFQ~,李晗,产品总监,否,3,2ab16c118847eb530HR_296_FFRY,b2b09660ea75266303dz29m5EFRV,mRmLvrDXVNx2b--1PIC8SWytXIHEqtOcizmJDfoNJtRUT0tbMLC2SO3mzz8DQ90c0417bxglV7xQACkA-_JUu2QuslR9nLx5lIZvCMNhTN18HtIP4B4vRDwhtwP1LA7PuR_zbhVKDaHE-Q~~,615594290,1yGQl9q2wIO.search.135,,,,萧山区,西兴,120.246497,30.23825,否,否,否,否,否,否,,否
java全栈工程师,10-15K,1-3年,大专,杭州,1-3年|大专,Java|微服务经验|MySQL|Spring,0,杭州保芃达科技,计算机软件,20-99人,,e1cbddf9660cddcb1H163du0EFo~,谢记年,电商技术主管,否,3,5de82547bc73b4fa0nJ50927GQ~~,785539de367c262603J62966FFNT,YaRSdgsTrWPi_-Z1aqxDA4vTcXEgN-SRFlayHzqq2dv80CYwIP3r4s-cQuIYh_hZFMQrDlSO50PgjvZB_WD8Eg01JQFMRcia8i0g22Ccpw6-c-JFnhAh2dEEqtU1OTNwJOPn7lhW5Mg~,615594290,1yGQl9q2wIO.search.136,,,,西湖区,西溪,120.072683,30.314134,否,否,否,否,否,否,,否
资深全栈开发工程师（AI工具高效开发方向）,20-35K·13薪,3-5年,本科,杭州,3-5年|本科,,0,华信设计,通信/网络设备,1000-9999人,已上市,34b36a1ccb1173481nR52964Fw~~,柳女士,部门总经理,否,3,09ddadc7595e1aaa0nV40tu5ElQ~,f41c31219618292603Zy2tq8GFdS,K4Qo0dhCPJ2ei-01YHJHWp7tLQYuP4ua63ecD6gYx7RXcvVVJZxqg7D19D1UPnuTcJ9msECZd1V6nt_0yaUryV8sn8JTiYomXnKadBfIs8UJs75Bu5MwtwgHypxdE9Ju-OKNdGkMmsU~,615594290,1yGQl9q2wIO.search.137,法定节假日三薪|定期体检|绩效奖金|补充医疗保险|通讯补贴|带薪年假|生日福利|员工旅游|住房补贴|交通补助|加班补助|年终奖|餐补|五险一金|高温补贴|意外险|节日福利|企业年金,,,滨江区,长河,120.209963,30.18933,否,否,否,否,否,否,,否
nodejs全栈开发,10-15K,1-3年,大专,杭州,1-3年|大专,nodejs|mongodb|rabbitMq|TypeScript|全栈开发|nestjs,0,浙江星狮达科技有...,物流/仓储,100-499人,A轮,13af21f0a471af7b1nF529q6E1E~,王华,研发经理,否,3,31bd187d3480aca90nV93dq4FVJW,254e62240360b0e01nBy29W7FldY,ftOyLwGUO7DTp-L154qy6N61V0U0xsLSeyZVJloS-sxu1Gl1Hc8GTM7rfvB1cQ_6TpzwZQJ6US2ba5uyk3Lq3U5UamFvA1NL8HftMheSBgioNe_rgETNwiXJ7EhXymKXHLU6VFMDvdrqhA~~,615594290,1yGQl9q2wIO.search.138,员工旅游|零食下午茶|节日福利|带薪年假|五险一金,,,余杭区,仓前,120.005807,30.278029,否,否,否,否,否,否,,否
全栈开发工程师,15-20K,经验不限,本科,杭州,经验不限|本科,计算机相关专业|全栈项目经验,0,天眼智联,互联网,20-99人,天使轮,e44f1b0278362b271nB93tu8GFM~,王一迪,HR,否,3,0b379ff758f01b3e0ndy3tm5EFpY,4130feda06e48dd303J52tu6FFZQ,_OFrXi1meRjtA-716lrh5Ha4WoZynbgOByainYe1-wJJ87cnE0i9mTRksPUNov47xd9rwG9z7zcFCpIbMy_QLDq8u_tH2a_Ywg1EvEt8u_vDCLS8nw3Q6Ik2nVZei-MIW09_VQ06GK82HA~~,615594290,1yGQl9q2wIO.search.139,定期体检|五险一金|加班补助|股票期权|团建聚餐|零食下午茶|带薪年假|节日福利|年终奖|生日福利,,,余杭区,海创园,120.01746,30.281423,否,否,否,否,否,否,,否
全栈开发工程师,15-25K·13薪,1-3年,本科,杭州,1-3年|本科,Java|Spring/Spring Boot|CSS|全栈侧重后端|Vue|HTML|Node.js|计算机相关专业|全栈项目经验|JavaScript|.NET|PHP|小程序|Python,0,上海聚益文化传媒,广告营销,20-99人,不需要融资,4e6cef46834da8281HB52tm_F1A~,王女士,人事部HR,否,3,52577b5b8de867cb1XZ_3tw~,220ed4871365724a03d40ti0F1BT,g5m48b-8Ru-gp-21oXpTJha-kSpIZRg8fwdG4GF8HsUKvVH01OfUQl6_5aPI_qntvdmXcYgJPtn50QxV-NrMeL3ALFFN5AmVUirLNXBbWJrO9XCsuwDTOmIf-um_VoWRnNOEBJ9e,615594290,1yGQl9q2wIO.search.140,员工旅游|带薪年假|法定节假日三薪|年终奖|五险一金,,,西湖区,西溪,120.124904,30.278883,否,否,否,否,否,否,,否
全栈开发工程师(偏后端),17-22K·14薪,在校/应届,硕士,杭州,在校/应届|硕士,Java|Spark|Hadoop|MySQL,5,零跑科技,新能源汽车,10000人以上,已上市,cb22750ada234f751nJ-2di5ElI~,魏女士,hrbp,否,3,ae5b7777e42aeba21nVy096_GVJW,d6911ba58a74373303Z-2dq8FVZZ,3A6NQzsDV6QTn-11DQjpFBDVavkyoAelo9gT7_vbvPDsFAJSebbiK_UJfDSATaySdpX6rAWbEHtWlerV0GZTFddePqjzPXZ-voTCcXa2qHLm63c2epe7FAGmLRyy8ypJPrQ06vmEfIA4Yg~~,615594290,1yGQl9q2wIO.search.141,工资不打折|补充医疗保险|年终奖|带薪年假|加班补助|员工旅游|高温补贴|定期体检|餐补|五险一金|团建聚餐|额外年休假,,,滨江区,长河,120.22409,30.208999,否,否,否,否,否,否,,否
全栈开发工程师,18-28K,5-10年,本科,杭州,5-10年|本科,Java|安卓|Vue|全栈无侧重|计算机相关专业,0,中科润禾,互联网,100-499人,未融资,9fcd829205ca0cd21XRz3tq5EFs~,汪俊,产品总监,否,3,f99f9827078e2b380HR83NW_EQ~~,c9d6fdfabc3b88e003F72dy7ElFR,Iv0t-Eo0Np6Ya-E1LKjEpJEqJ6Z1nG8dWjBJgMuMJKwN2RgIIsnxcgyKA2UBibUrGJkFNWPJcYjkqlZ9JDyNO2LFHgRFrkqdZ5Ag8NJ4fT9bkMmPMCnbCcUgOst_AjzBsc67mz76CXE~,615594290,1yGQl9q2wIO.search.142,节日福利|高温补贴|通讯补贴|五险一金,,,拱墅区,拱宸桥,120.117808,30.334695,否,否,否,否,否,否,,否
加拿大全栈软件开发node.js,18-35K,3-5年,本科,杭州,3-5年|本科,全栈|Node.js|JavaScript/TypeScript|MySQL/Redis/MongoDB|计算机/软件工程相关专业|Node.js开发经验|服务端开发经验,0,杭州毅尔易体育文...,企业服务,0-20人,,b7c5fa35b267dfe01X1539i5GFU~,张鼎宇,招聘者,否,3,adab46f89701575b0XV-2t24FVBV,76cd062946e9d3fd1HF90t--GVNU,ghrX5bwVPBOuR-s10FeLiWJ4GD6qzxvHdMluyNrkj7jrC3XOk3XPL6FFCfIoGNYFEACuX3PW1jElY5WSt_u2zo7_PmnL_CXMauiM1IJSZz9KQcczCJXjTdJeTGJx_KAbsbjkODjswLiH2Q~~,615594290,1yGQl9q2wIO.search.143,,,,,,120.213032,30.248772,否,否,否,否,否,否,,否
全栈开发工程师,15-20K,3-5年,本科,杭州,3-5年|本科,,0,公共安全技术研究院,移动互联网,100-499人,不需要融资,802ae91e502e414d03F_2N68,李女士,HRM,否,3,8944e2bd452677f133dy2tS_FVo~,61f607ee9e1f0e5a03J70t69E1tY,slAZJJzuAZ_4S-V1AAV5pFIKWCqM92Ly-ezoViwY5SvEiViJ_5Rd6fq8rMQb-hEnrfq_tfZlsnXme8Ym_au-QvgOvmL7Z2mw8cjrF4pT0gESFYQ4L-YFY7BTU728cduxKzoqBBSJsg~~,615594290,1yGQl9q2wIO.search.144,定期体检|餐补|节日福利|交通补助|补充医疗保险|五险一金,,,滨江区,西兴,120.230966,30.209604,否,否,否,否,否,否,,否
全栈工程师（余杭区良渚）,11-16K,1-3年,大专,杭州,1-3年|大专,全栈无侧重|JavaScript|CSS|Vue|Java|MySQL/Redis/MongoDB|计算机相关专业|全栈项目经验|前端开发经验|后端开发经验|国产化中间件|数据库|web开发框架,0,新翔科技,计算机软件,100-499人,未融资,86a9f309b337b07c1XN53d-6,许女士,HR经理,否,3,a17cf966ca9ce2970ndy3Ni6E1c~,e6f17378700b463a03J53Ni6FVJR,FVa7sfIE1ywP5-L1b9QM_jqgWOiMu4fBOEJEpwn7t5YFnLgwHq_uifEdHUiGU9FpbSxiQq3HRMnlcbUMzBnAkx7Rx0LiTmv2PHdnqXlZLxuh7ZwBmrSBYrGOSJ8lvzNCRyvXmXgbWQ~~,615594290,1yGQl9q2wIO.search.145,团建聚餐|节日福利|带薪年假|五险一金|生日福利|年终奖|定期体检|通讯补贴|餐补,,,余杭区,良渚,120.074221,30.407842,否,否,否,否,否,否,,否
全栈开发工程师,60-90K·16薪,经验不限,硕士,杭州,经验不限|硕士,,0,某大型人工智能公司,人工智能,100-499人,,,张世伟,猎头顾问,否,3,b96596b4e54e821303B42tW7EFs~,d43604aca737cfa103d50tS6EldV,uF9jmu0B9maws-61LoVmWDLy1MnWJSAcQc26yR1vhvld3i8iOW6eWJ6-TZMkpfev0Aqc4uBz8qxRHLlQMsG7oD37gCamWNsKADeIy5NYzL8zAIcpFX4DPHc7LdJgHvAuGxKeoM79jAZj,615594290,1yGQl9q2wIO.search.146,,,,,,120.173209,30.273631,是,否,否,是,否,否,,否
高级java全栈工程师,200-300元/天,5-10年,本科,杭州,5-10年|本科,Java|Spring/Spring Boot|JavaScript|Vue|Python|全栈项目经验,6,享视界科技,互联网,0-20人,,8296bd1a690786171HN_39W9Elc~,周女士,招聘者,否,3,9a115322ef24d49303Vy3Nq4FVY~,163e541c5c838c6803R40tS7FFJW,UM2FAhwfDWrro-u1hpBCCTEl3HzgMjIxNA0jFXuYcYf-zs6yeFZZdIGTFRvgnYSQzajtaVRg1RfPG4BF0zANLAQOzsZ48OANHofGwg-eKtrH1wBXL0gufLsI7I76fyoasq1y62MkTHo7,615594290,1yGQl9q2wIO.search.147,,,,余杭区,仓前,119.978325,30.279917,否,否,否,否,否,否,,否
全栈工程师,13-17K,3-5年,本科,杭州,3-5年|本科,TypeScript|Java|Spring/Spring Boot|JavaScript|Vue|全栈无侧重|HTML|MySQL/Redis/MongoDB|计算机相关专业|React|Python|全栈项目经验,0,鉴流工坊科技有限公司,人工智能,0-20人,,984ef40bd13f2ff503V939y5GVI~,蔡晨煜,招聘者,是,3,2d7738752783569a1XJ_0tS-FFo~,d02d73c98275247f03Fy0t60GFBR,aEPvn2wySAdMr-G1Ns-Up3AbZpyfO9ef9cqDcaNF1Cz0aJfcKKlMgZP3sxzvoPGbBdlgmy5LYFwZYpSIpPiZk5CG68rerD9WUqLs_Hsk0HaOI8AAxn9Mg8g4EmGm_3wKKtYgM1SWDGfFpmNDzaAveqV5uN8raX55MU8RTCO6ZKhVUYt2,615594290,1yGQl9q2wIO.search.148,,,,上城区,五堡,120.240625,30.308425,否,否,否,否,否,否,,否
全栈开发工程师（实习生）,100-200元/天,,本科,杭州,5天/周|6个月|本科,全栈无侧重|JavaScript|HTML|Vue|React|CSS|Java|Spring/Spring Boot|计算机相关专业|接受实习/在校生投递,4,宏恩网络,企业服务,20-99人,未融资,7b2f16ebfcb475e70Xd92dW1Fg~~,陈先生,法人,否,3,71dd24b63c727fec1XV53d68FVs~,d6beedbf7234c63e03d609u1GFpZ,fOJD6dGKPZS8d-R1xBMk0e64WleUT8VDqZI862kLSGy2OCTHZdk0sr9Tcq0dCM8uopkV20uvcyNyjEDu2fQp8uUAX76xXI3McU0F1mI5yR-NRcvyOww9qVcnRAKgodBF1aeanU84eUM~,615594290,1yGQl9q2wIO.search.149,员工旅游|节日福利|零食下午茶|带薪年假|加班补助|年终奖|五险一金|定期体检|股票期权,5天/周,6个月,西湖区,浙大紫金港,120.075894,30.308373,否,否,否,否,否,否,,否
全栈工程师,11-18K,经验不限,学历不限,杭州,经验不限|学历不限,Java|JavaScript|SQL|全栈开发|MySQL|后端开发|Vue|React,0,昆腾碧特,医疗器械,20-99人,天使轮,e4078ac0609457a30HV62d60Ew~~,王女士,项目经理,否,3,ce9b3d04ea68db1c3nF-39m-GVY~,578a05a2c8c719411nZy2Nu-GFVZ,_67Folvr3UmHT-81hjLwWS4VX5kBWTfyTNoyt5RnFKKGB-ZJh1rlNNjHLCd_KyMkoodPqqGYGuw6Aqhwpgy7SveQdO7Y-3Ht5yB2eQ_NPNjQG04RjjDaf_XsVt8DmAuqigw4_DtsFbY~,615594290,1yGQl9q2wIO.search.150,五险一金|年终奖,,,拱墅区,万达广场,120.122432,30.337351,否,否,否,否,否,否,,否
全栈工程师,16-30K,3-5年,本科,杭州,3-5年|本科,Java|全栈无侧重|计算机相关专业|全栈项目经验,0,树千回,生活服务(O2O),20-99人,未融资,22fc12ff593f28b41nd809W9ElI~,王女士,人事负责人,是,3,eb7728c5bd3baa140XV83tW1GFZT,baf7c98431d7e9c103d939m5F1ZV,V2uKGaDYOx_pc-l1ENAOBpDniN51ffLdS2FHrz0J_4eApr0QFj7rNI0T_9mE9ornA2aTj7v7S-O9dXOjQI1Q8m2F3oJ7RDbFJo1yEgpXp8641dhMSy38u64nAG1mW1jOB1PwX8tUViyw5w4z5_zaSJrbRN2mJra-98xj1068lkb-7KzxbQ~~,615594290,1yGQl9q2wIO.search.151,带薪年假|年终奖|有无线网|保底工资|团建聚餐|工龄奖|五险一金|股票期权|生日福利|绩效奖金|法定节假日三薪|节日福利,,,滨江区,长河,120.195568,30.198899,否,否,否,否,否,否,,否
全栈工程师,11-15K,1-3年,本科,杭州,1-3年|本科,JavaScript|HTML|CSS|Vue|Node.js|Java|Spring/Spring Boot|MySQL/Redis/MongoDB|计算机相关专业|全栈项目经验|微信小程序,0,浙江楚晟酒店管理,其他制造业,20-99人,未融资,2a7522e731d91a2903Zz3Nu5EFo~,黄程,人事,否,3,a638866b69962f670XN43N28FFRZ,82c8457f4e79c13603J_2tS1FVpT,irVdlaaSJWLjH-615zWxudDTTj1kJxd__rumGV2aAYyiMJmY4T-cB9SczKE_2yqk_SwGVP34jB7EUi6I-RO1V4erKWtlGEKSjcBj0S3Nfz9Rjv_v-sKA0d9OfEDtgDMwB-iPkcZZUAhuYQ~~,615594290,1yGQl9q2wIO.search.152,有无线网|住房补贴|员工旅游|带薪年假|底薪加提成|保底工资|全勤奖|绩效奖金|年终奖|五险一金,,,余杭区,仁和,120.081238,30.444627,否,否,否,否,否,否,,否
全栈工程师,18-30K,5-10年,学历不限,杭州,5-10年|学历不限,后端开发经验|全栈无侧重|计算机相关专业|前端开发经验,0,炽途,信息安全,0-20人,,e0be3bf7a22a19a41HNy0t-9F1E~,党吉元,招聘者,否,3,02583793d3ed8ba60nN82N-_E1o~,a04865e0143edb5d1H1539u5ElZU,f5RVP932lUY5o-g1NxV_Mk0OIXUGhlx0WCdH8tOJYjsH_NV2vdCNZmilulaxxg7wZ5YeoFkPoz89besWXpDzTxeXyO9CO45PbIhLTrkIDki-06KNkxVSWL_Asmxq_vJk1k2FoG14LgTa,615594290,1yGQl9q2wIO.search.153,,,,钱塘区,和达东东城,120.37095,30.30999,否,否,否,否,否,否,,否
全栈开发工程师,12-15K,3-5年,本科,杭州,3-5年|本科,Java|Spring/Spring Boot|后端开发经验|前端开发经验|全栈项目经验,0,浙江微养,医疗健康,0-20人,未融资,890155535a92405b1X142d-1GFQ~,胡女士,人事,否,3,1ea6d1b39f76fcb60nR72Nq4F1dR,a873de6ddb14512403F_3ti4EFNY,SMBeyshwm7Ink-S1wpBu0NC2LJdBWDjCwqBCJuqi6HFoJoyUp7eU7vJnjBsi17an1MEoIaHtc_Di6WODtkKeksYqEC8AMfKBVjjK9uZHWT3crasZJZZaI1dJh6qRj0l14OQiKX10Z5xU-g~~,615594290,1yGQl9q2wIO.search.154,团建聚餐|年终奖|五险一金|底薪加提成|定期体检|餐补|股票期权|零食下午茶|生日福利|节日福利|绩效奖金|工龄奖,,,余杭区,仓前,120.027769,30.275777,否,否,否,否,否,否,,否
高级全栈工程师,20-25元/时,3-5年,本科,杭州,3-5年|本科,,6,享享科技,人工智能,20-99人,未融资,5afbb011fe3cea731nV82d68FVc~,全春僖,CEO,否,3,036cac49d053f6870nR629m_EltQ,ba768ecfcc0accb003J-3NS-FVdX,AvNhOpkug2pix-J178bKTwzHwyEjuTqrgdAaZKd8g_NX1bXQqIm9Bke80EgUgphBx9NwxB1Nfka4rYPtiEz6iR1NTw_c8PtU0vkvVxwIXQUsLb_Jjxk7lDBOlI6QDDAmJn_8Cxp-gly7SQ~~,615594290,1yGQl9q2wIO.search.155,全勤奖|五险一金,,,滨江区,长河,120.165657,30.185749,否,否,否,否,否,否,,否
python全栈开发工程师,9-14K,5-10年,大专,杭州,5-10年|大专,PyTorch|Django|MySQL|Python,0,杭州桥度科技,计算机软件,20-99人,未融资,5a393d5f48a34fd81Hd93dq5,金先生,招聘者,否,3,ee4aedcc4abc0a791nZ83dW_FVc~,38cbcdc6e856545103F72d68ElVQ,kHFaFxMtao4y1-G10gxUktTAKeJ4zprq4OmM1ZpLCAmf2HQOT5X1F2aSuNmEJ59jrkX1ZDghRkYmdBjokO30r6jEgNQjQVdpXyy1IKr4fsDBxlw79XKo-DBo7vfXnNt7BWFJ9c9aEQ~~,615594290,1yGQl9q2wIO.search.156,五险一金,,,滨江区,西兴,120.226192,30.209757,否,否,否,否,否,否,,否
全栈软件工程师,13-20K·13薪,1-3年,本科,杭州,1-3年|本科,Java|Nginx|Docker|SpringCloud|MySQL|MyBatis|Redis|Spring,0,无垠科技,计算机软件,20-99人,不需要融资,296833911fe98c741X183dq8Eg~~,叶先生,CEO,否,3,7dc67584c051510c03Zz2tS-FVU~,5de9f732df5f686403J43969GFRV,DuTMONmQPSMjt-U1nZ3tMwilwHhOjEbYYkCSie0xIK5Hw9F-Biwd1E5bXkQW9aEEL8SvEfsXNpJko--niTipZjujyIMdToChNdbJPA1r8PmcRCaVGUnW5G-1TCDwkSp9o6treblIgds~,615594290,1yGQl9q2wIO.search.157,五险一金|零食下午茶|年终奖|带薪年假|定期体检|节日福利,,,滨江区,长河,120.16449929812642,30.18711761392827,否,否,否,否,否,否,,否
全栈开发工程师,15-25K,5-10年,本科,杭州,5-10年|本科,Java|React|Python|全栈项目经验,0,锦绣商贸,房地产开发经营,500-999人,,dd730ada5a8413161nV-29i0E1c~,周女士,人力资源总监HRD,否,3,cb7df5fb8a42c45a1nZ409q_GVpW,7a7f75ae5325dde703d63t2-FFRZ,8hwN5ClfikmTt-q1FPnkge684GUc72ZLAj7a9uRUPFPcwThf7Uimdp_vDDYGxQVS4EBbCYFegq-LLMdYIH6HUQW1e-gaMh2Qrb6BRKeuqr5yLyrg81qmmUK-6kEMvQPFi3YIkPOMEEC-Lw~~,615594290,1yGQl9q2wIO.search.158,缴纳社保|带薪年假,,,西湖区,西溪,120.063774,30.280683,否,否,否,否,否,否,,否
全栈软件工程师,12-18K,1-3年,本科,杭州,1-3年|本科,全栈侧重前端|全栈无侧重|JavaScript|计算机相关专业|全栈项目经验|前端开发经验,0,初心无人机,铁路/船舶/航空/航天制造,20-99人,未融资,40181c7adaeb28911XFy39S8F1Q~,谢女士,运营主管,否,3,75ec36d638c82a290nx92dS9GFdT,7e2bbfcb6824d44e1HN729-_FltW,c8oVVSmaBs4qQ-g1ABWDKafKcafd8KCpUBiuc9ciqJs59DbYxo5WXK6ZNKWa_X6PxZwDdtQKD4pjPJIwmyblteQkGtlWiBjozyWKwSh2JnvSDs5JUvONrepCe7wQbTNgt4MiryUMxuX35Q~~,615594290,1yGQl9q2wIO.search.159,生日福利|节日福利|带薪年假|年终奖|五险一金,,,西湖区,古荡,120.110139,30.266943,否,否,否,否,否,否,,否
全栈开发工程师,5-8K,1-3年,本科,杭州,1-3年|本科,全栈侧重前端|Node.js|MySQL/Redis/MongoDB|全栈项目经验|ruby,0,冀信科技,电子商务,0-20人,未融资,e2d2402b118f3bde1XRy2926GVE~,胡程涛,老板,否,3,6bd30c2909a06d431nV-2tW7E1JU,0e71fd5cb4c27d151XJ_3d2-E1ZU,FA9H9mUQGrMOA-D1ZpRQDIQFc82tVnULzftKRfZdHTsI2PdZNErvHAxVFxIcVjtC73ciHzuQFQ_aTY_lIQPp1GR8gYkes_DdeZl11teJuL10zkGBUjowUOPNXbVV7edqDLWGys4nitMqJQ~~,615594290,1yGQl9q2wIO.search.160,年终奖|团建聚餐|零食下午茶,,,拱墅区,三墩,120.101069,30.322689,否,否,否,否,否,否,,否
Java全栈开发,10-15K,3-5年,本科,杭州,3-5年|本科,全栈工程师|Java,0,真型,大数据,0-20人,未融资,c24e50a55e6e3ecb1nd709i5FlM~,严小兵,HR,否,3,31953b3a2d33d7b80nZy3N-0FFJT,5c16a722a1794c331Xxz3Nq9GFFV,Ti6xvevTAe0oX-b15nZjRUbS3sVEeaY2owqEH0gWpFyxTJ0ytA42murpHBiaKmDUjCdrOnk9S3eVB30iqgibLhHZlZ4KvrMH0v18ertfBqDK94lO5ZKYKHUHsvXwK5FWMrOoXeLMI3biVg~~,615594290,1yGQl9q2wIO.search.161,通讯补贴|年终奖|节日福利|五险一金,,,上城区,钱江新城,120.208124,30.239155,否,否,否,否,否,否,,否
资深全栈开发工程师,18-21K,5-10年,本科,杭州,5-10年|本科,全栈侧重后端|Java|Spring/Spring Boot|Golang|MySQL/Redis/MongoDB,0,杭州壹网壹创,电子商务,1000-9999人,已上市,55e7888744a5f1af1XZ73tu0,沈女士,高级招聘HR,否,3,55f5f9965e1818b61nV-2N2-F1VZ,d47a65fde7a892f503J_2NW7GVZQ,4m6u12Gy-9MdE-R15TZaD7vBM_nKQCtIRAlbboD9tULDtIvH_9G4lazFqa4PX2akxv0Bztqhgz27I8KDYxQuy2BRFwgd3z1ptbpEc4yOtWHS-hgoZ0gA0pDInIB_OXyicfFNv8ehcUQ~,615594290,1yGQl9q2wIO.search.162,住房补贴|超值内购|年终奖|带薪年假|员工旅游|五险一金|节日福利|餐补|零食下午茶|股票期权,,,钱塘区,和达东东城,120.373223,30.30766,否,否,否,否,否,否,,否
"全栈开发(nodejs,react)",15-20K,3-5年,本科,杭州,3-5年|本科,React|Node.js|MySQL/Redis/MongoDB,0,微点,电子商务,1000-9999人,未融资,5d2b8b450ce2340e1nJ-2t2-Eg~~,吴伟星,主管,否,3,a88610432eb696d71HNy2d2_E1M~,ec5726827ca9490f1H1_3Nu8E1ZV,4dTk3ZxK01wP0-W129jnbTvfed1N823vkg0QFEBRMzfMibUBUkX7_43WvzZRw2P4kttv1TGsBPzoj-D2k1_HC594zbYoZMGjyEyLPZIaHI4deKRpiMu-7RTIqhwR-B1bDQb1YV1ddvY~,615594290,1yGQl9q2wIO.search.163,五险一金|零食下午茶|生日福利|年终奖|定期体检|节日福利|全勤奖|餐补|交通补助|员工旅游|带薪年假|团建聚餐,,,钱塘区,工业园南,120.37241,30.304616,否,否,否,否,否,否,,否
java全栈开发工程师,11-16K,3-5年,本科,杭州,3-5年|本科,Java|不接受居家办公|Hibernate|Docker|微服务经验|SpringCloud|MySQL|Redis|react|Oracle|ERP开发经验|antdesign,0,新中大科技,计算机软件,500-999人,已上市,691a11584e38f0381nNy2ty6Fg~~,马礼慧,招聘人员,否,3,56e7c4768f60c5850HZ739u6FFBY,9c70e0de5b381de203J-2tm8E1JQ,MZo7-AgYtwXRf-A1okfe9XqtocyYlCCmSCQNHmxbj3zXQkfeHHZ2clBW5Z5b4mVIFP_HvHh0tiJIZBdAOCECQI3xy6jcaFWP5615v9Pw8Bu-ht7NIBcaob0g_HHqFnudqgMrOjxOFZvb,615594290,1yGQl9q2wIO.search.164,通讯补贴|定期体检|股票期权|交通补助|带薪年假|员工旅游|五险一金|餐补|年终奖|周末双休,,,拱墅区,万达广场,120.118381,30.336236,否,否,否,否,否,否,,否
高级全栈开发工程师,25-40K,3-5年,本科,杭州,3-5年|本科,JavaScript|CSS|Java|PHP|Golang|全栈项目经验|后端开发经验|AIGC,0,斑橙科技,电子商务,0-20人,未融资,f336defafdf3be5c1nV82ty9EVA~,蒋先生,总经理,否,3,1700a8d0b5f402a21nV43ty_,7c0fea29a2db022d1HZ_0tW8FVtY,CUwSB9nafZ11p-W1aMm0a5JG2C3UiSwrprCUCWexSk8o2QlLiruUTNq5Jf2VAA0Yg5KGyYg-f5NiyeF6ngOjdx7pMyL0LHs8hii64UbPBdHANllN-soAPggqqUnSWlYQSXrSZqCoVQ~~,615594290,1yGQl9q2wIO.search.165,股票期权,,,余杭区,仓前,120.00487,30.292227,否,否,否,否,否,否,,否
高级全栈工程师,18-19K,5-10年,本科,杭州,5-10年|本科,TypeScript|后端开发经验|Vue|PHP|Node.js|前端开发经验|Python|全栈项目经验,0,元豹科技,互联网,20-99人,天使轮,9ef3c4334136dd5403Z73tu4F1U~,吴敏,创始人&CEO,否,3,f16b63be7193c6ee1nZz2NS4,489afcc7e7baeb9203F53N-4FVZZ,yntZqr6AJkjHS-F1jeJZZDmKJyNESBfWjECW_DsvaYlBCyoKeHOvFtCbjyVnw5hWZXT80EUCnzSLdZHLYPzAT9uqT7oIKCMQcW1Uypf862wWwytWk7_-0ZTkggc987znhhMOcHD6PA~~,615594290,1yGQl9q2wIO.search.166,节假日加班费|工龄奖|五险一金|加班补助|带薪年假|餐补|生日福利|交通补助|底薪加提成|保底工资|绩效奖金|股票期权|节日福利|团建聚餐|年终奖,,,滨江区,长河,120.180195,30.189665,否,否,否,否,否,否,,否
Web开发工程师（全栈）,16-24K,3-5年,本科,杭州,3-5年|本科,Java|PyTorch|微服务经验|MySQL|Hadoop|运维开发经验|Spark|架构设计经验|Python,0,杭州新传实业有限公司,证券/期货,0-20人,,7ff3554cfbbce8ec1XF72t68EVM~,项女士,后台主管,否,3,1cf08343e48a0df80nN529W5FFdS,4708d26a4ca106271HN92tS-FlNX,Kxqb9Ne8ayEG3-n1ujyUuSJ42Q04nsKbjWX8Z7iLN6mLw42woShjHUZrFp7O-wW8yCEgQqg4l60oxjSIAF3Fl-BwWXUWQd4IlWvPyQ1R_faEULu8z-4S3On2QbNXn1xmzroHymg0ft0rOQ~~,615594290,1yGQl9q2wIO.search.167,团建聚餐|带薪年假|节日福利|年终奖|餐补|五险一金|底薪加提成|员工旅游,,,萧山区,北干,120.25066,30.180856,否,否,否,否,否,否,,否
全栈开发,20-30K·13薪,经验不限,本科,杭州,经验不限|本科,TypeScript|Java|后端开发经验|JavaScript|全栈侧重前端|可兼职|计算机相关专业|前端开发经验|React|全栈项目经验,0,杭州灵玑人工智能科技,人工智能,0-20人,,89314d33bf3cf6b21Hx80t68F1s~,李先生,ceo,否,3,d3e803665af9295103Nz3du1FFc~,28f45481121534c503Z-2N65EldX,pA0ULnh39cZC6-V1saEXCyLZ5pQCwNf1rrV31Q-ym-H49RG3d6MndtyqTKg4uqsTzY2w8TBIMSjGzZMExI_Oz4aZPZtPaOrSjjZ0VvjkK2oMvOuv622btCr973eVYIQ4utvmfPV2rh02,615594290,1yGQl9q2wIO.search.168,,,,萧山区,西兴,120.239876,30.239141,否,否,否,否,否,否,,否
python全栈开发工程师,12-20K,1-3年,本科,杭州,1-3年|本科,,0,杭州西湖交互机器科技,互联网,20-99人,天使轮,ac4ecb6ecbf59e521HJ-0ty1ElQ~,刘女士,行政专员,否,3,57aaeb2dd3a59c140nd82Nq1EVdX,345e5812b17590eb03F83ti-EFpR,VfFakNjP-A1mk-z1IXufxr8PSLICgvavfDN5cJxhq24H--9SjIf9W8xBnP0HtUmFfNQIAGf5p5E5ldwx1Mk5dr4b1ytYMNAhZHwjnT_CQNc6hyq06d9bfUGF49_POpk-vJtYLpfOT0WMfQ~~,615594290,1yGQl9q2wIO.search.169,高温补贴|五险一金|双休|生日福利,,,西湖区,西溪,120.061793,30.31519,否,否,否,否,否,否,,否
全栈工程师,8-13K,1-3年,本科,杭州,1-3年|本科,全栈无侧重,0,取新智能科技,人工智能,0-20人,,a4c5796d349a18b103V90tS9Fls~,朱萌,人事HR,否,3,822dd4ae12bee7df0nRz3d-9E1M~,125888a1bfaf28e203B83ty4E1pR,5Q9863TYe7GqN-H1ybtOxN1SwNOzD45MkH9q20HjhHL4LfmKY2Ir_1rKkHJtpVPfWKpDZaAMb5usjsBOGpZAaArJTvSqni6K30EJtj_TU20QmEf9IZTDtE92BtIAqkNhWBbP294kaDCL,615594290,1yGQl9q2wIO.search.170,,,,西湖区,西溪,120.100659,30.300959,否,否,否,否,否,否,,否
C#、ASP.net全栈开发工程师,15-20K,1-3年,本科,杭州,1-3年|本科,C#|ASP.NET|计算机相关专业|C#开发经验|.NET开发经验,0,检讯科技,计算机软件,20-99人,未融资,c60ea332a975a0b91nN7292_Ew~~,金琳,经理,否,3,b92bd4b97d58d9490nx70tq6E1FX,0a764dbbd94516341X1-2t68E1ZZ,FHfobEWtoZRfw-K13bShZus0rxFKJrrWBTnAiTk4uMCEK8gZp27A_f2NFe4rB329D8zUJwYrvey2ImkpwFzABlEcHR7buCZrZb2TadWvtxnjEBEU2-SWwpuzgmlwuQX53A6L8reklLhs,615594290,1yGQl9q2wIO.search.171,五险一金|年终奖,,,滨江区,长河,120.225692,30.209643,否,否,否,否,否,否,,否
初级全栈工程师,3-8K,在校/应届,本科,杭州,在校/应届|本科,Spring/Spring Boot|接受实习/在校生投递|JavaScript|全栈侧重前端|Node.js|计算机相关专业,5,城一数研,计算机软件,0-20人,不需要融资,4d57f6121c5920561H163du0Els~,刘女士,HRM,否,3,a93e78f40dd48bab1Hx-3Ny9Fw~~,df6351231e97580403Ry09i_E1FX,cQtOuAJVvDgeF-S1OgM9n6w-C9cliXPZY-RZFh5_cde78ikM6-zhnEWolcMm3IbMDLYNnD2dV3PbP36X_AFFrQhQQPzJ3NSSr_W05U17S3pKZWYPSDM6iFpM3nl6RxZGNIi5TaLGLlE~,615594290,1yGQl9q2wIO.search.172,五险一金,,,滨江区,浦沿,120.139648,30.185685,否,否,否,否,否,否,,否
全栈开发工程师,15-20K·13薪,3-5年,本科,杭州,3-5年|本科,Java|HTML|JavaScript|CSS|全栈开发|多线程|Oracle|MySQL,0,浙江万企动力,移动互联网,20-99人,A轮,59d4a34d8e0e731e1nN529m0,张平,CEO,否,3,ef6f1d876fd09beb0nR_2di6GVFV,7ff9d64f1840377c1nZ52tu-E1JU,f5RfI3yc-zSmG-810R_SzAsXRim_M59M9U5kzVWdiCsXChkQTrtUDRwMY8HV1k3fE5STAtPqJ5y35_VSp0tMG5Ww9FdduglgB_GaCkMv5pGK10aD2g8SmVvGPW719HRJAvtRbtGnvrk~,615594290,1yGQl9q2wIO.search.173,股票期权|节假日加班费|加班补助|绩效奖金|带薪年假|五险一金|节日福利,,,,,120.258896,30.309563,否,否,否,否,否,否,,否
全栈偏前端,15-22K,3-5年,本科,杭州,3-5年|本科,Java|Spring/Spring Boot|Vue|JavaScript|全栈侧重前端|计算机相关专业|前端开发经验|全栈项目经验,0,微工科技,互联网,20-99人,未融资,be27dcea715a7a901HR-2d8~,叶日发,总经理,否,3,68d87f07789930e80XVz3dy7GQ~~,9aeddf0e6198d3c01HJz2Ny_FFdU,vukKHPoyMbzmm-q1Knz11RgahHFKWhdutOggLF7Q_zEef4K6A3XNAk8IzMStx5V6Hqu-dLmKL0Dp0Uw1DK-u2LN_YydknH5d3eINUHKv75ie7HT-mAz_4ygfwzAM0oPK9aEmZd8~,615594290,1yGQl9q2wIO.search.174,全勤奖|加班补助|五险一金|生日祝福|年终奖,,,上城区,丁桥,120.214585,30.339899,否,否,否,否,否,否,,否
前后端全栈开发软件工程师,15-30K,3-5年,本科,杭州,3-5年|本科,,0,珞微科技,信息安全,20-99人,未融资,1bde54e21a06956a1HR909u6F1U~,倪章翔,总经理助理,否,3,3d3b4947d3c31fa40XZ70tm_E1VV,e203eff35f89b08803Bz2N-6FVNV,7QXhcmKvsclHZ-O1LoF6q_xwja4Ox1XPsa9b9N-2Zk-f94j_7TGrSCn9PTNotwGNfg_0RY26ljrXJkTv7VE1AblcaZBAJ4RwqMj-8xdo_BGRuyoEy6Y4z9G3vFeT29WFDy8qd0DwN9hwIg~~,615594290,1yGQl9q2wIO.search.175,生日福利|免费工装|团建聚餐|节日福利|五险一金|零食下午茶|定期体检|员工旅游|保底工资|全勤奖|餐补|带薪年假|年终奖|有无线网,,,余杭区,五常,120.045677,30.294416,否,否,否,否,否,否,,否
中级Java全栈开发工程师,10-13K·13薪,3-5年,本科,杭州,3-5年|本科,Java|SpringCloud|MySQL|Spring,0,易雅通CRM,计算机服务,100-499人,未融资,3bf928bd98cb49231nN72d-0Fg~~,俞女士,项目经理,否,3,1d9c271d1c8e234803dy2tm5GFs~,4ed69b941176e08203F92tm0EVJW,cm8cB0yvgysHZ-h1L8lFraBM7tTeK7VqSZbP0-6JqgG_P8vE4OR--T_SvpZ-m3nOrw7ZhVLWPk6cE-kZcDY-HEcW64fYLhn0X2dO0BHz4VyTeti3PZCahfq0fhdCvpKUp5m4Qor1iPc~,615594290,1yGQl9q2wIO.search.176,员工旅游|定期体检|年终奖|带薪年假|交通补贴|生日过节礼品|交通补助|零食下午茶|通讯补贴|节日福利|五险一金,,,拱墅区,建国路,120.177946,30.264848,否,否,否,否,否,否,,否
昇腾AI全栈开发工程师,15-30K·14薪,1年以内,本科,杭州,1年以内|本科,Java|Python|数据结构,0,华为,计算机软件,10000人以上,不需要融资,02cd05cce753437e33V50w~~,廖女士,软件工程师,否,3,519e2eadccf78b070Hx82d64F1M~,87385b41a39589431XV90t29EFVY,74yLxrxHL3WM9-t1jUwYtAaFFzGLihSnDYs1_PpogHJkB0KcKcSCl7dzrHWBN2BvkPx3CFBMJsX2mLX6X4yvp2Hbv-2CwOcHVp9sbaISHepgwXIAJbLNsaX514HR9VMdlywfvio~,615594290,1yGQl9q2wIO.search.177,夜班补助|保底工资|股票期权|法定节假日三薪|企业年金|员工旅游|加班补助|免费班车|节假日加班费|定期体检|零食下午茶|补充医疗保险|交通补助|带薪年假|绩效奖金|节日福利|五险一金|意外险|年终奖|团建聚餐,,,滨江区,长河,120.205796,30.183938,否,否,否,否,否,否,,否
全栈工程师,12-13K·13薪,1-3年,本科,杭州,1-3年|本科,TypeScript|Golang|C/C++|后端开发经验|JavaScript|全栈侧重前端|React|前端开发经验|Python|全栈项目经验,0,杭州智势,智能硬件,0-20人,,a663fbaa701b9a9a1XB80tu1EFI~,郑卫飞,招聘者,否,3,65a067080ab322d51HZ-29i7Fw~~,4e9537567732b5541X153tm1FFRY,ZObmSJlE2BOBT-d14RFMNwB8rgrS8J-uwtcZnX1_Hv5nuQ6xqkI3aNlk6xXajKWo-9RFjYLPuaqAp31IPi9z0fKHDM0BfTydkRlajyGZPENehgu3fGDVBC3m8fI1doQK9cgdyiixsrQ~,615594290,1yGQl9q2wIO.search.178,,,,余杭区,仓前,120.001809,30.280821,否,否,否,否,否,否,,否
全栈工程师,25-50K,5-10年,本科,杭州,5-10年|本科,React|JavaScript|HTML|CSS|Java|Spring/Spring Boot|全栈项目经验|金融   银行,0,某大型银行公司,银行,500-999人,,,彭琪,猎头顾问,否,3,bcb9bdd65b0a8cfb0XF639-6FlBZ,f3a26f6e31dbf6b503J_3t66FFJQ,21lGjHOmCpwuJ-_1u9vSJAe3oBUutJkkMOSgQHwraf98HtO-6-BvKs7I7Hblh3A9qgS5Kohvnc5K3g4-JfJ_ovcwhx55Hg3o6M71YHxkv4mPtrMO1A3OtY7qhsC2nwTn4xf0kMaxdmxgTA~~,615594290,1yGQl9q2wIO.search.179,,,,,,120.21626704108174,30.245991646192177,是,否,否,是,否,否,,否
后端/全栈开发工程师（AI电商商家工具),18-28K·13薪,1-3年,本科,杭州,1-3年|本科,Java|MySQL|Spring,0,杭州朗珏,电子商务,20-99人,不需要融资,99fc010755806fe6031_0ty_EQ~~,高方,副总经理,是,3,ecf5b12f4a4ec1b31XJ72du1F1U~,2fc423db0835c05403Fz29S9FFtV,YqbA-fpGPXLv_-V16bmNp5uG8Rnkq5h29Qb9DIv0TZwFqAl-3uyAaFMSducq78VQl_xiN19FCPOISiImBS35AdcEW6OOi91RnR4YAmNDeIKHwCXHdpCGLu3cOJdQuhV_Gu5FeMAsfNdD7XorySd3g6g3h90DLdvCo0Ch_PVqsTu0bWA~,615594290,1yGQl9q2wIO.search.180,保底工资|节假日加班费|五险一金|绩效奖金|年终奖|零食下午茶|节日福利,,,拱墅区,上塘,120.202708,30.325674,否,否,否,否,否,否,,否
全栈开发工程师,8-12K,在校/应届,本科,杭州,在校/应届|本科,TypeScript|Java|CSS|Spring/Spring Boot|ArkTS； Android|JavaScript|Vue|全栈侧重前端|MySQL/Redis/MongoDB|计算机相关专业|前端开发经验|全栈项目经验,5,红杉云澎,企业服务,20-99人,未融资,0b18b9ddb3af051003d90tu8Ew~~,王锋,招聘者,否,3,40a0232087d570a60XVz29q7EVA~,bdfe782a3dde9d8c03V40tm4FlJS,SlbBRT7Pv6nkd-x1sbDhec30s0BLHN9NfBioS-u5BvZLqfhSI6DFpMshseJppsTWriyWwOvHeliBfk6VeEUML9iN7oAyAB8h6qNtJMvAgUKup-FdJhry53N5BIm1pk2PwjwwenSdj4s~,615594290,1yGQl9q2wIO.search.181,股票期权|带薪年假|年终奖|餐补|员工旅游|定期体检|五险一金|交通补助|节日福利,,,西湖区,西溪,120.114187,30.291126,否,否,否,否,否,否,,否
全栈工程师,8-12K,在校/应届,本科,杭州,在校/应届|本科,JavaScript|Java|C/C++|Python|Spring/Spring Boot|计算机相关专业|全栈项目经验|前端开发经验|后端开发经验,5,研几私募,证券/期货,0-20人,,99213f15f4e3cde21HR53ty8E1c~,李兰,行政,否,3,f29059ce9f2efaec0HV53d66F1FT,68c44bc515a4559f03F43d25E1dV,C8ytuFc6cdtQh-_1wfN8Ed4X_kNORXYKnfTw8xCoiTdPrPrImBfU-R8LpeGwV27ho293nUQZJZ5cj3QjptEnMA4l4ayiKdjlv-vHKtChLDTBVQTF8GvNkVEQvEOmlmcgNOXuAqPPV5FeuA~~,615594290,1yGQl9q2wIO.search.182,,,,滨江区,长河,120.198183,30.208154,否,否,否,否,否,否,,否
java全栈工程师,8-13K,经验不限,学历不限,杭州,经验不限|学历不限,SpringBoot|Android,0,易事通,计算机软件,20-99人,,b7d0e77835e2083f1nNz09u6FVA~,赵碧英,经理人,否,3,da29dc44453a47dd0ndy3tW8F1RW,b956b095cc54b7061nJ-096_FldR,eENO5qGVdZpiC-o1PP8hjJVClXDIS8iM1zf7NmPJo6C8--0JHMzEYaSrY-TdAoX352j6CyB8GNnOoxgLq8EXS3VDwDCaEiw_ECISHpPPw9q9fR1lzJ1T-3SqO1hS-FS8uDGV2JL_cUN_wg~~,615594290,1yGQl9q2wIO.search.183,,,,滨江区,长河,120.201176,30.177168,否,否,否,否,否,否,,否
高级全栈开发工程师,15-25K,5-10年,本科,杭州,5-10年|本科,Java|Spring|MyBatis|MySQL|团队管理经验|接受居家办公,0,名遐信息科技有限公司,计算机服务,0-20人,不需要融资,2a07e337d16706a21n1-0t--EFU~,曹女士,人事,否,3,ff40b19cb45f28001nR90t65GFBQ,97bfc152da29a83e03J53d2-EVdS,I9Bk7ZY4qWNwB-w1nihdq_2c3WuO1lcbQ0-RDn_yQnajbt29FyFrpRpweefS8BKGPIddh7_YdTS2zVomaf1zUrHk6KonFUnVKUlzUsOpDrk9tOFX-XAj77X6XMrZK84iSVroYjdTV6D79g~~,615594290,1yGQl9q2wIO.search.184,年终奖|带薪年假|五险一金,,,西湖区,西溪,120.050871,30.23625,否,否,否,否,否,否,,否
高级全栈开发工程师,20-35K,5-10年,本科,杭州,5-10年|本科,全栈侧重后端|TypeScript|React|Node.js|计算机相关专业|全栈项目经验,0,凯棉科技,计算机服务,20-99人,A轮,c3368fa21b6d60891XB-0tu1Ew~~,赵黄强,项目总监,否,3,d59840cbb446d3a00nd82NS9E1o~,eacf45f41d8226571HJ_29S6GFJR,hqIbL8miWf7g1-21pWBBvhWoslvJ_opVxr-5MC3r69qNI6s9gswVitmFdGhZcq72S39i7s0pLENhE_qOnkcFkl42yAxX10O07egG_fZdriswfdW1JyzQ1uFO8wYGn4dZzSzYx1awTRo~,615594290,1yGQl9q2wIO.search.185,股票期权|加班补助|节假日加班费|保底工资|节日福利|年终奖|五险一金|生日福利|团建聚餐|定期体检|带薪年假|全勤奖|零食下午茶|通讯补贴|交通补助|五险一金|法定节假日三薪,,,西湖区,古荡,120.120388,30.276736,否,否,否,否,否,否,,否
全栈工程师,13-20K,1-3年,本科,杭州,1-3年|本科,全栈无侧重|全栈项目经验|前端开发经验|后端开发经验|计算机相关专业,0,数爆,互联网,20-99人,不需要融资,7e345651500364111nZ-29q6E1s~,何女士,人力,否,3,65577c75fa9f860a0XV63d-5EVJU,967e8f5133c9010703F93dS8FlFZ,CV7LZbhkO6wNw-t172Qo4PbkYwIOUPBU1_01E62iejD9dGe0Jw6xrre-Oi0OtCgqgRVsDkL48f4mH8TVwEDcPS7dEGUohsEb46m_reIBkTC83rlYk9IW7RxHPJDe2AO3dehgyN7oUDV4vQ~~,615594290,1yGQl9q2wIO.search.186,加班补助|节日福利|带薪年假|餐补|全勤奖|年终奖|交通补助|员工旅游|零食下午茶|五险一金|定期体检,,,滨江区,长河,120.200941,30.182263,否,否,否,否,否,否,,否
全栈开发工程师-AI电商方向,12-24K,3-5年,本科,杭州,3-5年|本科,全栈侧重前端|Node.js|React|全栈项目经验,0,乌鸫科技,计算机软件,500-999人,不需要融资,99d5004b33c2f2150XF43t28EQ~~,金女士,HR.招聘专员,否,3,65c29b223cb5f09d0nN829S1GFVV,e60968ea3523948203F92Nu-GFtV,yne3QjrafJTcZ-G1fv7pXSJJ6FPYFsp3sLW0SVGW_dMIwUMYhexMk3syucL8v1FEe6nlpzMcivmiq3_M3RYFk4LNYOfpbM-Ai4nHFtK50c2TJKQxM9UsCD6kP4WHNAPZ7NilJ_hBtXpR,615594290,1yGQl9q2wIO.search.187,餐补|员工旅游|团建聚餐|定期体检|免费班车|年终奖|节假日加班费|带薪年假|五险一金|节日福利|补充医疗保险,,,余杭区,仓前,120.023164,30.28337,否,否,否,否,否,否,,否
全栈工程师,500-260000元/月,经验不限,学历不限,杭州,经验不限|学历不限,全栈无侧重|全栈侧重前端|全栈侧重后端|全栈项目经验,6,火线传递,音乐/视频/阅读,0-20人,未融资,850702d5eb0d8c3903N72dy6Fw~~,张杰,经理,否,3,50c2ae6b5c4f3d7b0XF62ty9GVE~,430637ad3000f70503R80ti1FlRW,3siJqCS2QAavd-i1tFComl1PEe4-ebGLRykrHiO9tWOeH8v4Y6NdBAKuJ6tRg_3Zqqh9iDVZ3nbawGRVhfktdwD6OnQy0i8jApSPSn-D0RgGP4Jl7sRMIcQr6R_FyCPtEZPUzPFHpZw~,615594290,1yGQl9q2wIO.search.188,,,,拱墅区,上塘,120.144666,30.313177,否,否,否,否,否,否,,否
高级全栈工程师,15-16K,1-3年,本科,杭州,1-3年|本科,,0,医群健康,医疗健康,0-20人,,215fd23988bf62431X1539W7FVA~,王宁,招聘者,否,3,b5129f4b6c0f33d603R739i4EFs~,3b8a680a5a4e534f03B70tW_FlpR,ubRdMVMFq8KD4-z1nWt1Jo6y1cQe082JFmJGIcjpG8icGWEGT753r9vWakP7jCWu3sC-ipTTsFACMCBJvYZJu0LSh1Oh2n5xnrHcx751arq8hUxk4L3dnjz8QeVgMElAmtLmx7a6EsI9,615594290,1yGQl9q2wIO.search.189,团建聚餐|零食下午茶|五险一金,,,拱墅区,文一路,120.106084,30.303038,否,否,否,否,否,否,,否
全栈实习生,150-170元/天,,本科,杭州,5天/周|3个月|本科,Java|JavaScript|Python,4,中控技术,计算机软件,1000-9999人,已上市,da74a7222c9069321XJ629W7,王欣雨,HR,否,3,9ab64c2bacc5d6ba0n1y3Ny6F1FS,d290a1fd6993421703dy2N-7GVZY,ncSRDiCAkRfqr-q1XBtwypy6ENkl0NAIXhyOudfs4dQSEXDYb3aCvygRAlvIBeZ3g4rOK4f1GxxZGp8JBmKEIHlv96ga69xAqLI7-z2m6wfV8ijDn57PQeM2VpjnkMuBenZupNxnAHg~,615594290,1yGQl9q2wIO.search.190,补充医疗保险|法定节假日三薪|五险一金|交通补助|年终奖|带薪年假|股票期权|通讯补贴|定期体检|节日福利|餐补|住房补贴|高温补贴|零食下午茶|包吃|生日福利|加班补助|团建聚餐|员工旅游|免费班车,5天/周,3个月,滨江区,浦沿,120.138762,30.179663,否,否,否,否,否,否,,否
全栈工程师,8-13K·13薪,1-3年,大专,杭州,1-3年|大专,JavaScript|HTML|CSS|PHP|MySQL|GIT|全栈开发|Vue,0,自由人科技,计算机服务,20-99人,不需要融资,2087f62d0ca425051nNz3ti1EFA~,刘先生,负责人,否,3,9f31322c15735c9303Ny2du_F1U~,9ce76264aa7e873e1n1729u1EVRQ,ds1q1HUEDchOQ-31Rb6m2TUSMunFYonKSFCd_i235_4o75yk4kf5kWMh-fl1V1TVfEc3u0snOpdbFl16d2tZkX2xNHSeyNyanqmfnyg1XVEwg_KB_QhZ11eJdND6qUJsw5ORm4nHtQar,615594290,1yGQl9q2wIO.search.191,带薪年假|五险一金|股票期权|节日福利|补充医疗保险|零食下午茶|员工旅游|年终奖,,,拱墅区,笕桥,120.197292,30.324238,否,否,否,否,否,否,,否
全栈工程师,8-13K,1-3年,本科,杭州,1-3年|本科,,0,杭州凌柒凌亿,旅游/景区,0-20人,A轮,7acf39adb35af5c51XR-39y4GVU~,吕彬彬,总经理,否,3,4d873f30b988e87d1nJ53du0,b2d5fa2625bdcfea03Z52Ni_FFBT,P7McXTkooq7iS-P147PK2PXUqx-lonT20seMeXokTe_hxomDX_oqzhtfg_99AZIoMWdxCcMY9g7-eS_gOUH6AO6JlKmHny8jz-uCnSSI3CzV3Wj_cWw5tVawHKLAsBPQhaV4Rt5YbQ~~,615594290,1yGQl9q2wIO.search.192,生日福利|团建聚餐|底薪加提成|带薪年假|五险一金|年终奖|夜班补助|员工旅游|保底工资,,,萧山区,萧山新城区,120.248821,30.203537,否,否,否,否,否,否,,否
棋牌游戏全栈工程师,11-20K,10年以上,本科,杭州,10年以上|本科,Cocos Creator|麻将|lua|skyuet框架|棋牌|Cocos,0,烨欣,计算机软件,0-20人,,8214f9b3cc22c1f11H1539-_E1I~,张先生,高级招聘专员,否,3,6f421d131d152f9e0nN80tW6FlpU,d4aa7c2f6fe84b7203dy0966E1VW,5vWSDbZvm4JRt-W1sjIMwGGaHuv6kaE309JhodnygbB7BsUfDUSXHfaI5wBpg_K1O_f1YXlVpTSs9sMGB0LlX_h3eq0JkRsagzGdsFdAk4EhH3fCiUrFs47uCNC6-ljRVCVqZft6Btk6aw~~,615594290,1yGQl9q2wIO.search.193,,,,富阳区,富春,119.932637,30.089746,否,否,否,否,否,否,,否
全栈开发工程师,16-25K·14薪,1-3年,本科,杭州,1-3年|本科,全栈开发|后端开发,0,华为,计算机软件,10000人以上,不需要融资,02cd05cce753437e33V50w~~,叶毅威,后端开发,否,3,e135b95e0a461a930HB60t--Fls~,21652376cd48ef281nJy2d2-FVVR,91X4pdgbGJ7I0-91tXLUUK4V1F6Yi7DHaGoNiQ4sZVtjVX6wTvMOmwYP5kPcWEkK4M6xBs8qWHhB3SJL1X2fzoJu9jh65ytB_xtNuYdid5rUtVms30lcQ7gxxWzcc7wW6Z937w0~,615594290,1yGQl9q2wIO.search.194,免费班车|带薪年假|保底工资|夜班补助|节假日加班费|五险一金|股票期权|企业年金|绩效奖金|法定节假日三薪|节日福利|员工旅游|定期体检|补充医疗保险|意外险|交通补助|年终奖|团建聚餐|加班补助|零食下午茶,,,滨江区,长河,120.205783,30.183937,否,否,否,否,否,否,,否
全栈工程师,15-30K,1-3年,本科,杭州,1-3年|本科,前端开发|全栈开发|GO|全栈无侧重|后端开发,0,数与科技,计算机服务,20-99人,不需要融资,b8b14fc174a0c58e0HZ709u7GA~~,马先生,招聘者,否,3,99e1a624614242241XJ_2dm6GFI~,f9013f6e399603fa1XN409q4FlNZ,gqvHoYUQUU2pz-e1ep2wNdrgzODx0D_9ufGUwcQmKGBTac4WdWXBqjfl1BMpKprVRnhoIsUGVSz_b2t5lmc8_9XhBj52UEoUIRqwYr1fMxBnGNRbaoW-MGvelibw34_16cXh2RsywoE~,615594290,1yGQl9q2wIO.search.195,五险一金|股票期权|员工旅游|带薪年假|餐补|节日福利|包吃|零食下午茶|年终奖,,,余杭区,仓前,119.998303,30.276959,否,否,否,否,否,否,,否
中级全栈工程师（Go/Vue方向）,20-23K·13薪,1-3年,学历不限,杭州,1-3年|学历不限,Golang|后端开发经验|全栈侧重后端|Go-Zero|Vue|全栈项目经验,0,杭州泰旸生物,人工智能,0-20人,天使轮,fd8ba15ba3ff34e803Zz3di7GFQ~,史璐,人事行政总监,否,3,de2544add7c57df10Xx62dS4GVFR,439bbded7f5358ab03J529u4EVtR,TWtc21UYdq7R1-m1Z2M1mAsJdY_M_Nc-KchwFvTnykqd6waQvd8M6Mx3-30gXz2XPz12eLIozQXeO1x1g_CXPZdmqB3LgMKT0qZGXgjXyZmKYacyQcEhLD7XqXpBBrd3l-fh5G6fLZ408A~~,615594290,1yGQl9q2wIO.search.196,,,,滨江区,长河,120.212877,30.182378,否,否,否,否,否,否,,否
Java全栈工程师（自研知识服务）,12-20K,3-5年,大专,杭州,3-5年|大专,CSS|全栈开发|Redis|WEB开发|客户端开发|图形图像处理|流媒体技术,0,大申,互联网,0-20人,不需要融资,0f19d37174c1c21c1nB53dq_Els~,徐先生,创始人,否,3,220147eaf2c800e01nZ70tq4EVRW,7a4e5fc096b9ddd21XZ43t21F1VU,tAwL_D7qhZntK-S1T6dKWA3qrSOpoGoFACrb0JLWJUP-A1ozE1OJ8EuWkzjI5Dk1fCnfPOEHKLPBMnjfAwDydsgOQIbxonjUQ12uz_Qiuyk1UzYDKgXi_6hp39FTZ7VPyjzWbPPCtqqSQQ~~,615594290,1yGQl9q2wIO.search.197,五险一金|定期体检,,,滨江区,浦沿,120.156578,30.179613,否,否,否,否,否,否,,否
java开发,13-25K,3-5年,本科,杭州,3-5年|本科,Java|Spring|SpringCloud|MySQL|Oracle|分布式经验|微服务经验|音视频经验|AI大数据模型|react|全栈|Vue,0,中电金信,计算机软件,10000人以上,B轮,9e1bceeac44be7361nd80tq6E1U~,李女士,HR 高级人力资源,否,3,1aa4b1b4bf96aaa10nx_3NW9F1M~,c0d6339b53ae30301HZ93dW0EVBS,uY3Xgy7l7aB9f-z1YlGeI60MkZAqUe7fRY2_1gFpAiQg-jU_z4jYu7zuMi5Wb0edbzNcdJZD_CYJubzMqDADzacNOvJyG2pdBZoSQHgE0KSvXTAyTIfYl_m08rhiTi9phbD0khCRzhri,615594290,1yGQl9q2wIO.search.198,节日福利|定期体检|补充医疗保险|五险一金,,,滨江区,浦沿,120.171877,30.188515,否,否,否,否,否,否,,否
全栈工程师,15-22K,1-3年,本科,杭州,1-3年|本科,JavaScript|HTML|Vue|Java|Python|Golang|计算机相关专业|全栈项目经验,0,繁世科技,广告营销,0-20人,未融资,68f727db4a2a2cd903Bz2tW7FA~~,苏先生,CEO,否,3,4a4fa41d04061f341XN72N65EVc~,d6effb960b09eb0b1HN-29-1GVFQ,XYwLkIajiJKiG-g1IoPYrf__p6NAB-Rtb6akwbp2dXfcwOZl90a7SBPTPg4KqMVEvl_7XQTTSlkjjMaVtwRGc7tYBHFiZcxO3Wai28DVfMyNs9AZSicSyw8d7OTlPYByHBbNWbPPCR8~,615594290,1yGQl9q2wIO.search.199,五险一金|年终奖|股票期权,,,余杭区,仓前,120.021523,30.288646,否,否,否,否,否,否,,否
全栈开发工程师,15-25K,3-5年,本科,杭州,3-5年|本科,MVC开发|架构师|Spring|MySQL|微服务架构|算法基础|全栈开发|IDEA,0,吉时工业,互联网,20-99人,未融资,086eb85242aa26880Hx93d-5Fw~~,张雅,人事经理,否,3,a64dfec3ae28c76e1XFz2tW6EFo~,da6b38dad81ac8671nx_3dW9GFtV,KJ4jPDzfM5KRs-f1btIxT0-wZa-bncsvH8-nKsFvvHPoyF28Sxwrsq8iFMVxXUEOtLlZurVG8-gOuYQE_82lNOmcK_0Rj1pTnM7GyAkzB7FUTM5C2AHaQUCehgzMrvZYnz83JmK0BXI~,615594290,1yGQl9q2wIO.search.200,五险一金|带薪年假,,,余杭区,老余杭,119.926536,30.243212,否,否,否,否,否,否,,否
高级全栈工程师,20-30K,5-10年,本科,杭州,5-10年|本科,TypeScript|Java|CSS|JavaScript|Vue|全栈无侧重|计算机相关专业|React|全栈项目经验|Python,0,脉策科技,互联网,100-499人,B轮,e8482e3fb88991d61HB82dS6FQ~~,李庆华,总经理,否,3,dbfe6708adba06e50Xd52d61FFM~,c7711fa76c924f3c03F-3d2-FVBW,oUZwfFMlIpj05-X1jo27oStTjXQzZSyUxhSTq9wjvSbh_i8Aagt781TQwV_keliSNzwnS078QmAQp9TUIqOUCNrvs9UsUKUGAW0SOogLXTnKwymsQUXVEO_OU4fN5etTyQUtx5PYMDI~,615594290,1yGQl9q2wIO.search.201,五险一金|补充医疗保险|年终奖|带薪年假|定期体检|员工旅游|节日福利|人才引进落户,,,上城区,湖滨,120.164619,30.254688,否,否,否,否,否,否,,否
全栈开发工程师（AI，大模型）,40-65K,3-5年,本科,杭州,3-5年|本科,全栈无侧重|计算机相关专业|全栈项目经验|AI、大模型 llm,0,某大型人工智能公司,人工智能,100-499人,,,梁女士,猎头顾问,否,3,3ea195b7c1664c0f1nVz2tS6F1NW,dfd7aeb15b33658203V82924GFNX,LOm2qauz4gNa1-41wgBwa5vThyirQ0RaHpqp8cATOb49jYF98T_5RlUHWt9ZEzzca0wm5y14aVlCTHhp_36uctUOziW73njohfHRfZs9a8UpAgFD8d4TKSCY75qKWu2tvjQdlRKUEjovJQ~~,615594290,1yGQl9q2wIO.search.202,,,,,,120.173209,30.273631,是,否,否,是,否,否,,否
全栈工程师,10-13K·14薪,经验不限,学历不限,杭州,经验不限|学历不限,全栈开发|Node.js|MySQL|Vue|PHP,0,凌武科技,信息安全,0-20人,不需要融资,2d4433918eacd99d1n1409-8FFM~,王丛原,人事,否,3,dd4eab1eb698d8bf0nZ_3NW_F1RX,376252c72e80b7e91n193ty0F1pV,DRdzdQo27o5cu-g19IivHl1xsuAU8s9DLwYDeKffQL2Yu41P2ZFL1Qg0MjaUdxtwMfYAeqgEI2AqsnQqBrkFqGJb6MduamrDLAt6zo6HONTn67dB9BhzjSYnfgahN9VMldfjXt5oSF3CBA~~,615594290,1yGQl9q2wIO.search.203,节日福利|免费工装|弹性上下班|五险一金|员工旅游|团建聚餐|零食下午茶|有无线网|年终奖,,,钱塘区,高沙商业街,120.341379,30.315573,否,否,否,否,否,否,,否
Java全栈,15-18K,5-10年,本科,杭州,5-10年|本科,Vue|Java|全栈项目经验|前端开发经验|后端开发经验,0,南京迈特望,计算机软件,1000-9999人,已上市,7e2181b1cd739d211nV709u_,邹女士,高级招聘顾问,是,3,f58694a3749f8b7433Zy39S5F1U~,046472a4bdadca7003J_0960F1JU,U2C4A6SpxR1af-D1k6ZQmUmL4dOrlO0wThVipDl5AF3Z2e0H6UL3fsE37ETdKGwA0ABwSBILhNpeV8eYYohvZgzG62HX3nGxlO-jtTFX3jXQwVErvJcwBfu_fnRhtr-636m_k0Q1flmu4LAQoyFoqGWe5fNHnbTo4TkBBZeYYi5Qyw~~,615594290,1yGQl9q2wIO.search.204,节日福利|意外险|五险一金,,,滨江区,长河,120.185868,30.191883,否,否,否,否,否,否,,否
全栈搜索工程师-搜索方向,12-15K,3-5年,本科,杭州,3-5年|本科,Spring/Spring Boot|MySQL/Redis/MongoDB|React|Python,0,博查搜索,人工智能,0-20人,未融资,c44919bd774d313703R80tS_EFs~,毕青熠,行政,否,3,e2cf2072c97470d40nd63ty-FltW,b6340445bd4b1e1a03F82dW4FlJV,BptyFGk7-y9uy-g13X14ghDXbmM6sIzCq_jkGSPQHGs-_wedVfVou2nr0-_WHiBY5YQ4_tU38Fsr2v_C9ZOSCXqX0m2qRkeJitSyFzWMoRWuDmj0yImasBoYNGOByEfQ9qXS4AvPNY58Og~~,615594290,1yGQl9q2wIO.search.205,节日福利|有无线网|团建聚餐,,,临平区,南苑,120.304296,30.407783,否,否,否,否,否,否,,否
高级全栈开发工程师,12-24K,3-5年,本科,杭州,3-5年|本科,Java|Spring/Spring Boot|JavaScript|MyBatis|全栈侧重前端|HTML|计算机相关专业,0,杭州伺安机器人科技,自动化设备,20-99人,,0abde108bba709801HF92tS_GVo~,陈先生,研发负责人,否,3,968e39bf5abeec6803V-2N27ElU~,c185a0ae2ad647511Hx929y1EVFQ,x1hZn2_rk4PnK-l1iaQvS3aZ4pBZ7SyAtd1sEQ8kLwmShJNZs8WP9byyjztD5x2nT2S4chSwVu-XcQNhQVk51kElCikThBA9sIOZYZOl4beHPT4PIoElgkA__JjEy751CN8XSbmA-PVN,615594290,1yGQl9q2wIO.search.206,,,,西湖区,三墩,120.06961,30.315591,否,否,否,否,否,否,,否
高级全栈工程师,8-13K,3-5年,大专,杭州,3-5年|大专,全栈侧重后端|PHP,0,浙政文化,广告/公关/会展,0-20人,未融资,8f5e766154f7727a1XF_39W9E1o~,陈伟,招聘者,否,3,96fe1434095d77d403J_29u6FFY~,7a3b121c8eea098f03d53tS7EVFX,Z4gIvGaDbRO2F-m1ZyDBIoy5vTOP1JJ0ciXyHF80vHvMht2q7SSjhnPE-9kSttbLV_qjVyxlmAX6dKmHF9PG_dGqZV7F54VskjM0YYbAh5eFE8Djnf36jQDwqM6L7JChPCSBFyYSseup,615594290,1yGQl9q2wIO.search.207,节日福利|零食下午茶|底薪加提成|绩效奖金,,,钱塘区,金沙湖,120.314738,30.308531,否,否,否,否,否,否,,否
"全栈实习生(vue3,java)",150-250元/天,,本科,杭州,4天/周|6个月|本科,Java|不接受居家办公|MySQL|专业前|Redis|vue3|Spring,4,开市斧,计算机软件,0-20人,不需要融资,024624d7eac82dd503V62di4ElA~,杨先生,产品研发负责人,否,3,a49f581c71be48e71Hx43Ni4Flo~,8e1ddc030b55ed5703F-2t66ElNW,PswNywwW0gV6N-W15NKsQ_7f5hKvKf-cEItWFmqYJfIlURVesbVRGHgqefhTdC0VhrNjpz_qhukrsK0jKBUmpFs2CZt2FFWfrTgChd4nlyJjXmb2wlMV3LA7QjyDxBqJ0hkjecZ0ZMbD,615594290,1yGQl9q2wIO.search.208,通讯补贴|节假日加班费|有无线网|年终奖|加班补助|团建聚餐|五险一金|绩效奖金|保底工资|带薪年假|法定节假日三薪|股票期权,4天/周,6个月,滨江区,长河,120.221486,30.205855,否,否,否,否,否,否,,否
华为云-Node.js全栈开发工程师德科OD,18-25K·14薪,经验不限,本科,杭州,经验不限|本科,Vue/Angular/React|Node.js,0,华为云计算,计算机服务,10000人以上,不需要融资,08fbb99a8f9314e21nF73Nq9E1E~,李卫,前端开发,否,3,fa0e15a7c6336f750Hx63d68GFI~,2c886609c59618671HZ90tS0GVRW,8jvr_wILZBozq-k1qZPubuOWVtxAUUsF0jcESEWBjB_uWzc3L-zOrrK4nWnf-1phTuiHg4oc3V9Am6amqdr5TLd6OZzjaD7Gmn9NPE10kz0Ec25wjXDydeNIRBF1asnDoPzsQ1Ed8v18,615594290,1yGQl9q2wIO.search.209,交通补助|法定节假日三薪|节日福利|员工旅游|意外险|补充医疗保险|零食下午茶|保底工资|带薪年假|节假日加班费|年终奖|五险一金|住房补贴|定期体检|团建聚餐|免费班车|生日福利|绩效奖金|夜班补助|加班补助,,,滨江区,长河,120.203909,30.184684,否,否,否,否,否,否,,否
全栈开发工程师,40-60K·14薪,3-5年,本科,杭州,3-5年|本科,,0,某中型人工智能公司,人工智能,100-499人,,,谭凑生,猎头顾问,否,3,a0cd40582a18e37b0XR63Ni5FVRV,4e921a7a755138c603J729q4FVRV,hoQhlYI1XucFw-91W8XvXd1gylnX1iWCxVYgVJaBHuo_GJUu7vcfURbng7vLKy-kvNKOiJ3PTqVn_6_HtffGefzZr1w_p-tD5BMLAwKOz6yRjGXImjqbH23V_o0nwvHmsk3p2dhGVnIWLA~~,615594290,1yGQl9q2wIO.search.210,,,,,,120.17395445780211,30.273787418893836,是,否,否,是,否,否,,否
全栈工程师,6-10K,3-5年,大专,杭州,3-5年|大专,Java|CSS|JavaScript|Vue|PHP|.NET|MyBatis|全栈无侧重|HTML|MySQL/Redis/MongoDB|计算机相关专业|全栈项目经验,0,小羽科技,互联网,0-20人,A轮,202ce806fb7df7061XF-3d68,唐华明,企业法人代表,否,3,c034b346281600d90HB52Nq1Fw~~,80a47379192e409303V-2tS7ElZT,d6vF2SPGSaDAf-313sOUpirdgfd7DTgqf8fwEG1OGUPA4IKI4bsJQ60cPnCNm6i-1KJHpD3VNYtiN6tE-ZKCgg5jtEGyzeUjSTWRdnItKQbjbbBVs_BRzkhqouXHtV2-Y1nDfMSI,615594290,1yGQl9q2wIO.search.211,保底工资|带薪年假|团建聚餐|绩效奖金|零食下午茶|年终奖|五险一金|底薪加提成,,,上城区,火车东站,120.201707,30.298446,否,否,否,否,否,否,,否
高级全栈开发工程师,20-30K,5-10年,本科,杭州,5-10年|本科,Vue|React|JavaScript|HTML|CSS|Java|Python|Spring/Spring Boot|MyBatis|MySQL/Redis/MongoDB|计算机相关专业|全栈项目经验|前端开发经验|后端开发经验,0,云医购,医疗健康,100-499人,A轮,9191afc02252c81a1nF-3Ny4F1c~,王女士,人力经理,否,3,22ff029ef976ace60nZ63dm9FVA~,0540194965842f1303J_3di7ElRX,qiigR0Y6TQsX5-U1d_n2MUVPR__ueDIH8R7Ple6bS3jW0huKBd7gWPEqOYUshXSnCcN0g58Ybw9GquMQYKql1NRN85DJXp4y-seAw9UKGNDFBYGp2HcwecWQPUelhImXu-6wbF5O5O6k,615594290,1yGQl9q2wIO.search.212,五险一金|通讯补贴|定期体检|带薪年假|年终奖|餐补|股票期权|员工旅游|零食下午茶,,,西湖区,三墩,120.067221,30.315776,否,否,否,否,否,否,,否
【硅谷独角兽 支持remote】全栈开发工程师,40-60K,5-10年,本科,杭州,5-10年|本科,Golang|Java|全栈侧重后端|JavaScript|全栈无侧重|Node.js|MySQL/Redis/MongoDB|计算机相关专业|接受居家办公|React|全栈项目经验,0,捷瑞网络技术,互联网,500-999人,D轮及以上,1a61200012cc861633x909y7Ew~~,王先生,hrbp,否,3,3942e4a627bec0940HV_3tS1FVJT,af47256a0724a8c003Fz39m6GVdX,d76lyfqdyPP0S-G1C-uc_0N_UH3075xbplb6sZv_12W2BEZAPpktaKw6uYKBTbMOhFUEm8VhVploJuVITuZ8UpYFNlepclWQNI3S1JMj20KCzLtrE3U6oTWTc4zqEM5IcqMxxY3TW5-X,615594290,1yGQl9q2wIO.search.213,股票期权|通讯补贴|员工旅游|五险一金|节日福利|年终奖|定期体检|带薪年假,,,西湖区,西溪,120.14606,30.279242,否,否,否,否,否,否,,否
php全栈工程师,15-30K,1-3年,大专,杭州,1-3年|大专,,0,杭州中谷纵观商贸发展,批发/零售,0-20人,,78b92e164e1ffcf21HF93d65ElA~,李通,人事专员,否,3,0420988ae92920390XZz2tu-GVpZ,24a0ff9c0b09677803R_3t-7F1NY,YnMgrgZQDWvZq-u17o39GSRGjjHSXIgvUONj3ii-ZL8vQzLaU4cOoH0q6AsW7JUN6Qxb2DoahG22xlNwufGo1eliIKzR8oNnCTjdoPfZZZQKxwWT_GEGOS5Ex0BJUQyngsPRqB-9vMFKqA~~,615594290,1yGQl9q2wIO.search.214,带薪年假|股票期权,,,上城区,西湖,120.172705,30.252802,否,否,否,否,否,否,,否
php全栈开发工程师,8-13K,1-3年,本科,杭州,1-3年|本科,,0,美弧科技,互联网,0-20人,不需要融资,e4e096d6060a6f321HF_3Nm-GA~~,蔡金领,招聘者,否,3,f1beab384f29eb991nR_3N-7EVtV,c07343c4b2e0c7ad03d82ty5EFFV,JxpmhnDvfA4Zr-u1HxtVdIX2RGRvMI5f2R-Z6XRySHJ9GQmsC1vAx7ZlR1DCYUMtbzwhYKhaWuBHbvVcU98clPlGjSV2P4DUHIFRoQcjNlPW3d_kd7-zyTRjwMRwjlGPN21I89eFSzdO,615594290,1yGQl9q2wIO.search.215,加班补助|全勤奖|零食下午茶|五险一金|餐补|节日福利|带薪年假,,,上城区,五堡,120.249557,30.309213,否,否,否,否,否,否,,否
全栈-杭州、长期出差北上广深+差补,15-30K,5-10年,本科,杭州,5-10年|本科,全栈无侧重|Vue|Angular|JavaScript|Java|Spring/Spring Boot,0,恒生电子,计算机软件,10000人以上,已上市,ccfd56e4b8c84be21nZ93t66,李女士,猎头顾问,否,3,e86a822ed2fe20cc03V-0ti1FFQ~,c585c1fc10ea65e403dz3dm8GVRZ,fpvRisLD0gUmd-v1PaL51Xu1eU-QhAlCLZZOF0sdVr2qm0WPDWLh27dXb4sStMro-Pcm0DcKj5F670wpmHRg3QfLxNx20opPuoR6pNh6ZrN49aquAJCklxwphLuYUXcJ2M-hAJcwdA~~,615594290,1yGQl9q2wIO.search.216,带薪年假|年终奖|五险一金|双休,,,滨江区,长河,120.185868,30.191883,否,否,否,是,否,否,,否
AI开发全栈工程师,10-15K,3-5年,本科,杭州,3-5年|本科,全栈侧重后端|React|HTML|CSS|Python|计算机相关专业|全栈项目经验|后端开发经验|前端开发经验,0,变则通,互联网,0-20人,天使轮,33e02861ab338f841Hd53dm-FlA~,陈京昌,经理,否,3,ec8ebfcaa82284d90nF90tW9FlBW,d6717300a8ef0ece03Ry3d6-EVdU,YzAIND6fZtuaU-j1lEa5aPi5jT-nISj8inuxo0tux8KhUjpZ5UJZeY8HTbdV1Gv6ldQVuYjCiFSHXBKLxwGP5t0TvJdhHY3KBGYaVDL55Bi9QxSpo8F8lyXL8KmCgf5MxtikUTr0HCnGfw~~,615594290,1yGQl9q2wIO.search.217,保底工资|年终奖|股票期权|绩效奖金|五险一金|带薪年假,,,西湖区,西溪,120.06688,30.291347,否,否,否,否,否,否,,否
java全栈开发工程师,20-28K,5-10年,本科,杭州,5-10年|本科,Java|SpringCloud|Redis,0,航天宏图,计算机软件,1000-9999人,已上市,4a3f51d570b0562c1XR82d-_,廖可可,HR,否,3,8f5efa0519031c870nx-3Nq9GFJW,4f4e95a2252d1b1f1HV92tS4EVdT,3Ne67TqaQy6n2-u1zBe7uj9vwRXAWJl_C3_uIdrLZletiK4c-1LLLLVIP0FBys4pgeWGRVDEf5ciyMCB1Bwg0NvYSalcd2ozbALCxGBadt_HSgrdd8l3q_NO1ZO4gBKGPPHthFoPMB8~,615594290,1yGQl9q2wIO.search.218,包吃|五险一金|带薪年假|通讯补贴|股票期权|定期体检|年终奖|餐补|员工旅游|交通补助|节日福利,,,拱墅区,拱宸桥,120.170414,30.327747,否,否,否,否,否,否,,否
全栈开发工程师,10-15K,5-10年,本科,杭州,5-10年|本科,Java|全栈侧重后端|Devops,0,协同智联,互联网,20-99人,不需要融资,b519e5434905f9f9331429W1Ew~~,冯飞,行政人事经理,否,3,44d0a7250f7788bb1n1_09i1EFc~,3dda8b4fdea3603b1Hx73NW9E1ZQ,3Kx1GpJyxmBtw-_1vn-uKYtm5iY3-u9Kh6nRUmRO2bGNqoLQl0ZCNK1yfmz6BNaYC3rLxHLnZNlnwbsgQ4lTDYCs4ZyvI9FKUZL5MsJ5HMJGMoHmaZZR5LJ8dy0ztTaY8ygNObh-GWU~,615594290,1yGQl9q2wIO.search.219,五险一金|加班补助,,,拱墅区,西湖,120.164443,30.280216,否,否,否,否,否,否,,否
高级全栈开发工程师,12-24K,3-5年,本科,杭州,3-5年|本科,计算机相关专业|前端开发经验|后端开发经验,0,艾铂特,自动化设备,0-20人,不需要融资,bc65367a897223e01HV-2d61FFU~,邓先生,招聘者,否,3,461acbe30e09dd790n1y0960FVs~,ced62211610dbe7c1HF63N25ElBT,1Gi9VzM2QvdtG-Y1rmbec6GZLOdc6bnjakY7lpoATRPkyO6Fr4IsKKzltdkCwkWie8DMkT3wyULPepAL8oWiMxAFImHOeQbgxa6a5JVriSWxtCCvL4J3GWGaIXZ1vPcHRgsvwgYRs2mI,615594290,1yGQl9q2wIO.search.220,餐补|年终奖|股票期权|绩效奖金|五险一金,,,余杭区,仓前,119.986488,30.275655,否,否,否,否,否,否,,否
Java开发实习,100-200元/天,,大专,杭州,2天/周|1个月|大专,SQL|Spring|后端开发|全栈开发|软件工程师,4,星河能源,储能,0-20人,天使轮,ce6b3a8756a5e8ad1n1-3di_GVc~,何玮,项目总监,否,3,3430ef1393da0d1e0X160tu4EVI~,e90edf6f53a3ddac1n142du_EldR,vaCtxg_Nf28H5-j14AK_aKxmJzkoo6h5LhYTWSLsC8iVl6rNwHj1jf9xrLZzNUkJWigXM9VU4R2tt-Wk_WKdYIwaBc2tMvLpbr9wE4CJBPtA8pooRSCTcVHRN-QAl5c7je_GlkmHB2bF,615594290,1yGQl9q2wIO.search.221,保底工资|绩效奖金|包住,2天/周,1个月,余杭区,未来科技城,119.965839,30.27056,否,否,否,否,否,否,,否
全栈AI工程师,18-30K·14薪,5-10年,本科,杭州,5-10年|本科,Java|全栈侧重后端|硕士|MySQL/Redis/MongoDB|计算机相关专业|Python|心理,0,杭州心蜗科技有限...,互联网,0-20人,天使轮,83825369bc41b51b1nR-39q1ElU~,黄先生,创始人,否,3,345563aedc764de21HR83tq8,4ffea5b74403000903R_2ti_GFNZ,06flVdawsNchH-N1zH781WCcfeCdS8AJGIBYh6-TGUeNNN7OV7iiDsQokI-uqB225vQQ2fagaOFUaFKGPqn5NBW16XRuuDGkzddhDJdsSpIm2VJVp_4vAUCqOBjfs538YldwqsvaYw~~,615594290,1yGQl9q2wIO.search.222,,,,滨江区,长河,120.200941,30.182263,否,否,否,否,否,否,,否
全栈工程师（可偏前端）,7-12K,1-3年,本科,杭州,1-3年|本科,JavaScript|CSS|React|前端开发|全栈开发|Node.js|Vue|Python,0,朋友保科技,互联网,0-20人,不需要融资,d1172b02f177823e3nN-2Ny4,周靖涵,运营总监,否,3,3f2f0ae744dc5f691HR_09m1EVo~,dc6f18b045fd789e1nF609m6F1dV,QGzPyucsZlCmc-m1MRRPFmxYlF3hKGqBkJ4GLhkH1QvyPDTBrkQO2L0ia6YxvUboSL8pMOTxzMnaCFqr8E-tqcaPj7pAnWkGW1Q5BDbIzQGmKSISpefh8QqdIsu-cl6y3Ri3VN-qMQ~~,615594290,1yGQl9q2wIO.search.223,通讯补贴|全勤奖|餐补|节日福利|交通补助|住房补贴|五险一金|股票期权|包吃,,,上城区,四季青,120.207139,30.258305,否,否,否,否,否,否,,否
php全栈工程师（偏后端）,6-8K,1-3年,本科,杭州,1-3年|本科,Laravel/Yii/ThinkPHP|服务端开发经验|PHP开发经验|PHP|电商经验|MySQL/Redis/MongoDB|计算机相关专业|电商项目,0,杭州逸钦信息技术,互联网,0-20人,未融资,d698023805795c571HF_3Nm7Flc~,邱先生,创始人,否,3,f45ebdc0f8c8d2031nVz09u4GFVU,3f5d62aedbdb0d8403Z93dW5F1NU,PLFjxH6wiQwow-J1dc1N7IOgm97oPaJBs8cDw_IsbJQR0ebs2rWUrVnNPIOHLAi43G802KXeJ2reEVpPvfsquzjebE-FnUoTjEy_QAkG5uHTG51V_TNoYbNJhswDz7c1IEfRncqQ5kaHkw~~,615594290,1yGQl9q2wIO.search.224,有无线网|加班补助|底薪加提成|法定节假日三薪|全勤奖|节假日加班费|股票期权|绩效奖金|保底工资|五险一金|餐补,,,萧山区,新街,120.302319,30.201516,否,否,否,否,否,否,,否
全栈工程师,10-14K,3-5年,大专,杭州,3-5年|大专,Java|CSS|Spring/Spring Boot|全栈侧重后端|Vue|JavaScript|MyBatis|全栈无侧重|HTML|MySQL/Redis/MongoDB|全栈项目经验,0,谷点科技,计算机软件,0-20人,未融资,4f09ef0e2e61c0271nN43Nq8FA~~,尚女士,人事/行政,否,3,75e582bfaac13bd41nd52t20F1E~,13efab7f301c2d7003F939i-FVVU,wz-RPq_rBLC9k-R1vTfbqelNCQGPp_c6iBIcKRQjacFH3jZ44tEvg2DQInAvqq1lZRGdn0Gi1BKEw5BCcngAZgVSmu8o9XLVOirdPipIWPaY2Iuzv8azK83IkZtfhHg-wNSkV3jfYO0~,615594290,1yGQl9q2wIO.search.225,节日福利|团建聚餐|零食下午茶|年终奖|定期体检|五险一金,,,上城区,丁桥,120.210347,30.351506,否,否,否,否,否,否,,否
高级全栈工程师,12-20K,1-3年,学历不限,杭州,1-3年|学历不限,全栈侧重后端|计算机相关专业|全栈项目经验|前端开发经验|后端开发经验,0,杭州赛协科技,职业培训,100-499人,A轮,e3b50babf694fef11HNz0tS-GVs~,张先生,ceo,否,3,bbd523d27bdf9ccf1H1-09i-EVs~,37540e9495e11fa403J529i9EVFS,IEqlz1a9Qyom4-k1YixbT3_B8cbgLoN7Qe0rKR4dHZdsHm3h7yjwL-u7l7sxaGk-cbdDo1snBf7EWdnN0GIVxLulKulBjSGKz9NqDRrXpDny6TSaFF7-jtMgwP0F9LtdZVk6jfWxlGsI,615594290,1yGQl9q2wIO.search.226,绩效奖金|全勤奖|通讯补贴|零食下午茶|底薪加提成|员工旅游|五险一金|工龄奖|带薪年假|宿舍有空调|股票期权|国内/外团建|生日福利|保底工资|定期体检|年终奖|团建聚餐|意外险|包住|有无线网,,,上城区,四季青,120.227271,30.269244,否,否,否,否,否,否,,否
全栈工程师,12-20K,1-3年,大专,杭州,1-3年|大专,全栈无侧重|Vue,0,关渡网络,移动互联网,0-20人,天使轮,110b4f7dbf38c2711HV_090~,易际越,招聘者,否,3,992517d792b03d631nN63Nq1Fg~~,c012477ec79f94181HN-2Nu8FFBQ,KlwFhoyQve5Qt-G1-3VmrC_gHFa40DKDBruZUfWBwDBmRdGC98CIM2KP_goUWJreEe4p7vS8lZEBO0zsjsrzoOVXqKmDuJMPSN5yMRAgDyO9lRV2XsOdgXcLkJ7XYTtFHSOM-ho~,615594290,1yGQl9q2wIO.search.227,年终奖|底薪加提成|员工旅游|餐补|五险一金,,,滨江区,浦沿,120.15667,30.161481,否,否,否,否,否,否,,否
java 全栈开发工程师,15-25K,3-5年,本科,杭州,3-5年|本科,JVM|Java|Nginx|不接受居家办公|Springboot |前端|Redis|搜索/推荐/广告经验|Spring|大数据经验|Docker|微服务经验|MySQL|Mysql|MyBatis|云计算经验|云服务 docker,0,星耀互联网,电子商务,20-99人,,c6c5481165887c641X1-2ti_ElM~,章女士,HRD,否,3,0f96f27b873c95851nZ62dS8E1Y~,0c79b3cb170cec3d03F939y6EFVY,WDr5zS2qbHkY2--11_BdnSWj31ldf2VJ2gZeIAiNQUCu_DBYAN2OqVwXkUXOFfwFgIRUx_2FgnXXMp21wj9nLK5hoyEuIWyO13CNE8qNM8AmMfNyS-AWD8-LOIU8xlqWVVrSeMjePVu6,615594290,1yGQl9q2wIO.search.228,,,,钱塘区,工业园南,120.339509,30.289336,否,否,否,否,否,否,,否
全栈开发,8-13K·13薪,3-5年,本科,杭州,3-5年|本科,Java|SQL|MVC开发|前端开发|后端开发|全栈开发|技术合伙人,0,浙江鹤立,机械设备/机电/重工,20-99人,不需要融资,5f4b26347f8db5601nB42dy8GFU~,黄慧珍,经理,否,3,6ee2cab2a30f21be0nZ729y_FFFY,ac327f66c13ffe8d1nZy29q7E1pQ,N5PSpNPpx9hHZ-k1YGq3N7x3A7OPliFLYLUq05OwoRINx3uuWPhyorhiFRsW_8gFb0ppnkr8LmlYH2hHKYTecoJcXCZC3xxxW0ccwhGSnh8QUxQJM6tfe1LUo7AqiZCp6ChTFb_D949muQ~~,615594290,1yGQl9q2wIO.search.229,免费班车|员工旅游|带薪年假|通讯补贴|餐补|股票期权|加班补助|年终奖|定期体检|五险一金,,,滨江区,西兴,120.216111,30.186306,否,否,否,否,否,否,,否
web端全栈工程师,15-30K,5-10年,本科,杭州,5-10年|本科,web|Docker,0,名匠北京分公司,游戏,1000-9999人,不需要融资,9e1fa775e853b6201H17296-GFc~,苏女士,人力,否,3,4b2ea374fd6fb7741nZy3t-7EVA~,beef29896c17265603J42di7ElNU,sBUBroE9ytdT5-E1TKzJaadDM97Pw6GwNR-PlmMAwRve699B_mAUuots4LtzEQJNw-w9C3nJRycsTWa8upBGjpW80U3j_j9Cl0NOdlCadtHh64t_mimhtoKZqCcdoms_F5FqLGbSbiG4,615594290,1yGQl9q2wIO.search.230,绩效奖金|定期体检|底薪加提成|五险一金,,,滨江区,长河,120.222563,30.180827,否,否,否,否,否,否,,否
全栈工程师,10-15K,3-5年,本科,杭州,3-5年|本科,Java|JavaScript|Vue|MySQL/Redis/MongoDB|计算机相关专业|Python|全栈项目经验,0,渔遥科技,计算机软件,20-99人,不需要融资,5fa814d16ae4c9691n1z3du6EFs~,王女士,副总经理,否,3,f9d72cb84a01d3ce03B429y_GFY~,bf93462b9cb9d24603J72t21ElJS,kwPqDG5KzKwtK-B15G5DFU3GOACzA8D8CFoghTqtunhb4sJUNKKBSA2a1PcCRoqyrywB-OpyuifNJm9KH5kmLs2tRoR5eTrDiCbZb0RQu5st4ciUr4EeiRkIAsaWn_6bSj-9Fp8E5Bl8,615594290,1yGQl9q2wIO.search.231,五险一金,,,滨江区,长河,120.215039,30.179378,否,否,否,否,否,否,,否
高级全栈工程师,25-35K,5-10年,本科,杭州,5-10年|本科,Java|Spring/Spring Boot|后端开发经验|全栈侧重后端|JavaScript|Vue|MySQL/Redis/MongoDB|全栈项目经验,0,杭州深算授渔科技,互联网,20-99人,天使轮,01a3573f4e4ada7e03R82NS5E1o~,何亮,人力总监,是,3,8a0f1dfdb7f012220XZ_3N-6Eg~~,cba14c1092fc90e103B_3Nu-FlpX,Ypju8NSRXjkWo-d1bqJlwPbKM5EUZyqWNKE2R2dhiQ7LufhqFtl5bAkGO8ktwrLmMEa14x6ZML8_Ibshi_McZ6QJxVC_4dXMpyFAZ088b85MYw7sHHA_zuzf6mRb_HjRGf_lnNQYNA7AR92AGqbCIVXiu8TkzReHPrhklciZtTzcTPE~,615594290,1yGQl9q2wIO.search.232,团建聚餐|保底工资|员工旅游|免费工装|带薪年假|工龄奖|定期体检|股票期权|底薪加提成|绩效奖金|有无线网|五险一金|法定节假日三薪,,,上城区,四季青,120.231582,30.265656,否,否,否,否,否,否,,否
全栈工程师,8-13K,经验不限,本科,杭州,经验不限|本科,Java|Spring/Spring Boot|Vue|JavaScript|可兼职|MySQL/Redis/MongoDB|Python,0,杭州通易智慧科技,人工智能,20-99人,未融资,57d688f24639f8fb1H182tq4Flc~,吴先生,创始人,否,3,bfef473bbb85071e0Xd929W6EVo~,20e53a668d67056503V82tW0FlJU,oNgmYAoK9h4Bp-910EWuSID9hsKmynqCNtpNeX55qEpb0pko1a4rhDVw-DJFXaxuFk6nXGE7yNi0ZPtPCnv_1HOfHQkEsTotZetbt5H4DyJGKRcag9kOorjxab3OC6nOszMoC-o3I5xx,615594290,1yGQl9q2wIO.search.233,股票期权|五险一金,,,西湖区,西溪,120.100659,30.300959,否,否,否,否,否,否,,否
全栈,15-25K,1-3年,本科,杭州,1-3年|本科,全栈无侧重|HTML|CSS|Java|全栈项目经验,0,某互联网公司,互联网,20-99人,不需要融资,,刘洋,猎头顾问,否,3,4cbcf357de62bbc61Hd43t67Fls~,69b0842423a2522a03Fz09y1EFVV,BIJ3-l3c1tZmN-11KRkSZ2ToUg5wTLeRbHhpCBRjrxAwQ58Igs2OIarkauCoPB3ioNLhpDAwZmhqsFan35o2XEWdunWbZOCeeCXzC28ftj5aDky5l75DmKuMBXNscCMQC4-4ZkC5pFPi,615594290,1yGQl9q2wIO.search.234,定期体检|餐补|交通补助|节日福利|年终奖|全勤奖|五险一金|零食下午茶|带薪年假|加班补助|员工旅游,,,,,120.200941,30.182263,是,否,否,是,否,否,,否
全栈开发工程师,15-18K,3-5年,本科,杭州,3-5年|本科,Golang|后端开发经验|前端开发经验|全栈项目经验,0,杭州瞰影科技有限公司,人工智能,0-20人,天使轮,cb5097539bfcb1671H1439S7FlQ~,李先生,招聘经理,否,3,6302c990ea2ab41d0Xxy09-6FlBZ,26452ed6f1c6198003V42ty0GFRS,pttrad2waEVI0-914EISkkyLXJct_bnEtbApK6usq0VoOEZRPvYdIDhzd-iUoyiYQTbF2YUJdVVTBqkMeSQhrjtgKBCUSBQ4g49vZ0TmHmCqmO2EHexqXtikgD4PgOvxbJJ6CxyR11qkwg~~,615594290,1yGQl9q2wIO.search.235,股票期权|带薪年假|员工旅游|节日福利|五险一金,,,滨江区,长河,120.220394,30.212875,否,否,否,否,否,否,,否
全栈WEB开发,12-20K·13薪,3-5年,学历不限,杭州,3-5年|学历不限,.NET|C#|SQL|JavaScript|HTML|CSS|ASP|JQuery,0,海南广播电影电视公司,游戏,20-99人,未融资,a02bee55538cfd2403Ny2Nu7EA~~,梁先生,经理,否,3,b552a5c72f7455580XF909q-F1U~,7aca4d3cb09410e00XR909q8E1c~,pCjQsl4Atd9MB-e12udKSC0Ps5IH79XNQR9l-w5XvMqHw3oC3JQBVtQtOSGCkdgdIlXEwU9KSfYFkH67QU2dlWOUuhoTsAUlty192A-VG5-mx8LWBPSgUbfd40JPDu3ZsTwtriCKqA~~,615594290,1yGQl9q2wIO.search.236,五险,,,西湖区,西溪,120.071575,30.293114,否,否,否,否,否,否,,否
全栈工程师,10-12K,1-3年,大专,杭州,1-3年|大专,Java|后端开发经验|JavaScript|Vue|全栈侧重前端|全栈无侧重|MySQL/Redis/MongoDB|前端开发经验,0,浙江国通电气科技...,计算机软件,0-20人,未融资,5c1473dfd49263e31nV629y0EFA~,穆先生,项目经理,否,3,7548b548e6e2e4c41nVz2N20E1dV,ebb7bf0b2b35f8eb1H1639-_FFBY,2aPLMgGcsYpih--1MoEFWudYuOWcTJ2_V__8YslmrC1bHIa0TrNgf57wn5eEehTq-aGYYeCneGsNws4kmMYh8QQ7qArkxzpjL5xOQuodGCAkDcJTsqVxjAFNPzz_gvVsbVX1BLGcGg0UIw~~,615594290,1yGQl9q2wIO.search.237,节日福利|零食下午茶|加班补助,,,余杭区,仓前,120.003016,30.280297,否,否,否,否,否,否,,否
Python全栈工程师,7-12K,3-5年,本科,杭州,3-5年|本科,Python|Flask|Elasticsearch|Redis|MySQL|架构设计经验|团队管理经验|爬虫经验,0,杭州蜜鹞媒体有限公司,大数据,20-99人,A轮,de9d6ae01b6551091XR52Nm5E1U~,斯迪光,执行股东,否,3,0e022a0c43f5030e0HB73tS7EVc~,b178e6368ae3f1e703Z_3du_FlVS,9tFqi1xdz0uwR-W1MUlOjPumZvkYhp7e3BfmNJwK6xu97s8ftwvleEKTYKIyf-447K5aQCg2JBGeqnkKWkoRWHBHAC35N1oK259FmGZXjiATFPJTjnQwjpLBSoCSSiOrPTSyYoLF-eIv,615594290,1yGQl9q2wIO.search.238,年终奖|五险一金|员工旅游|带薪年假|餐补,,,西湖区,西湖,120.100803,30.270985,否,否,否,否,否,否,,否
全栈软件工程师,15-20K,3-5年,本科,杭州,3-5年|本科,Java|JavaScript|HTML|计算机相关专业,0,武汉创瓴智能科技,计算机软件,20-99人,未融资,0046ce96d03727d61XZ53Nm1GFA~,肖自卉,人力资源专员,否,3,51ae33aa29f0d0390Xdy3Ni0FlFR,1680a36392461c2503d90tW1E1ZU,b02Uq1bX3SDBI-21MvQuQIDb02ioDi_DANAMZySmbCsHme_QGGA-WpMmnZNPi4QBBllH5zOQgjS5k-W7BhAqfTEqiTelYaAy6A5QYWsvMajPRuG_Op93Vh3vr4-tzH7tYGxR11_AXRV1_w~~,615594290,1yGQl9q2wIO.search.239,保底工资|底薪加提成|团建聚餐|五险一金|年终奖|绩效奖金|员工旅游|零食下午茶|补充医疗保险,,,余杭区,仓前,119.965839,30.27056,否,否,否,否,否,否,,否
java全栈工程师,8-13K,经验不限,大专,杭州,经验不限|大专,不接受居家办公|Java|Spring|SpringCloud|MyBatis|MySQL|Redis|MongoDB|架构设计经验|分布式经验|微服务经验|项目经理|微信小程序|独立开发能力,0,瑞得友,计算机软件,0-20人,,1cfb5b99ecd6be951HZ52966ElE~,陈光照,经理,否,3,d2875f394889a7bb0XB72d26GFE~,eec6427b6598fafc1Hd62Nq7F1BX,vjRZTFzDRLb8H-f1wnt4VCmMHIlH3QtzxhXV3ABfzwZWzGApUGQC1i-yFB30ZI4yuCMKztVJ_qjDEasegsbDmUo9yllig59o7YJBzHPsPUpxw9gR0ySK916-TQFq0YTJJSws96zdO4Ij,615594290,1yGQl9q2wIO.search.240,,,,钱塘区,义蓬,120.492565,30.26284,否,否,否,否,否,否,,否
AI 全栈工程师,200-250元/天,,硕士,杭州,4天/周|3个月|硕士,全栈项目经验|前端开发经验|后端开发经验,4,源舟坊,人工智能,0-20人,天使轮,e28ac5d812550a3403Z73N65EVM~,董先生,招聘者,否,3,421894d79dd211e90H193d2-EVA~,c0a940984551cc2a03Fz2dW6E1VX,pRXeiNruje_FK-e19gF_nRcywidP_mCub_f0UeVNHjMD3DJRDEfOiOupU9wRxshscoVQSHMlCb9nuhz_1by43q9wrZSuHFe3Npmt9aWdsY-txSAkWOWhcSq_07pb9QUVxvaElbMVqzvD,615594290,1yGQl9q2wIO.search.241,定期体检|带薪年假|底薪加提成|全勤奖|夜班补助|工龄奖|补充医疗保险|加班补助|企业年金|五险一金|股票期权|意外险|员工旅游|保底工资|节假日加班费|年终奖|法定节假日三薪|绩效奖金,4天/周,3个月,余杭区,仓前,120.000697,30.288273,否,否,否,否,否,否,,否
全栈开发工程师（PHP/Python方向）base义乌,15-20K,5-10年,本科,杭州,5-10年|本科,全栈侧重后端|JavaScript|Vue|PHP|Python|Node.js|MySQL/Redis/MongoDB|Django/Flask|计算机相关专业|后端开发经验|全栈项目经验|WordPress|API|AI|ERP,0,杭州卓雅互联网,进出口贸易,100-499人,不需要融资,792d9a16dc99c2721XBz3t-_ElE~,张先生,企管总监,否,3,729f1b01e72fed730XVy39u7E1I~,57983e44f2c6644303B42Nm4FVBX,UxnglEVdyPThv-v1_pAcBkw7MENi8f948DiDGO2X8SKTdzeZpekbNwaN-XC5T5F9SXIjv-NYHfOWOvyZEPLTZOXnZ4gCoLuzDKGiKEqUcV_-L8D3Ir_HObaD8UKkGrltLMp1ZFe2C8GE,615594290,1yGQl9q2wIO.search.242,节日福利|全勤奖|工龄奖|绩效奖金|五险一金|底薪加提成|保底工资|团建聚餐|生日福利|员工旅游|带薪年假,,,余杭区,仓前,120.000297,30.282562,否,否,否,否,否,否,,否
全栈开发工程师,12-13K,3-5年,本科,杭州,3-5年|本科,全栈侧重后端|Vue|JavaScript|HTML|Java|Spring/Spring Boot|MySQL/Redis/MongoDB|计算机相关专业|前端开发经验|后端开发经验,0,杭州海智拓信息科技,企业服务,10000人以上,,f79122391c7fd4d01X193ti9GVQ~,王女士,招聘专员,否,3,31072ce7476c77ec03V72929FVQ~,fb622fc628c0e98503F739S9E1ZT,71Nxru8FOGPqr-S1qk5ygasg7_svClGgJl8usS7PwbM8qICqwH60eg2TFdOMZXTJPzmMfQVYcWgWnwvKzSfBa2MfdS8ceg7n11JVz2bw38iykphgarfByvY4ntxhAO9Naf-BxgqhxTO9,615594290,1yGQl9q2wIO.search.243,,,,临平区,东湖,120.298066,30.390212,否,否,否,否,否,否,,否
全栈工程师,8-13K,3-5年,本科,杭州,3-5年|本科,Java|后端开发经验|JavaScript|Vue|前端开发经验|全栈项目经验,0,亦笔数字,计算机软件,0-20人,,2e12fb8905f5fece1Xd_2d64EVE~,马先生,招聘专员,否,3,ebc3d311b321d28d0Xxy2tW6ElJS,da10a3c186ce758003V43d2_FlBY,3sWP4Cwz9dqxR-x1OZZRUmXH0UdCux64Z34-qIDr8kcyEUkt01ygKaG1LWv6Ky0a7IAQho6O0Q6A_PNfJf-OsWWgSDWfpR0rD91cLzK7Y6RMb35mFGtVfQoqUQ7PJjPkBVjf59EPz2Nnyg~~,615594290,1yGQl9q2wIO.search.244,,,,余杭区,未来科技城,120.001772,30.280799,否,否,否,否,否,否,,否
全栈开发工程师,50-80K,经验不限,本科,杭州,经验不限|本科,,0,某大型计算机软件公司,计算机软件,1000-9999人,,,王女士,猎头顾问,否,3,4efd40c3e352196c0XB93921GVtV,9a266028251f010803B_2Nq4GVdW,cAWjY5ONmVSw_-71B6L1CWXn3UKSf88dmV64iYlKrkAzbXc1XeRFwV9BrDdm0M3HMmDV1rmewSGoc_g_1ocI9UYDV4EeySUka4cxKtQFzh3JmjhKqpm78xmbVBLm2jZcLwjx03S-zWMbzw~~,615594290,1yGQl9q2wIO.search.245,,,,,,120.099378,30.266388,是,否,否,是,否,否,,否
高级全栈工程师（自由职业）,10000-25000元/月,5-10年,本科,杭州,5-10年|本科,Vue|React|Java|PHP|Golang|全栈项目经验,6,酷站(杭州)科技...,计算机软件,0-20人,,605a42ac300e52521nJ_0ti0GVo~,王继超,技术主管,否,3,7d64a33608d35c321XRz2ty8FFo~,7e291dd3cad2c40c03B80ty8EldT,f9kFnd_hOZjkk-L1S0yQaohXyzm0wr6zvZCDStyGO5PRs8XWfBG5pnFVph9QyN_z_FP1e94FCNHhWOKXNRjjxVgi2J4ZfsduKW4UUIs_RRMZEcilMIWpx2tPmwEwAmEbnHs7c_b85RHr,615594290,1yGQl9q2wIO.search.246,,,,萧山区,钱江世纪城,120.256318,30.231308,否,否,否,否,否,否,,否
app全栈工程师,12-17K,5-10年,大专,杭州,5-10年|大专,JavaScript|Python|Django/Flask|Spring/Spring Boot|MySQL/Redis/MongoDB|MyBatis|计算机相关专业|APP|uniapp,0,杭州摩的科技,互联网,0-20人,天使轮,6a351a33e7a41f541nJy2tS9FFY~,程先生,招聘者,否,3,1f5385e87ce0362c03R_0tq9GA~~,f3a8312997160ff21Hx939q8EVBS,ljpNXwmLfmI4j-01fq_IUtonQYzuf0g5Ggd2B3qFNOCEfdhYfHSV4QUyp7FWeTgo5qsJiMbqxh-LrW1szd-OjUliPURYZa221nofdV0UEfsuzE9NkXbxIefqyVnOlGCZvLDF1nT9z4A~,615594290,1yGQl9q2wIO.search.247,团建聚餐|员工旅游|带薪年假|意外险|五险一金,,,余杭区,西溪,120.027421,30.245187,否,否,否,否,否,否,,否
java全栈开发工程师（ERP方向）,20-30K,5-10年,本科,杭州,5-10年|本科,JVM|Java|不接受居家办公|分布式经验|PostgreSQL|Kafka|Redis|其他|Spring|ERP开发经验|Docker|微服务经验|英语四级|MySQL|MongoDB|架构设计经验|Oracle,0,捷珂,进出口贸易,0-20人,未融资,10b270f0454515c53nF73tq1Ew~~,陈女士,总经理,否,3,2128ae5e3677df2c1nVz29m6EFtT,807e0c49bda0e2d603B53tm-FlFT,hNeHBc2l0CEKS-61MXem5VQe4IYehxUWLJa18xl5YoBmrCogCuv7At118yBSvIoIVa8XNZ5wdaOOZpMxGsq5dMH6K_SAg3WajsmdeYf-9BqUSKjk-krO8aK0XOjzD3Dbh116IXdHx3RN,615594290,1yGQl9q2wIO.search.248,带薪年假|底薪加提成|高温补贴|餐补|节日福利|生日福利|有无线网|五险一金|员工旅游|团建聚餐,,,萧山区,钱江世纪城,120.255306,30.237285,否,否,否,否,否,否,,否
python全栈开发工程师,17-20K·13薪,3-5年,本科,杭州,3-5年|本科,Django|MySQL|AI|Linux开发/部署经验|Python|Flask|低代码,0,衡泰技术,计算机软件,1000-9999人,B轮,1bcde1879cd87e111n1509W7E1o~,陈女士,高级招聘专员,否,3,4418fe9f3e9f7bde03F-29i9EFE~,2c3e6e4a4277bbae03d409i1E1ZY,Fi2S6iT8ASttH-Y13cIw3AgLAxYB7EfZh4cS7mnVLSv6AEWZfu6Xe_UJyjhwqQoR2cSyMpNh6Eu1zAPkcFlpFP2vewsHaxyV5Nz9typJoQ6Q3V4Qi-ockMs1nC9PzuiCD24O5BP36Pci,615594290,1yGQl9q2wIO.search.249,定期体检|零食下午茶|五险一金|餐补|节日福利|员工旅游|带薪年假|年终奖,,,上城区,望江,120.20896,30.235585,否,否,否,否,否,否,,否
WEB全栈工程师,10-13K,1-3年,大专,杭州,1-3年|大专,JavaScript|Angular|React|Vue|全栈项目经验,0,幂链,计算机软件,20-99人,天使轮,0531384901d1c5b63nBz2ty7EA~~,李卓书,综合管理,否,3,374cad531f59db1833F82Nq7E1Y~,9ab074a002d524e403dz3tW_EVtW,Qzg58CeKcc3qm-Q1P_IN8Hw3byWbe9JvhINIPNpXe-xwu27Ur6hB5EjjH-x3f1dQXM5iaF-AGqhh1JflVdrfrM0pHHuL7z4DE6yRrURBAZWNNAofsE_uZeONDmm_UZ9b1skAy8NIY7Y~,615594290,1yGQl9q2wIO.search.250,股票期权|加班补助|补充医疗保险|节日福利|五险一金|带薪年假|年终奖|员工旅游|零食下午茶,,,西湖区,西溪,120.08439,30.257904,否,否,否,否,否,否,,否
全栈工程师,13-17K,3-5年,本科,杭州,3-5年|本科,ThinkPHP|团队管理经验|全栈开发|PHP开发经验|MySQL|VUE|TP框架|PHP|HTML|LNMP/LAMP|MySQL/Redis/MongoDB|PC端网站开发,0,多象科技,电子商务,0-20人,未融资,d79333649d2c67d11nF82tu5GFs~,喻仕瑜,经理,否,3,a8fa9050908c75930nR409W6FFtT,a68ddae5487979581nJ73di_EFRR,RzZyqPHi8QGuw-31S91HJHZGLvT7I5tnaVe_-HWFkiUYE7M16g8mqDrIKaL2UKJppqgTCmzCVGpKWP7zz4CME3mi6BAO_8JeUvgnfk54lTLc6WWvCpCmewadQxVA3_m2Ko0juRZncn0ekQ~~,615594290,1yGQl9q2wIO.search.251,法定节假日三薪|底薪加提成|保底工资|五险一金,,,萧山区,北干,120.246216,30.183118,否,否,否,否,否,否,,否
全栈工程师,15-20K,3-5年,本科,杭州,3-5年|本科,Python|全栈项目经验|前端后端|AI|电商|项目管理,0,杭州毅莱,电子商务,100-499人,不需要融资,5e3958284cdf3f551nx-39S_EVU~,姜女士,HR,否,3,8c1af5c3e4a684721HRz0966E1Y~,649bce055a0590a003Z-2NW4FFdT,WdM1mKR9Nutuw-K1UDMs6uNFys5G4dje0IJdOtyCDVmevxWcBITS_JLAgPWsVwHT4ZT-f5jd0r1ffPlKIrfde7TqITyjH5pSehOkpx8m-V3I4CbKd6uajzau5huY9Xs60SUoUH7E79G-,615594290,1yGQl9q2wIO.search.252,底薪加提成|年终奖|员工旅游|绩效奖金|节假日加班费,,,滨江区,长河,120.223073,30.173296,否,否,否,否,否,否,,否
全栈工程师（杭州）,15-25K,3-5年,本科,杭州,3-5年|本科,PHP|全栈|react,0,凯撒黑卡,移动互联网,0-20人,不需要融资,96a3c2df9954f65b1XR60t-1Fw~~,李伟波,经理,否,3,7c8330e4512c74621Xx42d26EVE~,161d7539ce8cf05a1Xdz29W0E1E~,3abXE8qBgCLS3-J19vxLwamS3_ZeocZnGV9CfNi6P3UfXNI3nnoc69K_7Ovvmssu5_NeUlOww101LGfhp41zHh5dC19uOobbycUjLKQx1Il-b12CGOZVMzq90kJGTsMFQ-4Dd_AHzQ~~,615594290,1yGQl9q2wIO.search.253,,,,临平区,临平,120.299402,30.419045,否,否,否,否,否,否,,否
Python全栈开发工程师（视频AI应用方向）,16-28K,3-5年,本科,杭州,3-5年|本科,Python|Django|Flask|TensorFlow|PyTorch|MySQL|PostgreSQL|Linux开发/部署经验|机器学习经验|微服务经验|视频流|AI,0,轻象科技,计算机软件,20-99人,A轮,9646e81e4e87f7891nF73ty9GVE~,贾冰,CEO,否,3,35ae26c465cbe3d51Hx72du6FlI~,fdfbb67a580a1db503B_2tS1EltQ,sXwuUWXhDAw7--P1z1O6AX1oVAsGhFvixTcFdL5KcYTDiQV3aJaAxDmJhafJJgGguJFCZHmsrJG9z3MtvaEJj8vWHHzdW-vCV4081O9Mss3ajXKaQnvmzm-sz9xgvx-KwwHfgB0A7EUj,615594290,1yGQl9q2wIO.search.254,员工旅游|补充医疗保险|节日福利|股票期权|团建聚餐|住房补贴|五险一金|年终奖|定期体检|带薪年假|零食下午茶,,,余杭区,未来科技城,119.965431,30.264261,否,否,否,否,否,否,,否
全栈开发（偏前端、TOG）,13-18K·13薪,1-3年,本科,杭州,1-3年|本科,Java|后端开发经验|Vue|全栈侧重前端|前端开发经验|全栈项目经验,0,万维空间,互联网,100-499人,未融资,df5d227b745ea1a203V92ty7GA~~,倪韶玲,招聘,否,3,6a6cd04ca77482c21XJ629-8GFY~,a1df13c6f507178703F62tm6E1tU,hYtDvabGEkSwO-x1w_nHpNXA_QmZQoAE5n0pWoHB5ErcrsvR7EEv4ceS6VaKoUvNuhm6fxfQKn2OHRqbmj0Au7ieGaFHWFMBX69MSXL7krCauZSpSzzHXxcQ5uPrbad21yHjaapRZps~,615594290,1yGQl9q2wIO.search.255,带薪年假|生日福利|工龄奖|绩效奖金|高温补贴|餐补|五险一金|股票期权|定期体检|员工旅游|节假日加班费|节日福利|年终奖,,,滨江区,长河,120.22168,30.205889,否,否,否,否,否,否,,否
资深全栈工程师,12-22K,3-5年,本科,杭州,3-5年|本科,JavaScript|CSS|Vue|Java|Node.js|计算机相关专业|全栈项目经验|前端开发经验,0,亨塔,电子商务,20-99人,天使轮,9e7e9e95b61d6b531XB529W8FlI~,林先生,hr,否,3,d5945c2b50bceaa90nR93dW5FVdQ,6133baed780782531HV93dy6EFRS,IAdPQO5ECQJ8Z-11MM_06hY2ZNwFUky_Ekxbp1mBQiZqoaGubsTToJmPRswAe2Pe5rAKbMGHcO--uEZzGYhwh_rqjpbStwv_NShWxNGdoxeOcfllLQoEw0pNaU9Q3gNcENYGa480C9PqhQ~~,615594290,1yGQl9q2wIO.search.256,年终奖|绩效奖金|定期体检|保底工资|五险一金,,,西湖区,文二路,120.084008,30.281322,否,否,否,否,否,否,,否
全栈AI应用开发工程师,20-30K,3-5年,本科,杭州,3-5年|本科,全栈侧重后端|JavaScript|TypeScript|Python|Golang|MySQL/Redis/MongoDB|Spring/Spring Boot|计算机相关专业|全栈项目经验|后端开发经验,0,天剧科技(上海),游戏,0-20人,天使轮,a64c2272f752864d1Hd60t26GFU~,王先生,ceo,否,3,c627de5328bb49c603N52tW4EVc~,c936a17cc21140b603B50tW0F1ZS,Eg7YMHxsBln4s-Z11DJtjvWjTH9fpTDN8jqS3IrK59DhkKILAW-HtD_5O-Il2I5Btl1blteDXP_VcKo_7LyLGu8X44D3nxlIoCiPS6JE-NOcd6zwvNYQhcSRKzfFMkYI7jkeu4SvuowU,615594290,1yGQl9q2wIO.search.257,零食下午茶|生日福利|年终奖|有无线网|团建聚餐|交通补助|员工旅游|股票期权|节日福利|五险一金,,,滨江区,长河,120.190371,30.1896,否,否,否,否,否,否,,否
Web开发全栈工程师-python方向,15-20K·14薪,1-3年,本科,杭州,1-3年|本科,Python web|全栈|Django|Bootstrap,0,审智咨询,咨询,0-20人,未融资,76850bb161cc1b5b1XZ_09W4Ew~~,赵演松,总经理,否,3,2a4a1c4f69d651621n1z09i0GFE~,0256c6b8e152c6bd1nV909-7EFJU,maKKPqbP4j1UW-51PRH-Gcq7mSULrunnQG39aRNY_t3N7TydUc69erNTuMnLPEqXWxtZeSaOg_S4sSgcszJUfSvcILfWv_odGv-GTnfyXEZ5wch5VZqNkTRzRBGBzbJkCNTEdJjRpX0~,615594290,1yGQl9q2wIO.search.258,,,,萧山区,钱江世纪城,120.25349,30.238211,否,否,否,否,否,否,,否
全栈开发工程师AI,7-12K·13薪,1-3年,本科,杭州,1-3年|本科,全栈侧重后端|Vue|Java|Python|Spring/Spring Boot|MySQL/Redis/MongoDB|计算机相关专业|全栈项目经验|后端开发经验,0,杭州凌渡,在线教育,20-99人,未融资,8369c7d4b1f4e06203Z43NS7EQ~~,郑林勇,副总经理,否,3,4ee63a217ee916a50XRy29u-GVE~,e0f7139d82397c4303Z-3du1FlpV,AgLTZvEJGknnw-i1PYu-ZDcTDE52Q66eUe7jO-4FFqAr8eAQseQS9qWdgk8u1F0RS5mXhfrlI-EJi9GpREb78CKK0MtrZ0C8Gk6ySt7nor0oN75LiySGOwim7lRnwgJdxA0etwdBHCk~,615594290,1yGQl9q2wIO.search.259,五险一金|通讯补贴|意外险|加班补助|年终奖|带薪年假|交通补助,,,余杭区,仓前,119.988756,30.275469,否,否,否,否,否,否,,否
全栈工程师,12-20K,3-5年,本科,杭州,3-5年|本科,全栈侧重前端|CSS|TypeScript|React|Golang|Node.js|全栈项目经验|可居家办公|海外工作机会,0,丰丰兔,互联网,0-20人,,97d79eecbc88ddeb1Hd92d25Fls~,陈美琪,人力资源经理,否,3,244ec7c04ba8a4360Xd52tq0ElY~,0bec6fd3315a65661HB_2tS1E1dW,kapGqdIVcxRK5-E15jX-gBCYpI9i0QK0JVerH989SkEZSe24GckjNguu2mSLC8OHycEpKUcK3OTnpQvG79u4LaCEFl-SqE9gXb0feeC4yFA7-TS-vUrWSXcsX7oe-9SvG5R__dOqRZ68,615594290,1yGQl9q2wIO.search.260,,,,西湖区,黄龙,120.1258,30.27263,否,否,否,否,否,否,,否
全栈web开发工程师,18-28K,1-3年,本科,杭州,1-3年|本科,HTML|CSS|数据结构|后端开发|前端开发|Vue|Koa,0,杰士达科技,计算机软件,20-99人,,67ff60c4c78cbe8b1nNy2dm1GVc~,刘恒,人事经理,否,3,6c8114cae37519d90ndy29m5EFNT,f0e700e9fa94ade61XV93ty6FlFT,rzYT25w9HLRzr-x1Dc5rTEdhYT0wil6FcS2trNH9cTtWqRijZkSoeKSDM9y0lh8gRQjua7Xj5GWrjF2m3X6BlLtKGu8ewr6unpF0wDMp0iZnhUyGi9IaqQbb-NXbQBmrOmEOUQ1Reg-quw~~,615594290,1yGQl9q2wIO.search.261,,,,上城区,四季青,120.212408,30.251329,否,否,否,否,否,否,,否
全栈工程师,6-11K·13薪,3-5年,大专,杭州,3-5年|大专,全栈无侧重|JavaScript|HTML|Vue|Java|MySQL/Redis/MongoDB|计算机相关专业|全栈项目经验,0,杭州融新智能科技,计算机软件,20-99人,未融资,54a53e2be55be7071HR73N65F1Q~,傅佳斌,招聘者,否,3,a28b1f255501b1b70XVy2NS_FVpZ,1e4279fe051909451HB83NW1ElVU,tlsDTdaDgYIe_-L1jVeeM9Dl-papNnTvMV-xKoAfHw8NR1BtwvsalqeT1j_tZz6z6RHYD53Gi6g4EwwjJlriVaJIx6Q4eK7fnbOjbstcLt6FVn6RhyjTbCzYkL5ognbtH-swVnDeIwXScA~~,615594290,1yGQl9q2wIO.search.262,年终奖|节日福利|免费班车|保底工资|五险一金|底薪加提成|团建聚餐|绩效奖金,,,滨江区,长河,120.219209,30.171074,否,否,否,否,否,否,,否
高级全栈工程师,30-40K,经验不限,学历不限,杭州,经验不限|学历不限,全栈无侧重,0,延边空谷之音文化传媒,文化艺术/娱乐,0-20人,,607621d5ca1f94d51XR92N29EVM~,刘先生,人事主管,否,3,200629e00a1c12a20nJ_3t-_GVpX,b9668ac1f46da27203V73ti5FlFQ,W604VD4xVvqV4-91wWxIpbo6wVgSJ_P71RAJngKMQv5LQ6lOGEEOPUbGqKxR4XgHjQdB9GHeFuqoLm4bukKU7EiInEWVzhm6Zko5Mznx1z5KcA7KOR5PjqG5etelXDI7deiaN30fA54Ldw~~,615594290,1yGQl9q2wIO.search.263,,,,萧山区,宁围,120.257505,30.180844,否,否,否,否,否,否,,否
高级全栈工程师,14-28K,3-5年,本科,杭州,3-5年|本科,全栈侧重前端|HTML|CSS|Vue|Java|Spring/Spring Boot|MySQL/Redis/MongoDB|全栈项目经验|灵气,0,尺子,移动互联网,0-20人,不需要融资,276c625d0a11540e1XR43dq-ElQ~,俞晨浩,CEO,否,3,cd2d0e9c86c50cf40nF809u4FlE~,bb18186c928873f31HV73Nu1GFBW,AMhep2wyUC95P-K1ClnqZuYsfKVa2FY6M-xjnqiLvrbPgUscwoNqY7ktTXfBzG1VfpzU_RKYhCEN-oBBt74IqBb3KOF9qchhVKTFaojY5UxP-ychM6gvdgU61SGmnU8q6v8M5fdZ8AN7,615594290,1yGQl9q2wIO.search.264,团建聚餐|零食下午茶|五险一金,,,萧山区,钱江世纪城,120.264771,30.221386,否,否,否,否,否,否,,否
全栈服务端,50-80K,经验不限,学历不限,杭州,经验不限|学历不限,,0,但说科技,互联网,0-20人,不需要融资,ee59cca80ba173e603R-3d68ElQ~,刘先生,HRBP,否,3,0d491fb4f00149ef0HR62tq8F1VW,05474d05c7d8da3403Zy3N69GVRQ,uupb7fQJwYqho-_17EOTXNHIDTiysRFOla9QJHlB35ZW1KxoawrMYgmOxt7EUjSiTD-4-nX9bf-CTsXu4jluHFCgTj23Ri3EVMY5vStHzBg5s3uzUU7sPuT57y43UGNPdMRsm5eBRjhYZw~~,615594290,1yGQl9q2wIO.search.265,离职多赔|允许摸鱼|不想上班假|不打扰休息|做四休三|女性支持,,,西湖区,西溪,120.110139,30.266943,否,否,否,否,否,否,,否
php全栈开发工程师,18-23K,3-5年,本科,杭州,3-5年|本科,全栈侧重后端|PHP|全栈项目经验,0,浙江青洲计算机系统,计算机软件,20-99人,未融资,03ba30633772e17c1Xd70t-9GFo~,翁先生,总经理,否,3,c13c3875709d37ee1HR52di1ElU~,071be31e536352c103F53Ny-FlRT,TkPESfi3HU70w-b1FSD0KaGWcwohrNzu2IeTN-jctbQ4RPfsaAhCxuIrMKlApsgyfkOTS-7Ujugd2H52iEENzZLTNp2VuthdiyLK0LR8F97477F0HBAZ2taN1yA6yMhRc-uU_0Hiwqpw,615594290,1yGQl9q2wIO.search.266,加班补助|股票期权|交通补助|带薪年假|生日福利|有无线网|五险一金|员工旅游|年终奖|法定节假日三薪|节假日加班费|团建聚餐|节日福利|免费工装|零食下午茶|绩效奖金|定期体检,,,余杭区,未来科技城,120.004369,30.291717,否,否,否,否,否,否,,否
全栈开发工程师-顶级AI公司,35-65K·14薪,3-5年,本科,杭州,3-5年|本科,全栈无侧重|JavaScript|Vue|React|HTML|Java|C/C++|Python|Golang|计算机相关专业,0,某大型互联网科技上市公司,互联网,10000人以上,已上市,,李女士,猎头顾问,否,3,cf57f0d8eb1c212f0nxy3dS7F1dQ,0273d0c9a946fd0f03J-2N2-F1NQ,tLevF9-nbAbO3-z1stcEU4Hs8bQ31m2v2fAtiIjoCvQNOGcUzd6ZarcZN9pMKtgrUR0ButawqH_PwoOLsIXuY-pwGiyK997LLFv9WtoC1pRORqmGG31MHpG3lWblhmXL9dz-4DM~,615594290,1yGQl9q2wIO.search.267,餐补|五险一金|零食下午茶|免费班车|股票期权|节日福利|补充医疗保险|员工旅游|年终奖|交通补助,,,,,120.17320758483493,30.273625826545615,是,否,否,是,否,否,,否
全栈开发工程师(LLM大模型）,30-40K,5-10年,本科,杭州,5-10年|本科,全栈侧重前端,0,讯盟科技,互联网,100-499人,C轮,7e628e873938c6b01Hd-39q1,骆华君,技术总监,否,3,acf57d19e1f577ae1Hd62Nq5EFs~,f3a074b8d4071bf31HF_09S4FVJW,jlIbl73f55Q7y-P1RFJfmEgguNWwKWErz3oioEvOyLXWSAbSh2iPrVIagjx34q_0SB9JP3lHdrZJWymWcr2V0g7QE-Dga_X37t7tZTcfdgjS5hxgZfdzD5EL7sfjBjOJV3ePlKgEUw~~,615594290,1yGQl9q2wIO.search.268,零食下午茶|五险一金|股票期权|带薪年假|节日福利|年终奖,,,,,120.068817,30.289051,否,否,否,否,否,否,,否
全栈工程师,9-14K,1-3年,本科,杭州,1-3年|本科,Vue|.NET|全栈项目经验|计算机相关专业|物联网|工业互联网|服务化应用程序,0,杭可,电子/硬件开发,100-499人,不需要融资,d89669e515e3cab11nV82tq7EVU~,杨凡,HRD,否,3,b5f4cae17d37a6010nd72Ni4GFY~,b1b73508e45064071HR_0t-8GVdW,aD4ZaaQewjx87-e1qp97i4miVrhRnRZwfJALeQY8-7Eex0AbuJ7rARGKaIgqMS0wtuokjoNHqK9LZIHQQVswi6bYXrlTJAAquDjK-oUE9fOi7oM3zmvv-ppVc5VE4mDnbKraGEnek3Wf,615594290,1yGQl9q2wIO.search.269,定期体检|年终奖|五险一金|住房补贴|带薪年假|餐补|节日福利|免费班车|周末双休,,,萧山区,新街,120.325112,30.227329,否,否,否,否,否,否,,否
全栈工程师,10-15K,经验不限,本科,杭州,经验不限|本科,全栈开发|后端开发|前端开发|网络编程|多进程|多线程|算法基础|数据结构,0,阜阳百算智能科技,智能硬件,0-20人,,8622c03a3c5242c51XV_39m0FFU~,黄姿锐,招聘者,否,3,f5ffbd6a592f6d8b1nV93924GVZZ,343d73c70da5e3611Xd52tW6E1dT,XAqFySM31TfFW-G11uhI12KqPR8lQigVtZU-UjJ-RWQfqCaNQr3lnutI-8mIuq1peHzfmKG3zHPdRNRb9dGp_VxsCQzXUPM7dAxbIbx17WMX6KBUDRhRU4WPal4ifz-9n7zBM8HJZwJxVw~~,615594290,1yGQl9q2wIO.search.270,,,,钱塘区,和达东东城,120.369289,30.310608,否,否,否,否,否,否,,否
Java,15-29K,经验不限,本科,杭州,经验不限|本科,微服务架构|全栈开发|服务器配置|多线程|分布式技术,0,辛氪,电子商务,0-20人,不需要融资,cc92929235bdb9561HZ609q1Ew~~,宋先生,招聘者,否,3,2e60ece99f11a0770nR_39y7F1o~,e69d3be4d92273141nZy3t20EFRZ,2wKwRIZ7NxDcj-Z1Ltngc8hsXJ8SfaOzuEeLhDhv1e1ThqIQS43nWjkXuAuU8YT3wHSt0IJRZoZ5F_OgtNOJY0W4ByvLLC4-udLJ3iLeBpPcJYhhRc-hXYDhiacom1kxdNJvW4qB5hg~,615594290,1yGQl9q2wIO.search.271,五险一金|全勤奖|加班补助|年终奖|员工旅游|定期体检|可以远程办公|带薪年假|包吃,,,萧山区,钱江世纪城,120.247365,30.244675,否,否,否,否,否,否,,否
全栈工程师,10-15K,5-10年,大专,杭州,5-10年|大专,全栈无侧重|Vue|PHP|全栈项目经验,0,百杉科技,互联网金融,20-99人,,7ed1d6134cc2c51d1XN-39m6EVI~,孟女士,人事主管,否,3,a0f924b407b3b08e1nR43NS4FVNU,9ae3319012dc19c11HZ72N64ElRW,uxh50LaQjxSnD-41UbBHkoyieEOq2s5ky-tlutH9sJ5zuQ3ofzVkVHYK-JtiawY4s6X-iTeW0kzVz3asTDMDC6tk-VeAF8Z1PfAlU7eWPLwt9T481uiIavUETRc_gZrIPMBiXyQ3726UWw~~,615594290,1yGQl9q2wIO.search.272,,,,上城区,钱江新城,120.209685,30.23676,否,否,否,否,否,否,,否
php全栈工程师,12-24K,5-10年,大专,杭州,5-10年|大专,Laravel/Yii/ThinkPHP|JavaScript|PHP,0,风起传媒,广告/公关/会展,0-20人,不需要融资,296485ec842533001HVy0t-4FVs~,龚昕,技术经理,否,3,3b31f9e19ba024b903dy2Nu7FVU~,82a1c9eca81d7c0b1Hd829q5FVNX,XbZVFO-l72Jsd-r1O__3MnPII3L4idUiaqTLgTpoHGsQAalXJr4d1Bra6D4TT_wUQg1pYDIyO_UOaF6gyskTD7KaVMyQP75zWRyBXr5G6_7wSsdA4JeMHPq-_6w-ofKnH_Nz6OeM3t5f,615594290,1yGQl9q2wIO.search.273,,,,滨江区,长河,120.192909,30.195341,否,否,否,否,否,否,,否
高级全栈工程师（React + Java Spring）,18-22K·13薪,5-10年,本科,杭州,5-10年|本科,TypeScript|Java|全栈无侧重|计算机相关专业|React|全栈项目经验,0,杭州与光同尘影视...,广播/影视,100-499人,天使轮,7397d550928a99d41HFy3Nm9GQ~~,金塑,研发总监,否,3,29251bf28ead4aea0XV-39S-ElBR,1a29da03f837849a03Fy29m7F1FZ,4kVjitvHvky2i-O1GcO6Vap2CA0NnWgJaX66C79QLER7uNzYGMjGaNG-AFVOhFnAnrITWVoq2VK_xFIB4EknEJvjSR1dvDcOin9GXcDnofk_cnY9kAdwTeThszXn-pk4FHqc2slVQWqV,615594290,1yGQl9q2wIO.search.274,股票期权|有无线网|五险|加班补助|节日福利|员工旅游|带薪年假|定期体检|通讯补贴|年终奖,,,拱墅区,上塘,120.110325,30.334237,否,否,否,否,否,否,,否
PHP 全栈工程师,12-15K,在校/应届,本科,杭州,在校/应届|本科,PHP开发经验|PHP|计算机相关专业,0,杭州未零,互联网,0-20人,不需要融资,a487628fdf5595b81nB82tm6FFs~,张浩, CEO,否,3,8729fa434b8ce8dd0nZ60tu_EVRY,85a24a96da5eec6d03J43N60E1tY,6Ag7oUkWxjaok-T1hhaeqzE15O8UBK-ixDZfvMIa79F0WOMCWHCXXLOFQljxawDw2oI9Vcp6i9HowxfD_7xjWe0DOdo9lUWuKiQF_2yRhMorPfJKZGBWr6En7Z2tVGbVlUnxubnsShZxoQ~~,615594290,1yGQl9q2wIO.search.275,五险一金|零食下午茶,,,西湖区,西溪,120.06688,30.291347,否,否,否,否,否,否,,否
高级全栈开发工程师,27-40K,3-5年,本科,杭州,3-5年|本科,,0,北京某小型信息安全公司,信息安全,20-99人,B轮,,邢玉芹,猎头顾问,否,3,f6822a9709770b170XJ42965ElZV,c173e409e1fc358c03B42969EFdV,Ki-iNS6wHWqbw-I10bBNKcdHs4T3e94du-LwfSmrIiYZtktiZw-6MRea96Mh90zX8mLW7n91gQmALH4Fz1Xz2sUVjhMBW3vFmTyMuf49kMPmvzVkFTHjkjw9dbPOhJGORMLECqJJTWDo,615594290,1yGQl9q2wIO.search.276,交通补助|节日福利|年终奖|带薪年假|加班补助|零食下午茶|通讯补贴|五险一金,,,,,120.127984,30.275405,是,否,否,是,否,否,,否
全栈工程师,450-500元/天,5-10年,本科,杭州,5-10年|本科,全栈侧重后端|JavaScript|Vue|React|Java|计算机相关专业|全栈项目经验|前端开发经验|后端开发经验,6,绍虞数字,计算机软件,20-99人,,c69f84a168b1a7761HJ809u9GFA~,章海波,HR人事主管,否,3,99613afd6e861e4a0XB439W6EVQ~,5e7ee3ed7bdbf1fb1H172N-6EVtY,xyRz9MvyMwulY-B19Nl5mm6ZJn7NqIkom_YXRXn488AEE2z7jccfRvIeE08avrubcDxBDl-bL4458x8eXOJO8GCIQCTDRXEOVn3jj-8Zi3oXpgQA45tm8XQ4C7m1PM3pUf5LrFuJZ9JF,615594290,1yGQl9q2wIO.search.277,,,,滨江区,长河,120.1975,30.180948,否,否,否,否,否,否,,否
全栈工程师,8-12K,1-3年,本科,杭州,1-3年|本科,Linux|vue3.0|全栈侧重后端|vue2.0|Python|全栈项目经验,0,杭州杰歌科技有限公司,电子商务,100-499人,,1a41fb208cb99e8803V93ti7GVc~,陈春春,招聘者,否,3,54353d9e51ddbd471nR82929FVZW,d146e9bb3e5bcd9b03Bz09-9GVVS,npcYBtqbu10w9-q1SKDbffRBF9J17ukwHdi12Ln0Kw0zxLgWWBALM4sMZSA4GJS0wCOqX3ESudiEtwYeHcDp2MIY5dcYRCrfI-1pLnLdb41eYR0_oAX8Ur44To4AfG6Njeqbv_MFEdfUKg~~,615594290,1yGQl9q2wIO.search.278,,,,萧山区,闻堰,120.170203,30.130847,否,否,否,否,否,否,,否
初级全栈工程师,6-10K·13薪,1-3年,大专,杭州,1-3年|大专,全栈侧重后端|JavaScript|HTML|Vue|Java|Spring/Spring Boot|后端开发经验|全栈项目经验|前端开发经验,0,杭州多安,医疗服务,20-99人,不需要融资,16342951f7fc7ab71HJ42Nu-GFI~,姜洪飞,营销总监,否,3,2843815a302d9cb31nR43NS6ElpT,d3d6e6687f5f311e1Hx-29q9E1VR,cSgT2r1ToFCdR-n1iU114jy46ZuVCsgPQQMNuSwaUsbDvSwXPRbhyDkH_EECMbv8PQX1RZ0fa7qlEhptzosYMRVz5Ik-36QZoC8IuBNyK81d8Sdxj31yJ7_RT2lOe53MZvoh72gZJUCJbg~~,615594290,1yGQl9q2wIO.search.279,生日福利|加班补助|保底工资|团建聚餐|零食下午茶|餐补|法定节假日三薪|五险一金|全勤奖|节日福利|工龄奖|绩效奖金|员工旅游|定期体检|住房补贴|节假日加班费|底薪加提成|带薪年假|年终奖|股票期权,,,钱塘区,金桥街,120.323223,30.330866,否,否,否,否,否,否,,否
全栈工程师,12-15K·13薪,1-3年,本科,杭州,1-3年|本科,Java|JavaScript|全栈无侧重|全栈项目经验,0,信公小安,互联网,100-499人,不需要融资,cd29d22babfff92403B60tu4Fg~~,周华民,高级前端开发工程师,否,3,2c973d63613c71a31XJy2NW-E1o~,c87b3dbe4524aecc1HF43dm_F1NR,TwTE7qV2bI6SO-W1dGqQMGelaWwqhE8RgFiv9VN4yFC-2dUxHEdCPFkFqsmiUv7JL5hrPkP0xwcsA_mHvjdgMZim2rCNUFPEYZuJfElvcCDMZCZNxMFx_K_eyTuwALJYV8AA5PVJ7cU~,615594290,1yGQl9q2wIO.search.280,定期体检|五险一金|补充医疗保险|节日福利|带薪年假|零食下午茶|年终奖|员工旅游,,,临平区,临平,120.303062,30.393593,否,否,否,否,否,否,,否
低代码开发全栈工程师,12-24K,5-10年,本科,杭州,5-10年|本科,全栈无侧重|JavaScript|Vue|Java|Node.js|全栈项目经验,0,杭州怯薛卫队通信科技,计算机软件,0-20人,,cef1a0ea995b9d0c1H153t65Els~,陈军,HR,否,3,a0fc9ae9ba1b71191nR83N69E1BV,ceb6c9fe1855235703d-3Nq6EVZS,S0E5AA9NkczJ--C1qOo3XXWKLvz3Wy3qGUk9JLIo4vzQeDuiCoprDUpG_hR6J4VACu5AfNNwpVTU8_01GCUTckRWLxh4PT0i8hB4RVGHgNGRBOWeO29BLeOaLP5aeeOgqcuhCv21bwJDSQ~~,615594290,1yGQl9q2wIO.search.281,,,,西湖区,古荡,120.110103,30.267224,否,否,否,否,否,否,,否
ai全栈工程师,15-30K,在校/应届,本科,杭州,在校/应届|本科,Golang|后端开发经验|全栈侧重后端|Node.js|计算机相关专业|React|前端开发经验|全栈项目经验|TypeScript|C/C++|全栈无侧重|MySQL/Redis/MongoDB|Python,5,杭州纵狐,互联网,0-20人,A轮,0eb541c2177c9cb71Hd939W4F1U~,曹先生,ceo,否,3,6bf3a13c9d2e301e0XB-3ty1FlFZ,72be4537f973df9003J43du-EVFV,G0iRzXlPfmR8E-k1XsGkcdcwHbEcTohaJQGsRgmlK4FPNqp6UOAHisoosPPZxXtjlSJwR3asvwEumuC9mcEMOy4AON8bPoRL_4gBjCj72ooT1NMMw0g-c-6By79rDg9VfmkiQema-wUzhg~~,615594290,1yGQl9q2wIO.search.282,加班补助|有无线网|免费班车|全勤奖,,,萧山区,义蓬,120.436809,30.269698,否,否,否,否,否,否,,否
核心业务开发｜全栈工程师｜数据平台可视化,40-70K,5-10年,本科,杭州,5-10年|本科,Golang|后端开发经验|JavaScript|Vue|全栈无侧重|Node.js|计算机相关专业|React|前端开发经验|英语读写能力良好|Python|全栈项目经验,0,某计算机软件公司,计算机软件,0-20人,,,齐瑞泽,猎头顾问,否,3,21e957b224a04e0f0XJz3t-0GVNZ,00a5206bd9ecb97b03J62NW-E1pS,9G0byd-YTh5IT-n1xnrQFxCfdPKVzGI9ATo0U4nlvs56ll3w8MitAvutU7DK14l1dhQD71zk8THp1wvhslxCCdA8U-vn7fO9uvwAt_lzRAt0ndoYIAKDxuSr4AppiI1XmMRHqcxjZbo7Ow~~,615594290,1yGQl9q2wIO.search.283,,,,,,120.194004,30.182808,是,否,否,是,否,否,,否
全栈开发工程师,30-60K·15薪,1-3年,本科,杭州,1-3年|本科,全栈无侧重|计算机相关专业|全栈项目经验,0,某企业服务公司,企业服务,0-20人,,,苏光荣,猎头顾问,否,3,e452748b686d8f880nR43N--GVRS,c7a8654bb31438741X1929y0FFFQ,W2lzgp-jMnreB-_1nFQJFWpqjbyhLAzpO4WfcycPOzvIPtX5Fk_Aapaf2LR59qTqVsM9JOAHcp6E1RqOSMxZsfQkHRffcKl1E2OKwIg6WY-qBrUMJQJaA6EFwHo1u2CgyVLqcoP3THDvlA~~,615594290,1yGQl9q2wIO.search.284,,,,,,120.02341,30.275318,是,否,否,是,否,否,,否
全栈研发工程师,8-13K,1-3年,大专,杭州,1-3年|大专,计算机相关专业|前端开发经验|后端开发经验,0,正天宠物,电子商务,20-99人,不需要融资,e7d6bfc382fd74941XB73dS1EFs~,黄先生,CEO,否,3,aee1052aa9d09edd33V92d2-Els~,ec93e1ffe1a43bdb1XJ62dq0E1RX,IigdH1ZyNQCIs-M1FNgEMngiQTyCYgIzod7VQGz__z6zBO47BA6f-Rr1qLRMzFn9MtihMyAxcEzwTOZb3dx_wqISKQ7gTFpl0Rr0fLIdEFT68A64nCeOUjdUm5uJfTzyibAtd-QW4x9f,615594290,1yGQl9q2wIO.search.285,五险一金|带薪年假|全勤奖|团建聚餐|年终奖,,,西湖区,西溪,120.076549,30.308702,否,否,否,否,否,否,,否
全栈工程师,20-40K·16薪,在校/应届,本科,杭州,在校/应届|本科,接受实习/在校生投递|Django/Flask|全栈无侧重|MySQL/Redis/MongoDB|React|英语读写能力良好|Python|全栈项目经验,5,北京鳄梨智面科技,互联网,0-20人,不需要融资,7e00147ecf3ba6891HNy09m9F1I~,桂冠,研发负责人,否,3,a4a6e6bce664672b0nJ-09i0E1NX,c20e9604c02c355203dz0tm7F1dU,_WtA-jGQtC4SF-Z17FV1Bafp4ZfMCtWBlTpa2c24tKyK3rGYb-90d4MRk1HuVxEKcjsGy1SUy1331iTruzOT5bz7VR24GsYucpmZ5kOQawmrh5N5cufr8qiXnqOlJaEVbBwdv_forx4blw~~,615594290,1yGQl9q2wIO.search.286,带薪年假|股票期权|五险一金,,,西湖区,西溪,120.129042,30.275449,否,否,否,否,否,否,,否
全栈软件开发工程师,8-11K,3-5年,本科,杭州,3-5年|本科,全栈侧重前端|全栈侧重后端|JavaScript|Vue|Java|Python|全栈项目经验|前端开发经验|后端开发经验,0,起点通信,通信/网络设备,20-99人,不需要融资,e3462dbbc4eaaf1f1XZ63tu-GVc~,胡先生,招聘者,否,3,d4bcf5eec80483420nF739u9F1ZR,ed97af8356d02c2603V62N24FltS,93iuEWT7FyeWM-p19yptkWXI0fjD9TriPe79UOzkkxhuZ3P7WUqVva92Kd9y4jZqhJqhDFr__4OqgZAVAaBkOVZ_gLce4Yr9lAxTepsCfWoHAe8iavf3zXEfXaAdtbATMDlHj-9fXCdCvA~~,615594290,1yGQl9q2wIO.search.287,保底工资|全勤奖|工龄奖|加班补助|节假日加班费|底薪加提成,,,钱塘区,白杨,120.345545,30.302257,否,否,否,否,否,否,,否
中级全栈工程师,10-14K,1-3年,本科,杭州,1-3年|本科,全栈侧重后端|Vue|React|Java|Python|Golang|MyBatis,0,浙通服,通信/网络设备,1000-9999人,未融资,326ec7fb187845fb1XN-3tq0FQ~~,赵先生,应用软件开发工程师,否,3,0e7b497fb82e11291HV-29i_FlE~,32d545f6233a4bdd03V53968F1pV,LjxjJ8JKc826W-M1uI8vNv_JUcgIGakQW9BsH-5srLt15tKBjuoHiO4GZGCf85gvhvvRXkOS90TXmvjemdLEviCJ46rGclaBom7_95dNOlUyiVBLp4twMbv85DCkcUkKe7gxNY5NNos~,615594290,1yGQl9q2wIO.search.288,五险一金,,,滨江区,星光大道,120.210229,30.207509,否,否,否,否,否,否,,否
AI Native 全栈工程师,20-40K,3-5年,本科,杭州,3-5年|本科,,0,交易哲学,人工智能,0-20人,天使轮,72318b5010008db203Z5296_F1E~,宋漪卉,HR Head,否,3,fcc4faf1edbc1b470XR609m8FVBT,35e17ec1306076e703Fy3ti6F1ZU,SLl3TR-wzr7Kk-P1L1lgwOIpx7BgtQ_TxOaeDeCcJf25eR4iWTFDbUn9-ao6FvzK4QDHuls67pvPXhdDlAihfWjjEHHfGB9iB_Twed86fpy6kOUrOL9CkkUbnOlrNrKlWDw4RUNmU4yVjw~~,615594290,1yGQl9q2wIO.search.289,五险一金,,,西湖区,西溪,120.086593,30.256945,否,否,否,否,否,否,,否
全栈工程师,8-12K,经验不限,本科,杭州,经验不限|本科,Java|CSS|Spring/Spring Boot|JavaScript|Vue|MyBatis|全栈无侧重|HTML|MySQL/Redis/MongoDB|ios|全栈项目经验|Android,0,杭州双梓星网络科技,互联网,0-20人,,3b4cbc196a01fa5d03R62921GVE~,安泽印,招聘者,否,3,786288ee94c90fc00XB_2dy1FVpT,4bd5892737cd38a303B829u5GFRR,87KilaYVHkv00-31jX1_Sm6CkQhZE3bpEAx4IC3sGiKq_2wkeAE8Xn576ufZkkfn4nuj3X2_ebbSBoBmn0KwgGRyCW-oGaE5f_CIqhIr8Xyqh6fI8EY0Ct2FVwRT2R2RtpNb7Vw8NAWfSA~~,615594290,1yGQl9q2wIO.search.290,,,,上城区,天城路沿线,120.20408,30.32111,否,否,否,否,否,否,,否
中级全栈工程师,12-22K·13薪,3-5年,本科,杭州,3-5年|本科,Vue|Java|.NET|全栈项目经验|前端开发经验,0,三花微通道,其他行业,1000-9999人,已上市,e196c58578ccb7880XB63Ni0,尚京蕊,应用运维主管,否,3,87c606e38669a7f60nd40t6_EFo~,ba64df2c95d2d7cb03B_39i6EVZW,jOEKxErrb9wqm-c1g9hOdDG2IKDLKHdIxQ9phGYXWU0QFa426mLZWsgNkGjuDVTicuWRSG3yO3AcwDQeT64eu2DEhjQcLHUsnfXPRmM5GaAiTNHXH34wPNrXh5NkOFuDLF4d9jma0w~~,615594290,1yGQl9q2wIO.search.291,五险一金|定期体检|年终奖|带薪年假|餐补|节日福利,,,钱塘区,工业园南,120.373562,30.290149,否,否,否,否,否,否,,否
全栈工程师,10-15K·13薪,经验不限,学历不限,杭州,经验不限|学历不限,PHP|React|Vue|SQL,0,奇禾网络,大数据,20-99人,未融资,d9be7305cc32221f1nB42d-5FlA~,徐士淮,技术总监,否,3,22a3650543ea2cec1HBz39m9F1U~,4c1ec3070d23bfdf1XZ50ty1EFRY,AfCncTcDFKQUg-b1iM6zHe1pzYvEVwiQb51c1aI-l5F7_kZGLWQmMlIeU0eurOdfs7vYETO98vgFmWbwJ7WFCZWsryK3SRDnxrPSyLOoStnvTYgKLYVBtVmjIBMQBYPn9PiC7DElOlSp,615594290,1yGQl9q2wIO.search.292,绩效奖金|节日福利|带薪年假|零食下午茶|夜班补助|加班补助|节假日加班费|有无线网|五险一金|年终奖,,,西湖区,翠苑,120.100659,30.300959,否,否,否,否,否,否,,否
手机厂商快应用开发（全栈 兼职项目),60-120元/时,经验不限,学历不限,杭州,经验不限|学历不限,JavaScript|Node.js|React|计算机/软件工程相关专业|前端开发经验|技术博客/开源项目有所贡献|接受居家办公,6,杭州店飞科技有限公司,互联网,20-99人,天使轮,21034cd9c9e49ee21XV809-9EFQ~,谢女士,招聘专员,否,3,2e836aacc0b3e77c0ndz2N21EVdX,48d9f3f9dbf107451Hx529S4F1BQ,pduidTLS_8FlL-q1wgtMjyF1DbAX2sBYcSHi5vzzlPTdn1-4vzJSmhMyY8pNrgS0_4eNUSxwKmCX-3n0RBbmvQ_0v4JdXWyP4aPuloFkAUaSQJdU4f77gtOOe-8ch__ek_SIzxbImgiEhg~~,615594290,1yGQl9q2wIO.search.293,团建聚餐|工龄奖|保底工资|绩效奖金|年终奖|员工旅游|零食下午茶|股票期权|五险一金,,,西湖区,西湖,120.108235,30.265589,否,否,否,否,否,否,,否
高级全栈工程师,11-14K,3-5年,本科,杭州,3-5年|本科,全栈无侧重|全栈侧重后端|JavaScript|HTML|CSS|TypeScript|Vue|Java|PHP|全栈项目经验,0,寰映信息科技(上...,家具/家电/家居,0-20人,未融资,3a1bb1f92a35ea511nF_3dS_EFQ~,王华,Founder,否,3,5a43db1a1062df9e03Vy2NW9Fg~~,84b4e2c5aaa5f9ad03B63N-6EVBT,a62i-RQgh1zvJ-s1tD1k5vrTYyuEE2BfhVqqSbZzeWbBt_2fCSDIzOlinnk8FIqrK8vtp-tXqv39IpzoSyIYbZwn-S8BjRoe1gWEjzECUtRs-FSoO9aAp7RNSiPdZ9Vk7K3XxQIjT6I~,615594290,1yGQl9q2wIO.search.294,交通补助|餐补|加班补助|年终奖|通讯补贴|节日福利,,,临平区,东湖,120.29538,30.441026,否,否,否,否,否,否,,否
全栈工程师,10-15K,3-5年,本科,杭州,3-5年|本科,全栈侧重后端|CSS|HTML|Spring/Spring Boot|MyBatis|MySQL/Redis/MongoDB|计算机相关专业|全栈项目经验|后端开发经验|前端开发经验|SSH架构(jdk1.6)|ExtJs|SpringMVC(jdk1.8)|memcached缓存|Jquery,0,博亦远科技,计算机软件,100-499人,未融资,a1d2e6efaa168bae1nV53d67EFQ~,陈冬琴,HR,否,3,958512a3f2ba9c9b1HN-3dm8GFM~,404cb339d0460a9503F-2t67EVpQ,G4F90m7t17kd_-S1kRSIL92anQlhdq-DkYMf5VosoQxxYiG28bD0KC_JpC3JsyDRg8hOcyPB4lJuVVeA6h5bIsKDKL0A3HaY9bEL86NFXziSJKelTfSGjtqTLdSsNJHMoOOojBGPfQzw,615594290,1yGQl9q2wIO.search.295,节日福利|餐补|股票期权|带薪年假|年终奖|交通补助|五险一金|加班补助|零食下午茶,,,西湖区,翠苑,120.120852,30.28098,否,否,否,否,否,否,,否
小程序全栈兼职,20-25K,5-10年,大专,杭州,5-10年|大专,Java|Spring,0,微风口网络科技,移动互联网,0-20人,未融资,afc22c5034f4f9781XVy2Ni-Fg~~,杨大耀,CEO,否,3,7b106eff0811d98a1nJ63tu4FQ~~,ea3dc01b9c8add5e1nR82t--FVVT,My4BHq_VYpf7x-x1pAiJQa_Isxu6j7TM4ihVy6o62s1PRPHMUiIo2FWNuHC6x4XBpdoSTv6pOgReQptB3v3nW8NT6cLM0QmeA_7HNgOonLyqO0KqKCUv3TbCBpQA499aE8oDVwkWCg~~,615594290,1yGQl9q2wIO.search.296,年终奖|零食下午茶|绩效奖金|节日福利|餐补|交通补助|股票期权|五险一金,,,钱塘区,白杨,120.3364,30.30189,否,否,否,否,否,否,,否
智能软件研发,15-30K,经验不限,本科,杭州,经验不限|本科,Python|Docker|全栈开发|分布式技术|SpringBoot|后端开发|Spring|Python,0,浙江省北大信研院,其他行业,100-499人,未融资,49ad8463966870141HRz29m4Eg~~,郑聪,算法工程师,否,3,21d4b9d1f610cc341X1429i-E1E~,f930698bc8376e0a1nx52Nq8FVRR,-w3e6DQ7InT2N-X1PhsPCAMXoFqnUojLRqMzRk9ZbNvwgXKIGU33JvQ_6q_XKfkDwc4ccoxnj2RjqpsDgMPBsKIQpsW_VHpwJ1bSifRMZknB9GMYA7GHvbV_trfRjzBta6SnWU3usHY~,615594290,1yGQl9q2wIO.search.297,节日福利|五险一金|股票期权|加班补助|定期体检|带薪年假|年终奖|员工旅游|零食下午茶|补充医疗保险,,,萧山区,钱江世纪城,120.26542,30.221249,否,否,否,否,否,否,,否
全栈工程师,12-15K·13薪,5-10年,本科,杭州,5-10年|本科,全栈无侧重|HTML|CSS|TypeScript|Vue|PHP|C/C++|Python|Django/Flask|MySQL/Redis/MongoDB|全栈项目经验,0,万思奇,互联网,0-20人,未融资,a306667bcbc8a12d03Z83tu6F1o~,冯涛,总经理,否,3,0f592cb6a1bb88a103d50t--ElQ~,f3a5d3a177a2bce103Fz3dy5GFJR,zo8ZNV2Vx3Rv6-J1eGy1QxP75z3MHntCvABS2lwltxWhPtaL4Y0E6Hmi3t_5BTVz8M1tZemgbt7hqf969bbg8_5INdoJuXxmpPlueAvYVMy5BtgksU34w72urzCAS8AbpdzQKTOXNIqW,615594290,1yGQl9q2wIO.search.298,定期体检|员工旅游|节假日加班费|生日福利|法定节假日三薪|年终奖|五险一金|底薪加提成|绩效奖金|企业年金|带薪年假|保底工资|团建聚餐,,,余杭区,仓前,120.001691,30.288563,否,否,否,否,否,否,,否
全栈运维开发工程师（校招/应届生）,12-15K·14薪,在校/应届,本科,杭州,在校/应届|本科,运维开发经验,5,杭州瀚云动力技术,云计算,0-20人,未融资,66b262ff2d3ada681Hx-0tq0FVo~,郭保庆,招聘者,否,3,b9fd58b4fbf5533e1nVy3NW4GVA~,e87d7e659b942fa703By2Nu0EFRQ,oOpsuW4vF302V-N1gIZsZr0DJpBjj8TFk0PgdqKp3FoFu-E700TjWEzPuR1jXbjwliaHbWPBxf7vRY2lcqpvRFbeFJOKfRBslLKT0l0Tz4Oz3jWaZFNsmGoC7xvILME95PMxCrYFddLV,615594290,1yGQl9q2wIO.search.299,年终奖|带薪年假|保底工资|免费工装|员工旅游|绩效奖金|交通补助|五险一金|团建聚餐|股票期权|法定节假日三薪|生日福利|定期体检|零食下午茶|节日福利,,,滨江区,长河,120.193613,30.188442,否,否,否,否,否,否,,否
全栈软件开发工程师,10-15K·13薪,3-5年,本科,杭州,3-5年|本科,全栈侧重后端|JavaScript|Vue|HTML|Java|Spring/Spring Boot|Node.js|全栈项目经验|前端开发经验|后端开发经验,0,新农都,物业管理,100-499人,,6f78f28670c1bf5b03Z_29-9EVM~,顾先生,数字化运营,否,3,c8da97c3a6143df81Hx-39m_GFc~,8baef68515d8814c03F92d64GFpV,CHFkbbsVFwEFL-Y1zzLUxqaq2lDYHo_4xpyvKr2efSJJDqPmSANXBur3ONfk02kgBKsRgor5RkbOpdtEoaj7bt9P2vgXb3Gol5gh-Vt8_ScOYJrWFBw53I5yHQi1YnmUngM46I213Lj7,615594290,1yGQl9q2wIO.search.300,,,,滨江区,长河,120.194198,30.199202,否,否,否,否,否,否,,否
Java,15-29K,经验不限,本科,杭州,经验不限|本科,微服务架构|全栈开发|服务器配置|多线程|分布式技术,0,辛氪,电子商务,0-20人,不需要融资,cc92929235bdb9561HZ609q1Ew~~,宋先生,招聘者,否,3,2e60ece99f11a0770nR_39y7F1o~,e69d3be4d92273141nZy3t20EFRZ,xIopdvh99emAJ-J14Tg2KDcU6BP7iSjOhX8m0eGdqtvCF2un687NxNpaSxwYsndf0JpHAnveGGigbJ5n4Q2mS1CJG-i-cyKLd_cHr9ETxIsv8CjLo0nEBBhaoIBSJ0aZeUqHedVsgSc~,615594290,1yGQl9q2wIO.search.271,五险一金|全勤奖|加班补助|年终奖|员工旅游|定期体检|可以远程办公|带薪年假|包吃,,,萧山区,钱江世纪城,120.247365,30.244675,否,否,否,否,否,否,,否
全栈工程师,10-15K,5-10年,大专,杭州,5-10年|大专,全栈无侧重|Vue|PHP|全栈项目经验,0,百杉科技,互联网金融,20-99人,,7ed1d6134cc2c51d1XN-39m6EVI~,孟女士,人事主管,否,3,a0f924b407b3b08e1nR43NS4FVNU,9ae3319012dc19c11HZ72N64ElRW,Y4dKPsBYRtxDc-m14iuGYVLN37xTw4NYJxCNW2KYC_12KOGpo-cig9gsJ0xpWWGVA5dFfhZR2HIPV0UTKphsqvzIFQ-ZGVQFITi7WdT8h2teYuUEz0vW4FxkkF4Uv4qexiGhed8MY643Tw~~,615594290,1yGQl9q2wIO.search.272,,,,上城区,钱江新城,120.209685,30.23676,否,否,否,否,否,否,,否
php全栈工程师,12-24K,5-10年,大专,杭州,5-10年|大专,Laravel/Yii/ThinkPHP|JavaScript|PHP,0,风起传媒,广告/公关/会展,0-20人,不需要融资,296485ec842533001HVy0t-4FVs~,龚昕,技术经理,否,3,3b31f9e19ba024b903dy2Nu7FVU~,82a1c9eca81d7c0b1Hd829q5FVNX,yXvKBs1ZwhAgZ-d1oBadBG6bahCAXvfPFGehf7hW0P0s7BcTC9zRgM6S6ELRNx6_CeiYvX8MzNSd54y-a9QTv7a7girwF-J0QS395QXMHYiRpi-KTQu_3X_3wYQUV72vXSPIytjAxjhF,615594290,1yGQl9q2wIO.search.273,,,,滨江区,长河,120.192909,30.195341,否,否,否,否,否,否,,否
高级全栈工程师（React + Java Spring）,18-22K·13薪,5-10年,本科,杭州,5-10年|本科,TypeScript|Java|全栈无侧重|计算机相关专业|React|全栈项目经验,0,杭州与光同尘影视...,广播/影视,100-499人,天使轮,7397d550928a99d41HFy3Nm9GQ~~,金塑,研发总监,否,3,29251bf28ead4aea0XV-39S-ElBR,1a29da03f837849a03Fy29m7F1FZ,eDOwdqL3aD0RC-X1PYSqlA4viBWv8p1h4HCbJnSbtsbEvlFdskN3GvEPJZeaJZE3ayBdjt8b8cHOTXsd5YbihDODuFSiDN2JZIm8aeBcPzi1hlZaOHphIi6euRZPHtIPZDDA0EcxcKvz,615594290,1yGQl9q2wIO.search.274,股票期权|有无线网|五险|加班补助|节日福利|员工旅游|带薪年假|定期体检|通讯补贴|年终奖,,,拱墅区,上塘,120.110325,30.334237,否,否,否,否,否,否,,否
PHP 全栈工程师,12-15K,在校/应届,本科,杭州,在校/应届|本科,PHP开发经验|PHP|计算机相关专业,0,杭州未零,互联网,0-20人,不需要融资,a487628fdf5595b81nB82tm6FFs~,张浩, CEO,否,3,8729fa434b8ce8dd0nZ60tu_EVRY,85a24a96da5eec6d03J43N60E1tY,bsECkYFSbBvHv-n1I1UAl_IVJr8J8rHHxQn4p6SVz_kCGepzPzVGy8g7OEWlBPno6603jXOrEfdPVPQ4Fo9eD9Jmc-DvFBMJ7Ip1q73C0xgJdyq6wfnzf5frop6GAlbt9tL-tl4uXLvWdQ~~,615594290,1yGQl9q2wIO.search.275,五险一金|零食下午茶,,,西湖区,西溪,120.06688,30.291347,否,否,否,否,否,否,,否
高级全栈开发工程师,27-40K,3-5年,本科,杭州,3-5年|本科,,0,北京某小型信息安全公司,信息安全,20-99人,B轮,,邢玉芹,猎头顾问,否,3,f6822a9709770b170XJ42965ElZV,c173e409e1fc358c03B42969EFdV,EQdy9QwjKC7ok-A1Gaypr4bNOogiXb2rm4fD17ObcffPjoMdAv28UwwxXdvh3tG2qKh6swKxUnoDCHfIAct38VSmGOi2sIOxrvGxa5mA6utu0wudSHWSFMRNe6rcaI9gXUMuSl5L0VMW,615594290,1yGQl9q2wIO.search.276,交通补助|节日福利|年终奖|带薪年假|加班补助|零食下午茶|通讯补贴|五险一金,,,,,120.127984,30.275405,是,否,否,是,否,否,,否
全栈工程师,450-500元/天,5-10年,本科,杭州,5-10年|本科,全栈侧重后端|JavaScript|Vue|React|Java|计算机相关专业|全栈项目经验|前端开发经验|后端开发经验,6,绍虞数字,计算机软件,20-99人,,c69f84a168b1a7761HJ809u9GFA~,章海波,HR人事主管,否,3,99613afd6e861e4a0XB439W6EVQ~,5e7ee3ed7bdbf1fb1H172N-6EVtY,7cBrEwSchckF4-T1ASUcVopy_vwMdtIbViVmXrXNXv1Vdcwnk1zKMXwY6Dn6du3Z8kF_6Ry6H1-1v-VeoIWdp7BduRktySgymXbv4jSljzwE39Kk5aunPmYGbaEqiFonUcgmAiPfCjOC,615594290,1yGQl9q2wIO.search.277,,,,滨江区,长河,120.1975,30.180948,否,否,否,否,否,否,,否
全栈工程师,8-12K,1-3年,本科,杭州,1-3年|本科,Linux|vue3.0|全栈侧重后端|vue2.0|Python|全栈项目经验,0,杭州杰歌科技有限公司,电子商务,100-499人,,1a41fb208cb99e8803V93ti7GVc~,陈春春,招聘者,否,3,54353d9e51ddbd471nR82929FVZW,d146e9bb3e5bcd9b03Bz09-9GVVS,BHtT33zOmCK4T-g1o_S-TzfFMyiDrmTwsV6rixojfr9ybSL-bBm2-d4eggDC67uWyI0VWgVHRgdGHYM-4A3hr9Ehpn1ky_CXmVZBeMpRFcI0XitZH_h-kYSkItlUJ8-qPILt-zYAGhyIKQ~~,615594290,1yGQl9q2wIO.search.278,,,,萧山区,闻堰,120.170203,30.130847,否,否,否,否,否,否,,否
初级全栈工程师,6-10K·13薪,1-3年,大专,杭州,1-3年|大专,全栈侧重后端|JavaScript|HTML|Vue|Java|Spring/Spring Boot|后端开发经验|全栈项目经验|前端开发经验,0,杭州多安,医疗服务,20-99人,不需要融资,16342951f7fc7ab71HJ42Nu-GFI~,姜洪飞,营销总监,否,3,2843815a302d9cb31nR43NS6ElpT,d3d6e6687f5f311e1Hx-29q9E1VR,oDsb9QqJWbLEK-Y1eNROAsuEppYdNSIAyTne4TmClxvfoRaLtl7WQrXrXXrf4y2EAfk3PTC5IVrZTrDA13g1DIv8sh5931zcZ-EgPFX7-VsNFyLt00YLASPvrN9Q-yyPungT-MKA7h_piw~~,615594290,1yGQl9q2wIO.search.279,生日福利|加班补助|保底工资|团建聚餐|零食下午茶|餐补|法定节假日三薪|五险一金|全勤奖|节日福利|工龄奖|绩效奖金|员工旅游|定期体检|住房补贴|节假日加班费|底薪加提成|带薪年假|年终奖|股票期权,,,钱塘区,金桥街,120.323223,30.330866,否,否,否,否,否,否,,否
全栈工程师,12-15K·13薪,1-3年,本科,杭州,1-3年|本科,Java|JavaScript|全栈无侧重|全栈项目经验,0,信公小安,互联网,100-499人,不需要融资,cd29d22babfff92403B60tu4Fg~~,周华民,高级前端开发工程师,否,3,2c973d63613c71a31XJy2NW-E1o~,c87b3dbe4524aecc1HF43dm_F1NR,dPx6sIgCi8vRH-h1CCuQh9eWWyBisDHvvdkRZjYqcHiLB7hGkawzC6KwePQh3AB4Dtv6VOYKOfWxmKV3wbur_pE51NXoJsbh6mNpjzf6pvY_24A6ZlIROrgqYdbkx-3to6rJa4A_VBQ~,615594290,1yGQl9q2wIO.search.280,定期体检|五险一金|补充医疗保险|节日福利|带薪年假|零食下午茶|年终奖|员工旅游,,,临平区,临平,120.303062,30.393593,否,否,否,否,否,否,,否
低代码开发全栈工程师,12-24K,5-10年,本科,杭州,5-10年|本科,全栈无侧重|JavaScript|Vue|Java|Node.js|全栈项目经验,0,杭州怯薛卫队通信科技,计算机软件,0-20人,,cef1a0ea995b9d0c1H153t65Els~,陈军,HR,否,3,a0fc9ae9ba1b71191nR83N69E1BV,ceb6c9fe1855235703d-3Nq6EVZS,tXmSzxpSjQve4-v18pfYaUi1BmriISvu9Xw18Mdjcn1oA8o_EQcS6redNdH93YqIp-fbO8y4U7mRBQ1mNS3JIrG6F-GvoSTeQfeOmFKVVv0EyDJuwYaqCMEfTeffM9W9Shba7YlbcwHZEw~~,615594290,1yGQl9q2wIO.search.281,,,,西湖区,古荡,120.110103,30.267224,否,否,否,否,否,否,,否
ai全栈工程师,15-30K,在校/应届,本科,杭州,在校/应届|本科,Golang|后端开发经验|全栈侧重后端|Node.js|计算机相关专业|React|前端开发经验|全栈项目经验|TypeScript|C/C++|全栈无侧重|MySQL/Redis/MongoDB|Python,5,杭州纵狐,互联网,0-20人,A轮,0eb541c2177c9cb71Hd939W4F1U~,曹先生,ceo,否,3,6bf3a13c9d2e301e0XB-3ty1FlFZ,72be4537f973df9003J43du-EVFV,TmH0JU1KDFgsA-O10a5z0tr3SEQVPPkLe7L_VojxdbQYehwE1aV8ldAxkM1L-Rli3XuSqLPgcCGymbuSqh289Q0ASeDsoRvgz_XVCwC89ArSEGbIC3OrcF8Zq1AVGK5dk_4w5NzWJs8A3g~~,615594290,1yGQl9q2wIO.search.282,加班补助|有无线网|免费班车|全勤奖,,,萧山区,义蓬,120.436809,30.269698,否,否,否,否,否,否,,否
核心业务开发｜全栈工程师｜数据平台可视化,40-70K,5-10年,本科,杭州,5-10年|本科,Golang|后端开发经验|JavaScript|Vue|全栈无侧重|Node.js|计算机相关专业|React|前端开发经验|英语读写能力良好|Python|全栈项目经验,0,某计算机软件公司,计算机软件,0-20人,,,齐瑞泽,猎头顾问,否,3,21e957b224a04e0f0XJz3t-0GVNZ,00a5206bd9ecb97b03J62NW-E1pS,wv0cH6m5xl2Ip-A1c8GQIaH7_c5UcDLWx8oXErF6djlmn65_pxRDVUlN_cDOf1rfUd0MwVD0ftt4lLt1m8x1rfbrTmvAX0axK_I5kiPoxCz9qvbzW19cQDz8XbumNqbHvhYld4NWdG9QpA~~,615594290,1yGQl9q2wIO.search.283,,,,,,120.194004,30.182808,是,否,否,是,否,否,,否
全栈开发工程师,30-60K·15薪,1-3年,本科,杭州,1-3年|本科,全栈无侧重|计算机相关专业|全栈项目经验,0,某企业服务公司,企业服务,0-20人,,,苏光荣,猎头顾问,否,3,e452748b686d8f880nR43N--GVRS,c7a8654bb31438741X1929y0FFFQ,8Gt9cmXTQg3d0-R1lzDq1m3RR31vrh0Dkcqu7cgXNONTBI8CN8cIYfyyvCXJOevaEey01bvxNFVe-F-roXspIYOc3HnDRW8SOyigRQVZ3ubM2DNDgwfANo3lPjzXN0TH3MOlVJDQk2C3fQ~~,615594290,1yGQl9q2wIO.search.284,,,,,,120.02341,30.275318,是,否,否,是,否,否,,否
全栈研发工程师,8-13K,1-3年,大专,杭州,1-3年|大专,计算机相关专业|前端开发经验|后端开发经验,0,正天宠物,电子商务,20-99人,不需要融资,e7d6bfc382fd74941XB73dS1EFs~,黄先生,CEO,否,3,aee1052aa9d09edd33V92d2-Els~,ec93e1ffe1a43bdb1XJ62dq0E1RX,Pvzp2iQAwWkBx-Q15wxxpYb1t985uqlk5phhk0kg1uXKFr_ByEByi6hMh3e0lW0yFQM2KLtaRlw-7YlXNy26ZjGo1HPihe4-8B4LZkbmdpKbx2i_7X52607zrz-_hH7-hC7M4iDiv6xt,615594290,1yGQl9q2wIO.search.285,五险一金|带薪年假|全勤奖|团建聚餐|年终奖,,,西湖区,西溪,120.076549,30.308702,否,否,否,否,否,否,,否
全栈工程师,20-40K·16薪,在校/应届,本科,杭州,在校/应届|本科,接受实习/在校生投递|Django/Flask|全栈无侧重|MySQL/Redis/MongoDB|React|英语读写能力良好|Python|全栈项目经验,5,北京鳄梨智面科技,互联网,0-20人,不需要融资,7e00147ecf3ba6891HNy09m9F1I~,桂冠,研发负责人,否,3,a4a6e6bce664672b0nJ-09i0E1NX,c20e9604c02c355203dz0tm7F1dU,-azeCejSlLw8o-j1XVWoz3JkEFmkGTZH4aSg5HDl7Oo9QBYvMHld3jGFEQn9KwTeNJawl5MxOXVje3fDPw-2GM4a6zLvVv7erKPbZVedprBLYSH5tqPW00b1FHRyjRt0rYLbk4buDjQerQ~~,615594290,1yGQl9q2wIO.search.286,带薪年假|股票期权|五险一金,,,西湖区,西溪,120.129042,30.275449,否,否,否,否,否,否,,否
全栈软件开发工程师,8-11K,3-5年,本科,杭州,3-5年|本科,全栈侧重前端|全栈侧重后端|JavaScript|Vue|Java|Python|全栈项目经验|前端开发经验|后端开发经验,0,起点通信,通信/网络设备,20-99人,不需要融资,e3462dbbc4eaaf1f1XZ63tu-GVc~,胡先生,招聘者,否,3,d4bcf5eec80483420nF739u9F1ZR,ed97af8356d02c2603V62N24FltS,XGqxAPKrRUTin-y1SMYYGCyjNJ0Y15Dvyw30SRYdOyS06e-Pj2Xyr-_Qdj1O7jEyhGLhSD1KSEhXgfVEzBb0CvC_qD566JH0xDQg3xz0yv95pOcRcoHHWvU1k_ikRNyeUIzTxtzum33iVw~~,615594290,1yGQl9q2wIO.search.287,保底工资|全勤奖|工龄奖|加班补助|节假日加班费|底薪加提成,,,钱塘区,白杨,120.345545,30.302257,否,否,否,否,否,否,,否
中级全栈工程师,10-14K,1-3年,本科,杭州,1-3年|本科,全栈侧重后端|Vue|React|Java|Python|Golang|MyBatis,0,浙通服,通信/网络设备,1000-9999人,未融资,326ec7fb187845fb1XN-3tq0FQ~~,赵先生,应用软件开发工程师,否,3,0e7b497fb82e11291HV-29i_FlE~,32d545f6233a4bdd03V53968F1pV,TUroHBCNjSeQY-E12A-1C3vxEdmXxUje_EOY7UHwLubJGEMCCUSMBSnLfdA1-a0t8QiijAuDbzrH0zZuDyakqMMsXqhD7tjikrhUq8ktyj_KK5a__y3D-IpCubXE4N_Xqw0HrC6RyeI~,615594290,1yGQl9q2wIO.search.288,五险一金,,,滨江区,星光大道,120.210229,30.207509,否,否,否,否,否,否,,否
AI Native 全栈工程师,20-40K,3-5年,本科,杭州,3-5年|本科,,0,交易哲学,人工智能,0-20人,天使轮,72318b5010008db203Z5296_F1E~,宋漪卉,HR Head,否,3,fcc4faf1edbc1b470XR609m8FVBT,35e17ec1306076e703Fy3ti6F1ZU,Ae3GXwIznblEz-d1XB0GTwmR5pX2Y8VRnOnuCKBcoGrkWJT6GCp_HSLr81YQS9dse2Lmn9jYNdnClnRgF62JYxCgBxA04Es4Z1PIsaMCVFqxglDBzFqPlQjaHdqLXcaRNiOas7chjPH8qw~~,615594290,1yGQl9q2wIO.search.289,五险一金,,,西湖区,西溪,120.086593,30.256945,否,否,否,否,否,否,,否
全栈工程师,8-12K,经验不限,本科,杭州,经验不限|本科,Java|CSS|Spring/Spring Boot|JavaScript|Vue|MyBatis|全栈无侧重|HTML|MySQL/Redis/MongoDB|ios|全栈项目经验|Android,0,杭州双梓星网络科技,互联网,0-20人,,3b4cbc196a01fa5d03R62921GVE~,安泽印,招聘者,否,3,786288ee94c90fc00XB_2dy1FVpT,4bd5892737cd38a303B829u5GFRR,s2Dyxy6FOXZIS-i1fzj4iypP0g0S0SM7Rym5hMIj8wUAInG6x-S5JqzE9fBy4a8f_OXgM7UxwJ9qXKKa3kHWAryLymLi_7crMNvuixa7iUlVvl9gzLgHGtm6dx7Rk44WgBw-qnS8_2mp3Q~~,615594290,1yGQl9q2wIO.search.290,,,,上城区,天城路沿线,120.20408,30.32111,否,否,否,否,否,否,,否
中级全栈工程师,12-22K·13薪,3-5年,本科,杭州,3-5年|本科,Vue|Java|.NET|全栈项目经验|前端开发经验,0,三花微通道,其他行业,1000-9999人,已上市,e196c58578ccb7880XB63Ni0,尚京蕊,应用运维主管,否,3,87c606e38669a7f60nd40t6_EFo~,ba64df2c95d2d7cb03B_39i6EVZW,YFUDZmq9KEtBA-Y1i0K_vEFiBing5abq7zxG-56XTKkbL462Qap1TWUr4_jwZuIwm_pLiopvXhSiybubjrlReyZUOiVrFUgLVURrEctqPfEjFLiFl_J8CeQ2kb2SVvEsM7buHHYWGA~~,615594290,1yGQl9q2wIO.search.291,五险一金|定期体检|年终奖|带薪年假|餐补|节日福利,,,钱塘区,工业园南,120.373562,30.290149,否,否,否,否,否,否,,否
全栈工程师,10-15K·13薪,经验不限,学历不限,杭州,经验不限|学历不限,PHP|React|Vue|SQL,0,奇禾网络,大数据,20-99人,未融资,d9be7305cc32221f1nB42d-5FlA~,徐士淮,技术总监,否,3,22a3650543ea2cec1HBz39m9F1U~,4c1ec3070d23bfdf1XZ50ty1EFRY,cKKGEKeAo6TfR-z1ff-njDeVmaah4ZR0G-eZgrlh3rGSzB85EDf6_q1_DzXev_zyVyWKQsbc6F0HBhZltyKGI11GAXTbpDyuY5JAhPOEZH3rgwsLoe12XC7LojHdypJNRW8AoY9KsISr,615594290,1yGQl9q2wIO.search.292,绩效奖金|节日福利|带薪年假|零食下午茶|夜班补助|加班补助|节假日加班费|有无线网|五险一金|年终奖,,,西湖区,翠苑,120.100659,30.300959,否,否,否,否,否,否,,否
手机厂商快应用开发（全栈 兼职项目),60-120元/时,经验不限,学历不限,杭州,经验不限|学历不限,JavaScript|Node.js|React|计算机/软件工程相关专业|前端开发经验|技术博客/开源项目有所贡献|接受居家办公,6,杭州店飞科技有限公司,互联网,20-99人,天使轮,21034cd9c9e49ee21XV809-9EFQ~,谢女士,招聘专员,否,3,2e836aacc0b3e77c0ndz2N21EVdX,48d9f3f9dbf107451Hx529S4F1BQ,nJQRgSStXL9e6-D1YH2N20lLFQgERhQrbqQIOXv4jmr304-r7IXCJpnC95NPQdbME1cD-lZzyGCQI1qO3eIqshM1qs6WVRW472aRvtGVdtGnlIGM43h4sGpVj2lFMTswPyZos5_EfGhJ8Q~~,615594290,1yGQl9q2wIO.search.293,团建聚餐|工龄奖|保底工资|绩效奖金|年终奖|员工旅游|零食下午茶|股票期权|五险一金,,,西湖区,西湖,120.108235,30.265589,否,否,否,否,否,否,,否
高级全栈工程师,11-14K,3-5年,本科,杭州,3-5年|本科,全栈无侧重|全栈侧重后端|JavaScript|HTML|CSS|TypeScript|Vue|Java|PHP|全栈项目经验,0,寰映信息科技(上...,家具/家电/家居,0-20人,未融资,3a1bb1f92a35ea511nF_3dS_EFQ~,王华,Founder,否,3,5a43db1a1062df9e03Vy2NW9Fg~~,84b4e2c5aaa5f9ad03B63N-6EVBT,KxrCWlbQATd3F-Z1wGV5GGUJmjxxwG_0mAHwAcyosRRDNvOusgX7tzc8KnpSWrGpDXbG297ObmIhqVigoQpzleMAyWW857_MRGGBr0HdY9GjJ-MaPMe_dC3l7EXM5o2Ez7GTv1L_218~,615594290,1yGQl9q2wIO.search.294,交通补助|餐补|加班补助|年终奖|通讯补贴|节日福利,,,临平区,东湖,120.29538,30.441026,否,否,否,否,否,否,,否
全栈工程师,10-15K,3-5年,本科,杭州,3-5年|本科,全栈侧重后端|CSS|HTML|Spring/Spring Boot|MyBatis|MySQL/Redis/MongoDB|计算机相关专业|全栈项目经验|后端开发经验|前端开发经验|SSH架构(jdk1.6)|ExtJs|SpringMVC(jdk1.8)|memcached缓存|Jquery,0,博亦远科技,计算机软件,100-499人,未融资,a1d2e6efaa168bae1nV53d67EFQ~,陈冬琴,HR,否,3,958512a3f2ba9c9b1HN-3dm8GFM~,404cb339d0460a9503F-2t67EVpQ,OeTUjR5p96pV6-t1Yyqaf9wqhKFnjp-b3yjXcQb2KoYMRon9vsSQH73pkAV86jiZ_LuAvGwfTW6MxZ34I2ToBEIbgQnd1hWrh48RuuPxfV0uQRvg2o80bTmxOk2ZRAmHXbzGmbZOyrVz,615594290,1yGQl9q2wIO.search.295,节日福利|餐补|股票期权|带薪年假|年终奖|交通补助|五险一金|加班补助|零食下午茶,,,西湖区,翠苑,120.120852,30.28098,否,否,否,否,否,否,,否
小程序全栈兼职,20-25K,5-10年,大专,杭州,5-10年|大专,Java|Spring,0,微风口网络科技,移动互联网,0-20人,未融资,afc22c5034f4f9781XVy2Ni-Fg~~,杨大耀,CEO,否,3,7b106eff0811d98a1nJ63tu4FQ~~,ea3dc01b9c8add5e1nR82t--FVVT,9XWx2PfACJ81V-U1-hpXmyMCNrXn5NvXHcrdtFXNdLxnd8jnbMMCOlGnZ-xyJIhIKO5vJD58ZL1XVN4UP8PjOH-XSzX5JCl_TGjCKouYyETf9hXipVPgOZgHX320jDL7zyVcKkc6Vg~~,615594290,1yGQl9q2wIO.search.296,年终奖|零食下午茶|绩效奖金|节日福利|餐补|交通补助|股票期权|五险一金,,,钱塘区,白杨,120.3364,30.30189,否,否,否,否,否,否,,否
智能软件研发,15-30K,经验不限,本科,杭州,经验不限|本科,Python|Docker|全栈开发|分布式技术|SpringBoot|后端开发|Spring|Python,0,浙江省北大信研院,其他行业,100-499人,未融资,49ad8463966870141HRz29m4Eg~~,郑聪,算法工程师,否,3,21d4b9d1f610cc341X1429i-E1E~,f930698bc8376e0a1nx52Nq8FVRR,A3VRrijd7OtjD-e1D0PKVlv_W3XucKCue9DmJCb33lF7s5CNJd1vgC8bqx2kUZ0059kh2C54suU4bd0ge0eU9TjzpwegeAYJTN8aix9W3RFMbQleqRshuaCxUr_NCvXf_V61_VG2xJs~,615594290,1yGQl9q2wIO.search.297,节日福利|五险一金|股票期权|加班补助|定期体检|带薪年假|年终奖|员工旅游|零食下午茶|补充医疗保险,,,萧山区,钱江世纪城,120.26542,30.221249,否,否,否,否,否,否,,否
全栈工程师,12-15K·13薪,5-10年,本科,杭州,5-10年|本科,全栈无侧重|HTML|CSS|TypeScript|Vue|PHP|C/C++|Python|Django/Flask|MySQL/Redis/MongoDB|全栈项目经验,0,万思奇,互联网,0-20人,未融资,a306667bcbc8a12d03Z83tu6F1o~,冯涛,总经理,否,3,0f592cb6a1bb88a103d50t--ElQ~,f3a5d3a177a2bce103Fz3dy5GFJR,5C8cTtue01cYD-z1N0EvxeZnrXz15Hj5X3tPwPeZXLM1iD2TKn9ir3rcIjw3DPWJT8dWZgn0lQeQ1uEbyjq-4wyT-aGTvStGEBlNfnyrHx7ZPQJ0KcFZf8E1gIYLpz6R7lyuC_9miEM7,615594290,1yGQl9q2wIO.search.298,定期体检|员工旅游|节假日加班费|生日福利|法定节假日三薪|年终奖|五险一金|底薪加提成|绩效奖金|企业年金|带薪年假|保底工资|团建聚餐,,,余杭区,仓前,120.001691,30.288563,否,否,否,否,否,否,,否
全栈运维开发工程师（校招/应届生）,12-15K·14薪,在校/应届,本科,杭州,在校/应届|本科,运维开发经验,5,杭州瀚云动力技术,云计算,0-20人,未融资,66b262ff2d3ada681Hx-0tq0FVo~,郭保庆,招聘者,否,3,b9fd58b4fbf5533e1nVy3NW4GVA~,e87d7e659b942fa703By2Nu0EFRQ,ks_aghSQsqayI-P1hcWCj5izMCQpCRHJdv6-5mTLqzPJeY_O2oI6pXsZUSx7scO1zm150V2QZP2vKjjcCWgH8J6VqHCIKNOygiBpYvgibGAb_V_jX_rLPpy1ityZDuOlrv6z2ASSWkrv,615594290,1yGQl9q2wIO.search.299,年终奖|带薪年假|保底工资|免费工装|员工旅游|绩效奖金|交通补助|五险一金|团建聚餐|股票期权|法定节假日三薪|生日福利|定期体检|零食下午茶|节日福利,,,滨江区,长河,120.193613,30.188442,否,否,否,否,否,否,,否
全栈软件开发工程师,10-15K·13薪,3-5年,本科,杭州,3-5年|本科,全栈侧重后端|JavaScript|Vue|HTML|Java|Spring/Spring Boot|Node.js|全栈项目经验|前端开发经验|后端开发经验,0,新农都,物业管理,100-499人,,6f78f28670c1bf5b03Z_29-9EVM~,顾先生,数字化运营,否,3,c8da97c3a6143df81Hx-39m_GFc~,8baef68515d8814c03F92d64GFpV,0KVXzbapWeKLk-X17JZF6J8klBV01NBdxB3vcCo94--WCr0wATuSayXgCAiuvSPWcHPEoP0aF2JrpSNqWsD2jK3S52NiF31TBXG6L1ZEUsoIi6CIizwq2S1K2gU3KOQFDc1BE9klXxHm,615594290,1yGQl9q2wIO.search.300,,,,滨江区,长河,120.194198,30.199202,否,否,否,否,否,否,,否
Java,15-29K,经验不限,本科,杭州,经验不限|本科,微服务架构|全栈开发|服务器配置|多线程|分布式技术,0,辛氪,电子商务,0-20人,不需要融资,cc92929235bdb9561HZ609q1Ew~~,宋先生,招聘者,否,3,2e60ece99f11a0770nR_39y7F1o~,e69d3be4d92273141nZy3t20EFRZ,_HipW0fyaAMug-j1Y4AnCUfl2EpZm6cSmkFnPgieDAxzidDTnGJ2VDP7IKQlKqV5_1QoU-ZeUUVRRGPDFwvwYKjjt0fncJ158X801BSb4pnAgU8yn1EIPG-ctVUMJWORhKJBhhSORhc~,615594290,1yGQl9q2wIO.search.271,五险一金|全勤奖|加班补助|年终奖|员工旅游|定期体检|可以远程办公|带薪年假|包吃,,,萧山区,钱江世纪城,120.247365,30.244675,否,否,否,否,否,否,,否
全栈工程师,10-15K,5-10年,大专,杭州,5-10年|大专,全栈无侧重|Vue|PHP|全栈项目经验,0,百杉科技,互联网金融,20-99人,,7ed1d6134cc2c51d1XN-39m6EVI~,孟女士,人事主管,否,3,a0f924b407b3b08e1nR43NS4FVNU,9ae3319012dc19c11HZ72N64ElRW,ecOC_xSj79R4v-Z1lPm57bMRjipe3rcOtClF81E5jkDVTRlJO1OolBBthtZPH5Hpxe2aeHe21anHF7VbDK8yJf-gzaECeHOO4kvOYvxSWKAO8mTWFlEO2BoOokTneHw5bo7pSowsPPwYBQ~~,615594290,1yGQl9q2wIO.search.272,,,,上城区,钱江新城,120.209685,30.23676,否,否,否,否,否,否,,否
php全栈工程师,12-24K,5-10年,大专,杭州,5-10年|大专,Laravel/Yii/ThinkPHP|JavaScript|PHP,0,风起传媒,广告/公关/会展,0-20人,不需要融资,296485ec842533001HVy0t-4FVs~,龚昕,技术经理,否,3,3b31f9e19ba024b903dy2Nu7FVU~,82a1c9eca81d7c0b1Hd829q5FVNX,Wjk4lygHNaxoU-V1sFYLqF3n1-SR9MzZDxOzQhCOCViWJW5wJhgfO3vb2ow8xnuSdNkALfiyS57jOvq0kGeQthCONlzm4-vNnXjn3KjlsUYFBhBkTgMtoFfGX1YT7xb58YDo2dpJ5ZHr,615594290,1yGQl9q2wIO.search.273,,,,滨江区,长河,120.192909,30.195341,否,否,否,否,否,否,,否
高级全栈工程师（React + Java Spring）,18-22K·13薪,5-10年,本科,杭州,5-10年|本科,TypeScript|Java|全栈无侧重|计算机相关专业|React|全栈项目经验,0,杭州与光同尘影视...,广播/影视,100-499人,天使轮,7397d550928a99d41HFy3Nm9GQ~~,金塑,研发总监,否,3,29251bf28ead4aea0XV-39S-ElBR,1a29da03f837849a03Fy29m7F1FZ,X2El1PYOZtEVM-_1KUYHBGxviT0gziwtPy88ZZZZOMguTCDazyVo7IddDl3y_6SkMvz0eTzAkCUFpP8Ptfvb0qCZDY1WVF2N3-8MY7c0Dbc2TPzM7Ac5-sU87YxpP1eIoV8v_uwMFUXz,615594290,1yGQl9q2wIO.search.274,股票期权|有无线网|五险|加班补助|节日福利|员工旅游|带薪年假|定期体检|通讯补贴|年终奖,,,拱墅区,上塘,120.110325,30.334237,否,否,否,否,否,否,,否
PHP 全栈工程师,12-15K,在校/应届,本科,杭州,在校/应届|本科,PHP开发经验|PHP|计算机相关专业,0,杭州未零,互联网,0-20人,不需要融资,a487628fdf5595b81nB82tm6FFs~,张浩, CEO,否,3,8729fa434b8ce8dd0nZ60tu_EVRY,85a24a96da5eec6d03J43N60E1tY,A66Vv9H4fplG8-B1zJOr5MbLOSdym5Z4NVvRd57mY78QSUFqEf4OTTMQMe5irjDQr6ksGKuBzASrILgOZPVByt0pIbSPiA2cvNNlh89b3Gs9A4nJqd6DC7DZkZC3od9BnEF4I-FF2jsMgA~~,615594290,1yGQl9q2wIO.search.275,五险一金|零食下午茶,,,西湖区,西溪,120.06688,30.291347,否,否,否,否,否,否,,否
高级全栈开发工程师,27-40K,3-5年,本科,杭州,3-5年|本科,,0,北京某小型信息安全公司,信息安全,20-99人,B轮,,邢玉芹,猎头顾问,否,3,f6822a9709770b170XJ42965ElZV,c173e409e1fc358c03B42969EFdV,Y2sYVao97VftT-f1RsCr8n4puzuE0lGZAFEfzz2rXqz9tssgY90IynPx2dXfdQh4AU_ESXyrUwlLdSwbEISAaue0UxSkPj7wyN6TdSzoNoHRcYerbevLSLFHWUcTKmAW-3By8MbI6gzr,615594290,1yGQl9q2wIO.search.276,交通补助|节日福利|年终奖|带薪年假|加班补助|零食下午茶|通讯补贴|五险一金,,,,,120.127984,30.275405,是,否,否,是,否,否,,否
全栈工程师,450-500元/天,5-10年,本科,杭州,5-10年|本科,全栈侧重后端|JavaScript|Vue|React|Java|计算机相关专业|全栈项目经验|前端开发经验|后端开发经验,6,绍虞数字,计算机软件,20-99人,,c69f84a168b1a7761HJ809u9GFA~,章海波,HR人事主管,否,3,99613afd6e861e4a0XB439W6EVQ~,5e7ee3ed7bdbf1fb1H172N-6EVtY,z1f0IPTLynbOl-y11oCaLzhbaJS51QnwPQxsF1aznCnI7v4qnKJHu-BHpeigEedx3_lUWgdvF5pwvuzYJvU48wvCJOcwmJhA50g6oJDmYFyJqPjHiplwpLQDaRXQ6Ovv9JbRGUqQZLys,615594290,1yGQl9q2wIO.search.277,,,,滨江区,长河,120.1975,30.180948,否,否,否,否,否,否,,否
全栈工程师,8-12K,1-3年,本科,杭州,1-3年|本科,Linux|vue3.0|全栈侧重后端|vue2.0|Python|全栈项目经验,0,杭州杰歌科技有限公司,电子商务,100-499人,,1a41fb208cb99e8803V93ti7GVc~,陈春春,招聘者,否,3,54353d9e51ddbd471nR82929FVZW,d146e9bb3e5bcd9b03Bz09-9GVVS,QgldvgIgeoNZT-d1leni3M7aLGU8idvtRtFeqbmo-3R3Wt5N2jP-Te7RYnCcrzu8TE6Nbhgbg7qchZqfvO9h-n2oc8ph1IYQs-6l-8Y45xXq6gs9t_D32vinalzUAqp1mmTlNSY9yQ6UKA~~,615594290,1yGQl9q2wIO.search.278,,,,萧山区,闻堰,120.170203,30.130847,否,否,否,否,否,否,,否
初级全栈工程师,6-10K·13薪,1-3年,大专,杭州,1-3年|大专,全栈侧重后端|JavaScript|HTML|Vue|Java|Spring/Spring Boot|后端开发经验|全栈项目经验|前端开发经验,0,杭州多安,医疗服务,20-99人,不需要融资,16342951f7fc7ab71HJ42Nu-GFI~,姜洪飞,营销总监,否,3,2843815a302d9cb31nR43NS6ElpT,d3d6e6687f5f311e1Hx-29q9E1VR,T4nN1AgmjfT4o-N1_UyynPgNLNdksdgp5ylGDxnB1FQaaB6LGL0rdnjItEpHjhv-sLEX4IMvwb7dEJbjXO9VWhI9xbK4uhzkntjUJ22PWPrmQUIjOWvML7igccXc9rIrJYs9wrXqqn6-Gg~~,615594290,1yGQl9q2wIO.search.279,生日福利|加班补助|保底工资|团建聚餐|零食下午茶|餐补|法定节假日三薪|五险一金|全勤奖|节日福利|工龄奖|绩效奖金|员工旅游|定期体检|住房补贴|节假日加班费|底薪加提成|带薪年假|年终奖|股票期权,,,钱塘区,金桥街,120.323223,30.330866,否,否,否,否,否,否,,否
全栈工程师,12-15K·13薪,1-3年,本科,杭州,1-3年|本科,Java|JavaScript|全栈无侧重|全栈项目经验,0,信公小安,互联网,100-499人,不需要融资,cd29d22babfff92403B60tu4Fg~~,周华民,高级前端开发工程师,否,3,2c973d63613c71a31XJy2NW-E1o~,c87b3dbe4524aecc1HF43dm_F1NR,IQuHJaaA6gN4O-A1bdcAT7IdhTOz5ZhYFvy0KoX3TMbUW3Cnc1w1GSVijzDtGqDuq3iQuIU1d3FOFoLIvwWqlyoqgP-T6gTDZIxVMp2pUZ3CJ2ZZQkfyswbP1TsmmtckU6iXi5pzyCs~,615594290,1yGQl9q2wIO.search.280,定期体检|五险一金|补充医疗保险|节日福利|带薪年假|零食下午茶|年终奖|员工旅游,,,临平区,临平,120.303062,30.393593,否,否,否,否,否,否,,否
低代码开发全栈工程师,12-24K,5-10年,本科,杭州,5-10年|本科,全栈无侧重|JavaScript|Vue|Java|Node.js|全栈项目经验,0,杭州怯薛卫队通信科技,计算机软件,0-20人,,cef1a0ea995b9d0c1H153t65Els~,陈军,HR,否,3,a0fc9ae9ba1b71191nR83N69E1BV,ceb6c9fe1855235703d-3Nq6EVZS,QDk3PISd-zqOP-31MdMk48C3rHqpym6jRhmh4G3M-YIkgHVzKVev-NgX8Q5EMqfGZ_4niMxaDyEdg5FOHBGT51Yjw5nAc7KQZwzYIPx6FqOeNC7g2jF-1vT9Q5MnoCQveVRhTrxa0vZ-dQ~~,615594290,1yGQl9q2wIO.search.281,,,,西湖区,古荡,120.110103,30.267224,否,否,否,否,否,否,,否
ai全栈工程师,15-30K,在校/应届,本科,杭州,在校/应届|本科,Golang|后端开发经验|全栈侧重后端|Node.js|计算机相关专业|React|前端开发经验|全栈项目经验|TypeScript|C/C++|全栈无侧重|MySQL/Redis/MongoDB|Python,5,杭州纵狐,互联网,0-20人,A轮,0eb541c2177c9cb71Hd939W4F1U~,曹先生,ceo,否,3,6bf3a13c9d2e301e0XB-3ty1FlFZ,72be4537f973df9003J43du-EVFV,L71kXKwHiZgsj-t1x-pDu1EZBUKlArAQakfAF_tU0F5GEhBwYkGJwLgjotqDgllyAmvMaovyKK3qeH7TQJMC6rzyLPQl_BZe5g3LtFcKBpfnRbFgH47qE_xyRMEBUJNstqayAaIU2kUEaQ~~,615594290,1yGQl9q2wIO.search.282,加班补助|有无线网|免费班车|全勤奖,,,萧山区,义蓬,120.436809,30.269698,否,否,否,否,否,否,,否
核心业务开发｜全栈工程师｜数据平台可视化,40-70K,5-10年,本科,杭州,5-10年|本科,Golang|后端开发经验|JavaScript|Vue|全栈无侧重|Node.js|计算机相关专业|React|前端开发经验|英语读写能力良好|Python|全栈项目经验,0,某计算机软件公司,计算机软件,0-20人,,,齐瑞泽,猎头顾问,否,3,21e957b224a04e0f0XJz3t-0GVNZ,00a5206bd9ecb97b03J62NW-E1pS,xOtuGKQs4Y-tR-g1FSTolsqZHXg_3JK5-UyiDTSxzFbKjR06M92GBuFhQ2JpDwktUYbaToeTZ06K9OeKu3XeyXXVgERVB1nonpOurocxA3a9PoxXbzxRPDg9n9ENdsZhaQdJbOej9JP1ZQ~~,615594290,1yGQl9q2wIO.search.283,,,,,,120.194004,30.182808,是,否,否,是,否,否,,否
全栈开发工程师,30-60K·15薪,1-3年,本科,杭州,1-3年|本科,全栈无侧重|计算机相关专业|全栈项目经验,0,某企业服务公司,企业服务,0-20人,,,苏光荣,猎头顾问,否,3,e452748b686d8f880nR43N--GVRS,c7a8654bb31438741X1929y0FFFQ,h5q7evPTftPTg-k1kL0WUoNS647r9DFpSUSxhLkbrW8YRlt68_H63XRrlEwofd8XWndF2NORvZ7BQqJgYCzC2RJIPwJ2uZcbPEzTbSNFOuNncqTEWKTPd7O1SNNZIOhc5m-rY-rURqfIwA~~,615594290,1yGQl9q2wIO.search.284,,,,,,120.02341,30.275318,是,否,否,是,否,否,,否
全栈研发工程师,8-13K,1-3年,大专,杭州,1-3年|大专,计算机相关专业|前端开发经验|后端开发经验,0,正天宠物,电子商务,20-99人,不需要融资,e7d6bfc382fd74941XB73dS1EFs~,黄先生,CEO,否,3,aee1052aa9d09edd33V92d2-Els~,ec93e1ffe1a43bdb1XJ62dq0E1RX,Dig2jp-5LuyQA-o1CnuDnVOdjvmVgFMJp4BI7h6Dx6i6fPY1P3HPqjl0kuziinHEFDh8wFJ1KPWVaLQhgNzgS9344mW_qWcXus6NwAFSWuiTZTToy5jK39LKn85KvkM5taQYdy87p0oy,615594290,1yGQl9q2wIO.search.285,五险一金|带薪年假|全勤奖|团建聚餐|年终奖,,,西湖区,西溪,120.076549,30.308702,否,否,否,否,否,否,,否
全栈工程师,20-40K·16薪,在校/应届,本科,杭州,在校/应届|本科,接受实习/在校生投递|Django/Flask|全栈无侧重|MySQL/Redis/MongoDB|React|英语读写能力良好|Python|全栈项目经验,5,北京鳄梨智面科技,互联网,0-20人,不需要融资,7e00147ecf3ba6891HNy09m9F1I~,桂冠,研发负责人,否,3,a4a6e6bce664672b0nJ-09i0E1NX,c20e9604c02c355203dz0tm7F1dU,kfIDQEf9Jlqqg-D1q3oDfXfhawyueao2dzh4yRdHaW6ugh4sKa83tkMSXuH9UYgfMZzd3-m_R7UNSg8uchisnTSTAWtO4p6QzKihILBe1I7PaafUG5UphaO82t43lY06N9pxOiWfCFYsTg~~,615594290,1yGQl9q2wIO.search.286,带薪年假|股票期权|五险一金,,,西湖区,西溪,120.129042,30.275449,否,否,否,否,否,否,,否
全栈软件开发工程师,8-11K,3-5年,本科,杭州,3-5年|本科,全栈侧重前端|全栈侧重后端|JavaScript|Vue|Java|Python|全栈项目经验|前端开发经验|后端开发经验,0,起点通信,通信/网络设备,20-99人,不需要融资,e3462dbbc4eaaf1f1XZ63tu-GVc~,胡先生,招聘者,否,3,d4bcf5eec80483420nF739u9F1ZR,ed97af8356d02c2603V62N24FltS,xXxzBMTJtTV7D-R1nNaG293tAD6pFPc7GyG2bjL9VZ2hoNEMkAwWPNsjJu44ivbwV3LruZN21a5uBWeVS_UjX9s15vCy-LXwpsNnJjwoq8KKnPMkgKwGJBd6XKCGcHroOYp88qoO8Z5xGQ~~,615594290,1yGQl9q2wIO.search.287,保底工资|全勤奖|工龄奖|加班补助|节假日加班费|底薪加提成,,,钱塘区,白杨,120.345545,30.302257,否,否,否,否,否,否,,否
中级全栈工程师,10-14K,1-3年,本科,杭州,1-3年|本科,全栈侧重后端|Vue|React|Java|Python|Golang|MyBatis,0,浙通服,通信/网络设备,1000-9999人,未融资,326ec7fb187845fb1XN-3tq0FQ~~,赵先生,应用软件开发工程师,否,3,0e7b497fb82e11291HV-29i_FlE~,32d545f6233a4bdd03V53968F1pV,v5naMpAxgsSvq-k1zaH5iVGdQZxG-WxtFWqVS3E6vEK8g_0BwuhTHbGS-DAvmlw_BTy0gEhVYPurhfFHoGborpXmcNsJifedsstWAFNOYtymaP4dOT5naeP7yuoF2h6u5-GymNzf-1g~,615594290,1yGQl9q2wIO.search.288,五险一金,,,滨江区,星光大道,120.210229,30.207509,否,否,否,否,否,否,,否
AI Native 全栈工程师,20-40K,3-5年,本科,杭州,3-5年|本科,,0,交易哲学,人工智能,0-20人,天使轮,72318b5010008db203Z5296_F1E~,宋漪卉,HR Head,否,3,fcc4faf1edbc1b470XR609m8FVBT,35e17ec1306076e703Fy3ti6F1ZU,qMFMsRDaKjnyQ-a1eBxqY2uWTu4oRnGU9Y4G0n_tLCw6VyIthlE3CpIutGpke7xs1UVvmrIx-I5dLQipRHnEiHgu1ThimdVfnnjprh9tuTaAwtWE_AIsFAmNOHr5EI2V4_18BCUEMUsOog~~,615594290,1yGQl9q2wIO.search.289,五险一金,,,西湖区,西溪,120.086593,30.256945,否,否,否,否,否,否,,否
全栈工程师,8-12K,经验不限,本科,杭州,经验不限|本科,Java|CSS|Spring/Spring Boot|JavaScript|Vue|MyBatis|全栈无侧重|HTML|MySQL/Redis/MongoDB|ios|全栈项目经验|Android,0,杭州双梓星网络科技,互联网,0-20人,,3b4cbc196a01fa5d03R62921GVE~,安泽印,招聘者,否,3,786288ee94c90fc00XB_2dy1FVpT,4bd5892737cd38a303B829u5GFRR,TChvqoQ4GDiZs-Y1MW4xcOvvMAcVQlZhU8G9IeYXmsUqh_r2VAtkIRn_JoUic__84QNqk0bdUD780G8tWK5fDbj_-IMRPddGZn5-NKz2ALPhGeS1DM4a7Z1v4ubKSfUpnzxiSDuru2R8ZQ~~,615594290,1yGQl9q2wIO.search.290,,,,上城区,天城路沿线,120.20408,30.32111,否,否,否,否,否,否,,否
中级全栈工程师,12-22K·13薪,3-5年,本科,杭州,3-5年|本科,Vue|Java|.NET|全栈项目经验|前端开发经验,0,三花微通道,其他行业,1000-9999人,已上市,e196c58578ccb7880XB63Ni0,尚京蕊,应用运维主管,否,3,87c606e38669a7f60nd40t6_EFo~,ba64df2c95d2d7cb03B_39i6EVZW,2OGJv88vDCQor-v1ZMO6XrFsTdn4MnbLdVZtldoAuMcYgI3yDA_Hxra4AKANERr4P5I_PGLh4TNB0h1b6W3zjjxgbrJwWNrvgxtN08wXXoUlbflJQh7pMRXWtA4cBuky1RVDDidvTg~~,615594290,1yGQl9q2wIO.search.291,五险一金|定期体检|年终奖|带薪年假|餐补|节日福利,,,钱塘区,工业园南,120.373562,30.290149,否,否,否,否,否,否,,否
全栈工程师,10-15K·13薪,经验不限,学历不限,杭州,经验不限|学历不限,PHP|React|Vue|SQL,0,奇禾网络,大数据,20-99人,未融资,d9be7305cc32221f1nB42d-5FlA~,徐士淮,技术总监,否,3,22a3650543ea2cec1HBz39m9F1U~,4c1ec3070d23bfdf1XZ50ty1EFRY,gKlu3uBsRPTrz-m1-N21tNiEpgeSw1npEgOA3mKZshFMh9fD_zqquxFaWiiD-Oj0CZXcTphgRkGa1i7j1LgZag4Fi-yw4-2US90j-nMlRO3MbKPtOk4Ky-he3N4-G8TukK_pYQBWA6zC,615594290,1yGQl9q2wIO.search.292,绩效奖金|节日福利|带薪年假|零食下午茶|夜班补助|加班补助|节假日加班费|有无线网|五险一金|年终奖,,,西湖区,翠苑,120.100659,30.300959,否,否,否,否,否,否,,否
手机厂商快应用开发（全栈 兼职项目),60-120元/时,经验不限,学历不限,杭州,经验不限|学历不限,JavaScript|Node.js|React|计算机/软件工程相关专业|前端开发经验|技术博客/开源项目有所贡献|接受居家办公,6,杭州店飞科技有限公司,互联网,20-99人,天使轮,21034cd9c9e49ee21XV809-9EFQ~,谢女士,招聘专员,否,3,2e836aacc0b3e77c0ndz2N21EVdX,48d9f3f9dbf107451Hx529S4F1BQ,hdSGHL7Qka9i5-T1eUNWnWY9zCZgiBYNgYVEgkAuXeXd5o1frP_IVx46Ru0bTswAUwabBK1ZcGHfvx3gmATG1IduAAE-MG9IpZ9rHdIGaM7pagVlgR6fyBDxJbET6OmXnNb3aFsAigP6UA~~,615594290,1yGQl9q2wIO.search.293,团建聚餐|工龄奖|保底工资|绩效奖金|年终奖|员工旅游|零食下午茶|股票期权|五险一金,,,西湖区,西湖,120.108235,30.265589,否,否,否,否,否,否,,否
高级全栈工程师,11-14K,3-5年,本科,杭州,3-5年|本科,全栈无侧重|全栈侧重后端|JavaScript|HTML|CSS|TypeScript|Vue|Java|PHP|全栈项目经验,0,寰映信息科技(上...,家具/家电/家居,0-20人,未融资,3a1bb1f92a35ea511nF_3dS_EFQ~,王华,Founder,否,3,5a43db1a1062df9e03Vy2NW9Fg~~,84b4e2c5aaa5f9ad03B63N-6EVBT,4PELEQWCEzgf_-N1zWmdkPG0pnNZ-MI1sxEdAd1lbTZaMA0Cw69JPUFS_3JjolYULC9Z72LSZMQzGBhqML4-i4L3D0m9RIMGvf_b_QQKuIfKvi2BXplTk07DdW02lK7g3FHiO5th4LQ~,615594290,1yGQl9q2wIO.search.294,交通补助|餐补|加班补助|年终奖|通讯补贴|节日福利,,,临平区,东湖,120.29538,30.441026,否,否,否,否,否,否,,否
全栈工程师,10-15K,3-5年,本科,杭州,3-5年|本科,全栈侧重后端|CSS|HTML|Spring/Spring Boot|MyBatis|MySQL/Redis/MongoDB|计算机相关专业|全栈项目经验|后端开发经验|前端开发经验|SSH架构(jdk1.6)|ExtJs|SpringMVC(jdk1.8)|memcached缓存|Jquery,0,博亦远科技,计算机软件,100-499人,未融资,a1d2e6efaa168bae1nV53d67EFQ~,陈冬琴,HR,否,3,958512a3f2ba9c9b1HN-3dm8GFM~,404cb339d0460a9503F-2t67EVpQ,0bmz8NlDyY1tD-Q1Gf8lgctG2_H4ZYerSQ88GAHzkgNu__XJ67ajKrmLgzxY4i4qy2ygWY53BYFZLsAY5TN-8iz8cfAZG4TCV4ihIpyjsdrq2THFiGYHbPJGrPB4E4V1XB-V82Lh7fmw,615594290,1yGQl9q2wIO.search.295,节日福利|餐补|股票期权|带薪年假|年终奖|交通补助|五险一金|加班补助|零食下午茶,,,西湖区,翠苑,120.120852,30.28098,否,否,否,否,否,否,,否
小程序全栈兼职,20-25K,5-10年,大专,杭州,5-10年|大专,Java|Spring,0,微风口网络科技,移动互联网,0-20人,未融资,afc22c5034f4f9781XVy2Ni-Fg~~,杨大耀,CEO,否,3,7b106eff0811d98a1nJ63tu4FQ~~,ea3dc01b9c8add5e1nR82t--FVVT,-584nS3xvwFPT-p1_StNxj01rale2yq4z-m3DC8lRKwfHE3gGcypOXrisyzVycLCrwI5Dl6LR5WDIvCOZcZi_cshd_KC66BMH2_0kjvP8Py2w5rLgrXhCTA2tMXRBhrB8dGOgyl7sg~~,615594290,1yGQl9q2wIO.search.296,年终奖|零食下午茶|绩效奖金|节日福利|餐补|交通补助|股票期权|五险一金,,,钱塘区,白杨,120.3364,30.30189,否,否,否,否,否,否,,否
智能软件研发,15-30K,经验不限,本科,杭州,经验不限|本科,Python|Docker|全栈开发|分布式技术|SpringBoot|后端开发|Spring|Python,0,浙江省北大信研院,其他行业,100-499人,未融资,49ad8463966870141HRz29m4Eg~~,郑聪,算法工程师,否,3,21d4b9d1f610cc341X1429i-E1E~,f930698bc8376e0a1nx52Nq8FVRR,GjWdGsunNLkId-d1crtCNSK1iiE_-HQdHBE0m7mLrDGqF9wVfzTXbYO_fGzLqBLWfm6MOdxCZyBqPHAmrJeIZLHpNLZa_NNxd62_vVfEibIsONwvUEJpiL0sLyyBaGkQE3nlJdpdqY8~,615594290,1yGQl9q2wIO.search.297,节日福利|五险一金|股票期权|加班补助|定期体检|带薪年假|年终奖|员工旅游|零食下午茶|补充医疗保险,,,萧山区,钱江世纪城,120.26542,30.221249,否,否,否,否,否,否,,否
全栈工程师,12-15K·13薪,5-10年,本科,杭州,5-10年|本科,全栈无侧重|HTML|CSS|TypeScript|Vue|PHP|C/C++|Python|Django/Flask|MySQL/Redis/MongoDB|全栈项目经验,0,万思奇,互联网,0-20人,未融资,a306667bcbc8a12d03Z83tu6F1o~,冯涛,总经理,否,3,0f592cb6a1bb88a103d50t--ElQ~,f3a5d3a177a2bce103Fz3dy5GFJR,y5Lf3lOJnASZq-r1qXs7HgRdwyigRO7eqB3iUjM_liu5m3vVYB1pNfe7ZDrHw7pbu1W41q4NYWzp3FG83SN_w-bt1wG_FWIjSpCA5Z3PsqWnTVzqwJPtyhQI0-BtOR6P50Gow3QTq0jG,615594290,1yGQl9q2wIO.search.298,定期体检|员工旅游|节假日加班费|生日福利|法定节假日三薪|年终奖|五险一金|底薪加提成|绩效奖金|企业年金|带薪年假|保底工资|团建聚餐,,,余杭区,仓前,120.001691,30.288563,否,否,否,否,否,否,,否
全栈运维开发工程师（校招/应届生）,12-15K·14薪,在校/应届,本科,杭州,在校/应届|本科,运维开发经验,5,杭州瀚云动力技术,云计算,0-20人,未融资,66b262ff2d3ada681Hx-0tq0FVo~,郭保庆,招聘者,否,3,b9fd58b4fbf5533e1nVy3NW4GVA~,e87d7e659b942fa703By2Nu0EFRQ,jQ60o6O4Odw5N-z1GJMnDM_4QIiqoYcC_FpXJK2btfHZPNZNUpVKgqfa1hfOLNUsYyoWNTt9eRdayu2FPNXc7MOpIWm_FTY4NO737uZnW-nkB0FOpW9rBWRdecJCCRD6MdqYV_rUZ7e1,615594290,1yGQl9q2wIO.search.299,年终奖|带薪年假|保底工资|免费工装|员工旅游|绩效奖金|交通补助|五险一金|团建聚餐|股票期权|法定节假日三薪|生日福利|定期体检|零食下午茶|节日福利,,,滨江区,长河,120.193613,30.188442,否,否,否,否,否,否,,否
全栈软件开发工程师,10-15K·13薪,3-5年,本科,杭州,3-5年|本科,全栈侧重后端|JavaScript|Vue|HTML|Java|Spring/Spring Boot|Node.js|全栈项目经验|前端开发经验|后端开发经验,0,新农都,物业管理,100-499人,,6f78f28670c1bf5b03Z_29-9EVM~,顾先生,数字化运营,否,3,c8da97c3a6143df81Hx-39m_GFc~,8baef68515d8814c03F92d64GFpV,mevjVZx5A82Lc-w1ZtgqRv8MqcUwSsM3CoJ0CTm5CjPG-P7brGMy4aRN-ckjAzgyW57zJR9aDrBok2Ck0u8twWm8R47xGhli90pkepHLeqsORSXu_34JbYISYVjbfH_9JTqFt7u6-Bd_,615594290,1yGQl9q2wIO.search.300,,,,滨江区,长河,120.194198,30.199202,否,否,否,否,否,否,,否
Java,15-29K,经验不限,本科,杭州,经验不限|本科,微服务架构|全栈开发|服务器配置|多线程|分布式技术,0,辛氪,电子商务,0-20人,不需要融资,cc92929235bdb9561HZ609q1Ew~~,宋先生,招聘者,否,3,2e60ece99f11a0770nR_39y7F1o~,e69d3be4d92273141nZy3t20EFRZ,93OUhsbAJ3L44-P1SY8KkRg6wNZuwyRrviWB72zcgWQO8z3jkH5l-P8Kas1jjpN-CdJZNhYnyv6bX9rbSCrHJpDiGU_NGeXR_NTpuKFuxU5xBvJYjwHzXVOncZ3T2nh2UjO111D0COA~,615594290,1yGQl9q2wIO.search.271,五险一金|全勤奖|加班补助|年终奖|员工旅游|定期体检|可以远程办公|带薪年假|包吃,,,萧山区,钱江世纪城,120.247365,30.244675,否,否,否,否,否,否,,否
全栈工程师,10-15K,5-10年,大专,杭州,5-10年|大专,全栈无侧重|Vue|PHP|全栈项目经验,0,百杉科技,互联网金融,20-99人,,7ed1d6134cc2c51d1XN-39m6EVI~,孟女士,人事主管,否,3,a0f924b407b3b08e1nR43NS4FVNU,9ae3319012dc19c11HZ72N64ElRW,ZfDMhGDjFgxmc-C1q3QITDdXgV1t4P6SC6ngarRyQBCaQbKs0n-s04K8-QxgoFY9Ki7tuA8srpY3qkfFY2yKLDnASZhBdVJwEhAptxAcjA8KZyeqm7hJRDIHtBK-nM4bT_NAkU8ak0WEsw~~,615594290,1yGQl9q2wIO.search.272,,,,上城区,钱江新城,120.209685,30.23676,否,否,否,否,否,否,,否
php全栈工程师,12-24K,5-10年,大专,杭州,5-10年|大专,Laravel/Yii/ThinkPHP|JavaScript|PHP,0,风起传媒,广告/公关/会展,0-20人,不需要融资,296485ec842533001HVy0t-4FVs~,龚昕,技术经理,否,3,3b31f9e19ba024b903dy2Nu7FVU~,82a1c9eca81d7c0b1Hd829q5FVNX,Br8J7RQ3Dm0eJ-T1C1q6H9uSA6Ak1a5TnlRocq-XMjlI2NPDThjhvarkOX7mX_dwYu43iN9uhHyvmqx-H7W1pvyxKU91KMxaCRAO_5I-GMEdu6cbuvHZqFm6gXAJ_p5Ex-4KGUhO22qj,615594290,1yGQl9q2wIO.search.273,,,,滨江区,长河,120.192909,30.195341,否,否,否,否,否,否,,否
高级全栈工程师（React + Java Spring）,18-22K·13薪,5-10年,本科,杭州,5-10年|本科,TypeScript|Java|全栈无侧重|计算机相关专业|React|全栈项目经验,0,杭州与光同尘影视...,广播/影视,100-499人,天使轮,7397d550928a99d41HFy3Nm9GQ~~,金塑,研发总监,否,3,29251bf28ead4aea0XV-39S-ElBR,1a29da03f837849a03Fy29m7F1FZ,1WUTJx-Wl3ChB-e1w0fRRCUiSxEKL0pqyuvYsroJt1sRmhfHaYM6cdvQtbmXExiYFXdMJGCdPDST8QjYI7mFYJaJvz325driw0TNvVDRcA7Ut8s-7uuSGTgSugcBu8Yo_IUtG7mnLE8u,615594290,1yGQl9q2wIO.search.274,股票期权|有无线网|五险|加班补助|节日福利|员工旅游|带薪年假|定期体检|通讯补贴|年终奖,,,拱墅区,上塘,120.110325,30.334237,否,否,否,否,否,否,,否
PHP 全栈工程师,12-15K,在校/应届,本科,杭州,在校/应届|本科,PHP开发经验|PHP|计算机相关专业,0,杭州未零,互联网,0-20人,不需要融资,a487628fdf5595b81nB82tm6FFs~,张浩, CEO,否,3,8729fa434b8ce8dd0nZ60tu_EVRY,85a24a96da5eec6d03J43N60E1tY,wQspv6C78FZYf-Z1UlkxPEQhZYdg2lixciPm3qz9taC9elFtTgOvnirO9Gir6WuhWAsfXeVKdZweMIo36rl6-W27yB4IpBlgOQ2HL8TraKnPNVbNfDDWgexIeS5jptCzy3zU2QX_kEwDzQ~~,615594290,1yGQl9q2wIO.search.275,五险一金|零食下午茶,,,西湖区,西溪,120.06688,30.291347,否,否,否,否,否,否,,否
高级全栈开发工程师,27-40K,3-5年,本科,杭州,3-5年|本科,,0,北京某小型信息安全公司,信息安全,20-99人,B轮,,邢玉芹,猎头顾问,否,3,f6822a9709770b170XJ42965ElZV,c173e409e1fc358c03B42969EFdV,Ihwha7pIUQF2S-T1f5lTPahq8e8l5niTHa6KZaSDQrgK9zL-PDdZc-Kh7wBYN_UAiJdiVtDiw8ULGD3yWp3yZpYuCauh7_xEipKMnk7UM5FdwwDTPBmU7w4k4s-VsZ9g3CgTFPB6yzVs,615594290,1yGQl9q2wIO.search.276,交通补助|节日福利|年终奖|带薪年假|加班补助|零食下午茶|通讯补贴|五险一金,,,,,120.127984,30.275405,是,否,否,是,否,否,,否
全栈工程师,450-500元/天,5-10年,本科,杭州,5-10年|本科,全栈侧重后端|JavaScript|Vue|React|Java|计算机相关专业|全栈项目经验|前端开发经验|后端开发经验,6,绍虞数字,计算机软件,20-99人,,c69f84a168b1a7761HJ809u9GFA~,章海波,HR人事主管,否,3,99613afd6e861e4a0XB439W6EVQ~,5e7ee3ed7bdbf1fb1H172N-6EVtY,Z4ejsmgBOJ0Sv-o1O5DnKBKtJmApWshirikKDXq0d9U844hRzb5d-QCiC72ikemMg4Ur7IWCJhTb25sIaAj0fCeG4G0oVMy-J5yd4snUnRUOg1i9fbqk8HmKfJfcbALFFxaon9QmGjtU,615594290,1yGQl9q2wIO.search.277,,,,滨江区,长河,120.1975,30.180948,否,否,否,否,否,否,,否
全栈工程师,8-12K,1-3年,本科,杭州,1-3年|本科,Linux|vue3.0|全栈侧重后端|vue2.0|Python|全栈项目经验,0,杭州杰歌科技有限公司,电子商务,100-499人,,1a41fb208cb99e8803V93ti7GVc~,陈春春,招聘者,否,3,54353d9e51ddbd471nR82929FVZW,d146e9bb3e5bcd9b03Bz09-9GVVS,uFPzLHzLAQEZL-i1ouXf8voJlAVnGGRUn83HsWFWmxUyvEIQXOtHwpnHBUXKrbOvN3OizR182znfQyYfIgmfVUd0xG-4Zb16eU_JmdtVCSihrOZw8ebh5J9k7FiQtxmKztSBh6KRv2HQRA~~,615594290,1yGQl9q2wIO.search.278,,,,萧山区,闻堰,120.170203,30.130847,否,否,否,否,否,否,,否
初级全栈工程师,6-10K·13薪,1-3年,大专,杭州,1-3年|大专,全栈侧重后端|JavaScript|HTML|Vue|Java|Spring/Spring Boot|后端开发经验|全栈项目经验|前端开发经验,0,杭州多安,医疗服务,20-99人,不需要融资,16342951f7fc7ab71HJ42Nu-GFI~,姜洪飞,营销总监,否,3,2843815a302d9cb31nR43NS6ElpT,d3d6e6687f5f311e1Hx-29q9E1VR,7kuT-XbWfArwF-y1mLonaGo6TlNa9BYchgm0eVmOrX0zX_1SRp_zd85ImyzRkMfnGwAdxUX-0Bmx0-3YUZZBDlO5HRMRAIEv4Ouxv7b9jpyaVglY1bSbZbuLbLWClot3xEMnuwplXS2UDg~~,615594290,1yGQl9q2wIO.search.279,生日福利|加班补助|保底工资|团建聚餐|零食下午茶|餐补|法定节假日三薪|五险一金|全勤奖|节日福利|工龄奖|绩效奖金|员工旅游|定期体检|住房补贴|节假日加班费|底薪加提成|带薪年假|年终奖|股票期权,,,钱塘区,金桥街,120.323223,30.330866,否,否,否,否,否,否,,否
全栈工程师,12-15K·13薪,1-3年,本科,杭州,1-3年|本科,Java|JavaScript|全栈无侧重|全栈项目经验,0,信公小安,互联网,100-499人,不需要融资,cd29d22babfff92403B60tu4Fg~~,周华民,高级前端开发工程师,否,3,2c973d63613c71a31XJy2NW-E1o~,c87b3dbe4524aecc1HF43dm_F1NR,Dzs3JqMBbjO7b-Y1sT_2kiQfKZYhHR4wa6HRedttKzc96pkSlQU1DJ3Xg7XH6EOPCbt5H8NpCpZK-UX-iQTn15-7M--Qgt6fbdc6rZH1DYF4lbNcwdKjgQCtFW4EDivHHb7T0a3HrW0~,615594290,1yGQl9q2wIO.search.280,定期体检|五险一金|补充医疗保险|节日福利|带薪年假|零食下午茶|年终奖|员工旅游,,,临平区,临平,120.303062,30.393593,否,否,否,否,否,否,,否
低代码开发全栈工程师,12-24K,5-10年,本科,杭州,5-10年|本科,全栈无侧重|JavaScript|Vue|Java|Node.js|全栈项目经验,0,杭州怯薛卫队通信科技,计算机软件,0-20人,,cef1a0ea995b9d0c1H153t65Els~,陈军,HR,否,3,a0fc9ae9ba1b71191nR83N69E1BV,ceb6c9fe1855235703d-3Nq6EVZS,fpK8DlxsaXfDt-E1KIZt8moQ6nIIwLMj8lm5pBXAz8IPPaVpjqacYt0pgOoRSl7wPuSWZPezVSH9kiA-POhbjA5LGLKagUhoQ48cpbvk0265khqyixrWq0npsI6mNoAMC_aF5Poig3TyCg~~,615594290,1yGQl9q2wIO.search.281,,,,西湖区,古荡,120.110103,30.267224,否,否,否,否,否,否,,否
ai全栈工程师,15-30K,在校/应届,本科,杭州,在校/应届|本科,Golang|后端开发经验|全栈侧重后端|Node.js|计算机相关专业|React|前端开发经验|全栈项目经验|TypeScript|C/C++|全栈无侧重|MySQL/Redis/MongoDB|Python,5,杭州纵狐,互联网,0-20人,A轮,0eb541c2177c9cb71Hd939W4F1U~,曹先生,ceo,否,3,6bf3a13c9d2e301e0XB-3ty1FlFZ,72be4537f973df9003J43du-EVFV,2M9an1Fk2zZ7b-y147LsO5tMsCaM4B6ImvUb-y6AOi5pVUKJTFzTjlfzGTaIvwj5M63Ib6qEUaDkf7AbzKOpX59Sn3sduqHUI5ZMGXlJCAFARbvC5ZvDjaWYLfHNmB53H9PgAFPTJfswKQ~~,615594290,1yGQl9q2wIO.search.282,加班补助|有无线网|免费班车|全勤奖,,,萧山区,义蓬,120.436809,30.269698,否,否,否,否,否,否,,否
核心业务开发｜全栈工程师｜数据平台可视化,40-70K,5-10年,本科,杭州,5-10年|本科,Golang|后端开发经验|JavaScript|Vue|全栈无侧重|Node.js|计算机相关专业|React|前端开发经验|英语读写能力良好|Python|全栈项目经验,0,某计算机软件公司,计算机软件,0-20人,,,齐瑞泽,猎头顾问,否,3,21e957b224a04e0f0XJz3t-0GVNZ,00a5206bd9ecb97b03J62NW-E1pS,eMuZe69XuxxTd-C1x75xp_2b3FplD7UNE4aDpyLH48JpPe1S2p1qN8LDi-LaAijLsFHUl1T3mOe61o8LG-CI2pQ-ryCI5Fs-vrXYyhWlYBed-luNmTDTOK9jzH7Pd3HC5EJbKVFyEolU2w~~,615594290,1yGQl9q2wIO.search.283,,,,,,120.194004,30.182808,是,否,否,是,否,否,,否
全栈开发工程师,30-60K·15薪,1-3年,本科,杭州,1-3年|本科,全栈无侧重|计算机相关专业|全栈项目经验,0,某企业服务公司,企业服务,0-20人,,,苏光荣,猎头顾问,否,3,e452748b686d8f880nR43N--GVRS,c7a8654bb31438741X1929y0FFFQ,_6OR3a9zRxg4X-N10C-JD3R2tTlPYv3o0mQvsKngWUiLnqk_mrtv68zFazd5AgB1K302GFvueGtqNWoCbQc89L4fLwnhKtslHiLDRxuHuVzh7RbT495VqnR4BxjVEIA_DpoBdDZaaba3lQ~~,615594290,1yGQl9q2wIO.search.284,,,,,,120.02341,30.275318,是,否,否,是,否,否,,否
全栈研发工程师,8-13K,1-3年,大专,杭州,1-3年|大专,计算机相关专业|前端开发经验|后端开发经验,0,正天宠物,电子商务,20-99人,不需要融资,e7d6bfc382fd74941XB73dS1EFs~,黄先生,CEO,否,3,aee1052aa9d09edd33V92d2-Els~,ec93e1ffe1a43bdb1XJ62dq0E1RX,zjV9OINpByPEz-z1p3ETqRV50eeniQH6BWQo6-NWAvUkM5CzUwXgaEFEqirNbVuU8c29sFuQxs1CFrlJQ6eHu-0EdjOAYKIwfBxwnKk_XTOIH-2RzEiKCYIYF8Hgu2huNScobZP7gdlg,615594290,1yGQl9q2wIO.search.285,五险一金|带薪年假|全勤奖|团建聚餐|年终奖,,,西湖区,西溪,120.076549,30.308702,否,否,否,否,否,否,,否
全栈工程师,20-40K·16薪,在校/应届,本科,杭州,在校/应届|本科,接受实习/在校生投递|Django/Flask|全栈无侧重|MySQL/Redis/MongoDB|React|英语读写能力良好|Python|全栈项目经验,5,北京鳄梨智面科技,互联网,0-20人,不需要融资,7e00147ecf3ba6891HNy09m9F1I~,桂冠,研发负责人,否,3,a4a6e6bce664672b0nJ-09i0E1NX,c20e9604c02c355203dz0tm7F1dU,4XJPCnNyJ4OTl-n1RqIgygG8gOAk7TNkVwmJaaS57qpEz_LtCD2d1Ynict7l8h9VbNQQP5PL1USik1tf2ou7NCOrUc6B37o7r1GVhWOQIb7hBvC-vevTWkF-t--oepIDnSH39mi4YBaW2w~~,615594290,1yGQl9q2wIO.search.286,带薪年假|股票期权|五险一金,,,西湖区,西溪,120.129042,30.275449,否,否,否,否,否,否,,否
全栈软件开发工程师,8-11K,3-5年,本科,杭州,3-5年|本科,全栈侧重前端|全栈侧重后端|JavaScript|Vue|Java|Python|全栈项目经验|前端开发经验|后端开发经验,0,起点通信,通信/网络设备,20-99人,不需要融资,e3462dbbc4eaaf1f1XZ63tu-GVc~,胡先生,招聘者,否,3,d4bcf5eec80483420nF739u9F1ZR,ed97af8356d02c2603V62N24FltS,o3-fZyebH8gW2-B1ykhqf8ju8YLQDkhaP9ovRlyWtIxojpDH6dgy_jgGdm2--oIMV7ELvQF61smpJKFnkz42GC5thhbwh0nkQ2DYugXMdVEbZxm5C2rpPq-eLMZ3fuRk1f89TXMtFeiEZw~~,615594290,1yGQl9q2wIO.search.287,保底工资|全勤奖|工龄奖|加班补助|节假日加班费|底薪加提成,,,钱塘区,白杨,120.345545,30.302257,否,否,否,否,否,否,,否
中级全栈工程师,10-14K,1-3年,本科,杭州,1-3年|本科,全栈侧重后端|Vue|React|Java|Python|Golang|MyBatis,0,浙通服,通信/网络设备,1000-9999人,未融资,326ec7fb187845fb1XN-3tq0FQ~~,赵先生,应用软件开发工程师,否,3,0e7b497fb82e11291HV-29i_FlE~,32d545f6233a4bdd03V53968F1pV,7m3X_qZMalv5h-V1dNBGSgjAA2W4VOSWNUMt8IDnUVYI9RTBVcK_JgNaO0Lzbh-8qAtRg9odI5l9u6m3xITggB5oV9Nnilp8NvYYWcAsukAXYs73ggI9vxepLbEQ4k3PI8eRW3RbHbQ~,615594290,1yGQl9q2wIO.search.288,五险一金,,,滨江区,星光大道,120.210229,30.207509,否,否,否,否,否,否,,否
AI Native 全栈工程师,20-40K,3-5年,本科,杭州,3-5年|本科,,0,交易哲学,人工智能,0-20人,天使轮,72318b5010008db203Z5296_F1E~,宋漪卉,HR Head,否,3,fcc4faf1edbc1b470XR609m8FVBT,35e17ec1306076e703Fy3ti6F1ZU,ouEWamBH_XdnD-l1ktJ_B5-VyrpbMra0NX6FFiMEJXt3T_aQQyTtI38a-Oct1VGraRmGw8gWYTvS60mMJpPKiEGvn5hOnBaM3crUaim5TAskJeDNOjWPnpWGGZj8l6DRiBZomZj5Tg25gw~~,615594290,1yGQl9q2wIO.search.289,五险一金,,,西湖区,西溪,120.086593,30.256945,否,否,否,否,否,否,,否
全栈工程师,8-12K,经验不限,本科,杭州,经验不限|本科,Java|CSS|Spring/Spring Boot|JavaScript|Vue|MyBatis|全栈无侧重|HTML|MySQL/Redis/MongoDB|ios|全栈项目经验|Android,0,杭州双梓星网络科技,互联网,0-20人,,3b4cbc196a01fa5d03R62921GVE~,安泽印,招聘者,否,3,786288ee94c90fc00XB_2dy1FVpT,4bd5892737cd38a303B829u5GFRR,We6GulDwIqgQk-_10f4fO6EwzfWBbpDcYcvSRAjmavb0LkwIID2gWH-KDkl5qzaZKvkT8YzRGAcGqR_vkduyQ0A40XaM3UtDAQHLdbxgD_SgwdkKP8oBaMQ0ZgNr-mQWQuF_gj_e9aqXaA~~,615594290,1yGQl9q2wIO.search.290,,,,上城区,天城路沿线,120.20408,30.32111,否,否,否,否,否,否,,否
中级全栈工程师,12-22K·13薪,3-5年,本科,杭州,3-5年|本科,Vue|Java|.NET|全栈项目经验|前端开发经验,0,三花微通道,其他行业,1000-9999人,已上市,e196c58578ccb7880XB63Ni0,尚京蕊,应用运维主管,否,3,87c606e38669a7f60nd40t6_EFo~,ba64df2c95d2d7cb03B_39i6EVZW,JtcHgCM3ax7hV-R1u5GhbAcnF_A0MYvCcm2whTScEAtXbiG5-GlFB-4aaqV0cMYChP1HC-mkjNQ0f-sTCYiCzBip63vo7L_jk3Cr5OKWbef7_JTG3TBdDMS95_BPV8B_gQi3Y1l4NA~~,615594290,1yGQl9q2wIO.search.291,五险一金|定期体检|年终奖|带薪年假|餐补|节日福利,,,钱塘区,工业园南,120.373562,30.290149,否,否,否,否,否,否,,否
全栈工程师,10-15K·13薪,经验不限,学历不限,杭州,经验不限|学历不限,PHP|React|Vue|SQL,0,奇禾网络,大数据,20-99人,未融资,d9be7305cc32221f1nB42d-5FlA~,徐士淮,技术总监,否,3,22a3650543ea2cec1HBz39m9F1U~,4c1ec3070d23bfdf1XZ50ty1EFRY,xrzOy7vLUexHO-f1hD-mY5V1o9-My4SmFANVtsF4pQ0_Ab-PXu7s2VaZwVKeqxAgU6R7-xFjAi4Agg9FXivBs8jGUjx0rh8zhLrMiNzL4zIilDAxNXN_fyiRA6bsmXWMAhUnuQ2qEOXH,615594290,1yGQl9q2wIO.search.292,绩效奖金|节日福利|带薪年假|零食下午茶|夜班补助|加班补助|节假日加班费|有无线网|五险一金|年终奖,,,西湖区,翠苑,120.100659,30.300959,否,否,否,否,否,否,,否
手机厂商快应用开发（全栈 兼职项目),60-120元/时,经验不限,学历不限,杭州,经验不限|学历不限,JavaScript|Node.js|React|计算机/软件工程相关专业|前端开发经验|技术博客/开源项目有所贡献|接受居家办公,6,杭州店飞科技有限公司,互联网,20-99人,天使轮,21034cd9c9e49ee21XV809-9EFQ~,谢女士,招聘专员,否,3,2e836aacc0b3e77c0ndz2N21EVdX,48d9f3f9dbf107451Hx529S4F1BQ,wk9sROSBqXo2E-a1p_pOMpLXnFGxnhUX_DSuS6Po6APvrokv6YoTrwRgpWzPwRAu4po6BntjMSZyDMl6lzrIe-M4oy2WpMss44wHpgfKhEDXns7Tw0X5yY3b4mPVbVISmgMeqO21GFnfog~~,615594290,1yGQl9q2wIO.search.293,团建聚餐|工龄奖|保底工资|绩效奖金|年终奖|员工旅游|零食下午茶|股票期权|五险一金,,,西湖区,西湖,120.108235,30.265589,否,否,否,否,否,否,,否
高级全栈工程师,11-14K,3-5年,本科,杭州,3-5年|本科,全栈无侧重|全栈侧重后端|JavaScript|HTML|CSS|TypeScript|Vue|Java|PHP|全栈项目经验,0,寰映信息科技(上...,家具/家电/家居,0-20人,未融资,3a1bb1f92a35ea511nF_3dS_EFQ~,王华,Founder,否,3,5a43db1a1062df9e03Vy2NW9Fg~~,84b4e2c5aaa5f9ad03B63N-6EVBT,o6gEVQRvO6TsV-r1mctUeUX2I_uBum2rRzEo_-W-HI0TT664y5wGva4PH3d5rnk6ek0m_Jb_KByZuR-Tjhnuva2RZABIcuTWllxTzTxXSSz24QHnnqkjunj933I6XSWRIdoWlHWDark~,615594290,1yGQl9q2wIO.search.294,交通补助|餐补|加班补助|年终奖|通讯补贴|节日福利,,,临平区,东湖,120.29538,30.441026,否,否,否,否,否,否,,否
全栈工程师,10-15K,3-5年,本科,杭州,3-5年|本科,全栈侧重后端|CSS|HTML|Spring/Spring Boot|MyBatis|MySQL/Redis/MongoDB|计算机相关专业|全栈项目经验|后端开发经验|前端开发经验|SSH架构(jdk1.6)|ExtJs|SpringMVC(jdk1.8)|memcached缓存|Jquery,0,博亦远科技,计算机软件,100-499人,未融资,a1d2e6efaa168bae1nV53d67EFQ~,陈冬琴,HR,否,3,958512a3f2ba9c9b1HN-3dm8GFM~,404cb339d0460a9503F-2t67EVpQ,d6MZAVI4OCbq0-G14rBDL4vlS0IiKRSvloSRpDQNSyQwc0C8J2aq39b_kwYesLWfapXruHW-5Tqp8mD8kxuuC_YdAZQHF7CKZOz7KsTjiAIreK3kvSLosTqSWfSciJL_Lx3_Hoqhl2Hb,615594290,1yGQl9q2wIO.search.295,节日福利|餐补|股票期权|带薪年假|年终奖|交通补助|五险一金|加班补助|零食下午茶,,,西湖区,翠苑,120.120852,30.28098,否,否,否,否,否,否,,否
小程序全栈兼职,20-25K,5-10年,大专,杭州,5-10年|大专,Java|Spring,0,微风口网络科技,移动互联网,0-20人,未融资,afc22c5034f4f9781XVy2Ni-Fg~~,杨大耀,CEO,否,3,7b106eff0811d98a1nJ63tu4FQ~~,ea3dc01b9c8add5e1nR82t--FVVT,3fpJSRDFCZ1XV-Z1HH2oWBjL-SwlmafBvobqWYXc1IMKT0aLUxIAHxStgVqyRMI1u4k9_9dE1gGNkQOUtKcgSSB_n5BqZeyyPbnqwIio3Lirqk2wrx-oL11m8WL3JPnLR6mfzhJl4A~~,615594290,1yGQl9q2wIO.search.296,年终奖|零食下午茶|绩效奖金|节日福利|餐补|交通补助|股票期权|五险一金,,,钱塘区,白杨,120.3364,30.30189,否,否,否,否,否,否,,否
智能软件研发,15-30K,经验不限,本科,杭州,经验不限|本科,Python|Docker|全栈开发|分布式技术|SpringBoot|后端开发|Spring|Python,0,浙江省北大信研院,其他行业,100-499人,未融资,49ad8463966870141HRz29m4Eg~~,郑聪,算法工程师,否,3,21d4b9d1f610cc341X1429i-E1E~,f930698bc8376e0a1nx52Nq8FVRR,tFITriESpGYFL-n14U0-Gq0t7lwz1hphC1Vkux3WgXOoQVwEoyK8f-8tJK1CArDy1abMjBNkrmTbKvHuwOROBuuvxIHxF4syEbT8AfNtsFyhjWwuTiXXGe3nwcRIcy_g7olHuvp5DRs~,615594290,1yGQl9q2wIO.search.297,节日福利|五险一金|股票期权|加班补助|定期体检|带薪年假|年终奖|员工旅游|零食下午茶|补充医疗保险,,,萧山区,钱江世纪城,120.26542,30.221249,否,否,否,否,否,否,,否
全栈工程师,12-15K·13薪,5-10年,本科,杭州,5-10年|本科,全栈无侧重|HTML|CSS|TypeScript|Vue|PHP|C/C++|Python|Django/Flask|MySQL/Redis/MongoDB|全栈项目经验,0,万思奇,互联网,0-20人,未融资,a306667bcbc8a12d03Z83tu6F1o~,冯涛,总经理,否,3,0f592cb6a1bb88a103d50t--ElQ~,f3a5d3a177a2bce103Fz3dy5GFJR,8Fjiw1WY8SvIz-G1g2FLR_hMlUQtIJAfmzIzVXL_zAxh6zZCk4_6JS524QV5s9C6GUzQ1V56DnCLTSplSeHedeTKCdvBQ9g_wvHkZ6R8TCbMLl_ksbfTL9DXMDt5c6YcOh1pbODh9fzu,615594290,1yGQl9q2wIO.search.298,定期体检|员工旅游|节假日加班费|生日福利|法定节假日三薪|年终奖|五险一金|底薪加提成|绩效奖金|企业年金|带薪年假|保底工资|团建聚餐,,,余杭区,仓前,120.001691,30.288563,否,否,否,否,否,否,,否
全栈运维开发工程师（校招/应届生）,12-15K·14薪,在校/应届,本科,杭州,在校/应届|本科,运维开发经验,5,杭州瀚云动力技术,云计算,0-20人,未融资,66b262ff2d3ada681Hx-0tq0FVo~,郭保庆,招聘者,否,3,b9fd58b4fbf5533e1nVy3NW4GVA~,e87d7e659b942fa703By2Nu0EFRQ,LBut8ewyyxKfv-H1INmq2QDeqvyDtqywNgoqUSV9KfO1QU7CVa4Bn5PpIIvLegrWXRwtA_jDYsHXHnQEnQsUUN3kUbtVSirDG0UbdaUQ8HA-Ai5NYxXPcEdx8N4abfA4-uhqMQZ1qYMq,615594290,1yGQl9q2wIO.search.299,年终奖|带薪年假|保底工资|免费工装|员工旅游|绩效奖金|交通补助|五险一金|团建聚餐|股票期权|法定节假日三薪|生日福利|定期体检|零食下午茶|节日福利,,,滨江区,长河,120.193613,30.188442,否,否,否,否,否,否,,否
全栈软件开发工程师,10-15K·13薪,3-5年,本科,杭州,3-5年|本科,全栈侧重后端|JavaScript|Vue|HTML|Java|Spring/Spring Boot|Node.js|全栈项目经验|前端开发经验|后端开发经验,0,新农都,物业管理,100-499人,,6f78f28670c1bf5b03Z_29-9EVM~,顾先生,数字化运营,否,3,c8da97c3a6143df81Hx-39m_GFc~,8baef68515d8814c03F92d64GFpV,3Ha4ty6WZlwUQ-P15ojwgebxI7L8opLoEs-z2a1UJf13XChqnjKrazxxDLVs7sis0yeSDGEhPUxyNlJ1dRGceoGJWukM79TXxr8Exs3YdZwmv3ntZVKxo53FNLGt0WQ0qRO-6AAK5flw,615594290,1yGQl9q2wIO.search.300,,,,滨江区,长河,120.194198,30.199202,否,否,否,否,否,否,,否
Java,15-29K,经验不限,本科,杭州,经验不限|本科,微服务架构|全栈开发|服务器配置|多线程|分布式技术,0,辛氪,电子商务,0-20人,不需要融资,cc92929235bdb9561HZ609q1Ew~~,宋先生,招聘者,否,3,2e60ece99f11a0770nR_39y7F1o~,e69d3be4d92273141nZy3t20EFRZ,9O7C_PKckbvEv-S1mivUdNpQacVcUOnNbMoRWy23FIBPplkzZRDNbYMxjyQ28pKc6yOMmT_vB-AfSKFBdbnfuxoBmDIleguYzNzKXP1BpyNv2an22e2wZVDzlBocPjANPDOEEtp4PvE~,615594290,1yGQl9q2wIO.search.271,五险一金|全勤奖|加班补助|年终奖|员工旅游|定期体检|可以远程办公|带薪年假|包吃,,,萧山区,钱江世纪城,120.247365,30.244675,否,否,否,否,否,否,,否
全栈工程师,10-15K,5-10年,大专,杭州,5-10年|大专,全栈无侧重|Vue|PHP|全栈项目经验,0,百杉科技,互联网金融,20-99人,,7ed1d6134cc2c51d1XN-39m6EVI~,孟女士,人事主管,否,3,a0f924b407b3b08e1nR43NS4FVNU,9ae3319012dc19c11HZ72N64ElRW,6b3hDduo8GZp4-b1t7AwYGO-4HAf6LZE4mzPtWGSg_1U8NVRBWcW6f8LmcBiGIBlf8MXFY1SOXSV0SBnxyaZ9lLZWf_8FGAT-fBODnLjIaJdxTotBBamPOrOiOIwqyuZRGOvU_UaP8GVzw~~,615594290,1yGQl9q2wIO.search.272,,,,上城区,钱江新城,120.209685,30.23676,否,否,否,否,否,否,,否
php全栈工程师,12-24K,5-10年,大专,杭州,5-10年|大专,Laravel/Yii/ThinkPHP|JavaScript|PHP,0,风起传媒,广告/公关/会展,0-20人,不需要融资,296485ec842533001HVy0t-4FVs~,龚昕,技术经理,否,3,3b31f9e19ba024b903dy2Nu7FVU~,82a1c9eca81d7c0b1Hd829q5FVNX,weuq0xLxc9KsN-O1qomijiQY9L1aJVgjMLo5hQB9B07RM_cZg_M_s0uiYuYVAHnnpRZOoAue5q9ZFDe_hVnamJOETyW9egtU8WT44_8pfBKskfAyDcFiGdvge3sEpNWwAHXJ3lsKF1N9,615594290,1yGQl9q2wIO.search.273,,,,滨江区,长河,120.192909,30.195341,否,否,否,否,否,否,,否
高级全栈工程师（React + Java Spring）,18-22K·13薪,5-10年,本科,杭州,5-10年|本科,TypeScript|Java|全栈无侧重|计算机相关专业|React|全栈项目经验,0,杭州与光同尘影视...,广播/影视,100-499人,天使轮,7397d550928a99d41HFy3Nm9GQ~~,金塑,研发总监,否,3,29251bf28ead4aea0XV-39S-ElBR,1a29da03f837849a03Fy29m7F1FZ,YIEHoH0lCfMDc-F1HtS9y4YEgveJnKct637j282V23-jTVn4mpRtqHekPqH_QC8m7zD7JvS96cqtPXGAmSGdPQL1SER0zTia7oCqgfpSJTCTceu5TjtwQkyw48uJUGeK0OwyLjAVg-Q4,615594290,1yGQl9q2wIO.search.274,股票期权|有无线网|五险|加班补助|节日福利|员工旅游|带薪年假|定期体检|通讯补贴|年终奖,,,拱墅区,上塘,120.110325,30.334237,否,否,否,否,否,否,,否
PHP 全栈工程师,12-15K,在校/应届,本科,杭州,在校/应届|本科,PHP开发经验|PHP|计算机相关专业,0,杭州未零,互联网,0-20人,不需要融资,a487628fdf5595b81nB82tm6FFs~,张浩, CEO,否,3,8729fa434b8ce8dd0nZ60tu_EVRY,85a24a96da5eec6d03J43N60E1tY,5TX8Mj_7HjZbu-T1Nge3BiBZP9CjPnjU6wuRLEtWMe_cUQsUXK3nbbSR2cpIaUQrp9s2ianscyafJhR97yothPjQVA-wpIwUGYTyDwRCt0vgCSTkBvKBoNKiUad2bCU5yfFinqk5zoAwrg~~,615594290,1yGQl9q2wIO.search.275,五险一金|零食下午茶,,,西湖区,西溪,120.06688,30.291347,否,否,否,否,否,否,,否
高级全栈开发工程师,27-40K,3-5年,本科,杭州,3-5年|本科,,0,北京某小型信息安全公司,信息安全,20-99人,B轮,,邢玉芹,猎头顾问,否,3,f6822a9709770b170XJ42965ElZV,c173e409e1fc358c03B42969EFdV,Q6bvo3EByX9OR-U1Kd6zg26kQs3p4Ei59E26fgtyF3T3228NSf8lG-bYGOL7cKbntnsOwno4ZT8urxi-Z9TeLiyBXAzWF30Zu9EMYzCUamt5tTMp6WeF3FFej0baJH8tMyrKEPmUQyrb,615594290,1yGQl9q2wIO.search.276,交通补助|节日福利|年终奖|带薪年假|加班补助|零食下午茶|通讯补贴|五险一金,,,,,120.127984,30.275405,是,否,否,是,否,否,,否
全栈工程师,450-500元/天,5-10年,本科,杭州,5-10年|本科,全栈侧重后端|JavaScript|Vue|React|Java|计算机相关专业|全栈项目经验|前端开发经验|后端开发经验,6,绍虞数字,计算机软件,20-99人,,c69f84a168b1a7761HJ809u9GFA~,章海波,HR人事主管,否,3,99613afd6e861e4a0XB439W6EVQ~,5e7ee3ed7bdbf1fb1H172N-6EVtY,8SdmmgGNDCv4w-k1WcUrK-gY2jTiqKtTkErUyXAHi-QHhcGxfliw_5KLaTNhCcMpO0lu5g62BJlPXE8n9IryAx_YK4K7pzzGjWv2qVEFR2pdvmAQjoLTyrXKbal4j-o9nLZ9GR9aUVKo,615594290,1yGQl9q2wIO.search.277,,,,滨江区,长河,120.1975,30.180948,否,否,否,否,否,否,,否
全栈工程师,8-12K,1-3年,本科,杭州,1-3年|本科,Linux|vue3.0|全栈侧重后端|vue2.0|Python|全栈项目经验,0,杭州杰歌科技有限公司,电子商务,100-499人,,1a41fb208cb99e8803V93ti7GVc~,陈春春,招聘者,否,3,54353d9e51ddbd471nR82929FVZW,d146e9bb3e5bcd9b03Bz09-9GVVS,zewoXtxH9fhZ8-31nGAawYAwWS5kCPf_bC00k9oJUuzl7DTJhlNd42pGqTJML2evsjYhDxS_A8nEC5nkq9QJcMKN9JOu9kZRAjeRl-CvUMls32powwJxgaJC_GYbqppcy0a2cMEqr-mSQg~~,615594290,1yGQl9q2wIO.search.278,,,,萧山区,闻堰,120.170203,30.130847,否,否,否,否,否,否,,否
初级全栈工程师,6-10K·13薪,1-3年,大专,杭州,1-3年|大专,全栈侧重后端|JavaScript|HTML|Vue|Java|Spring/Spring Boot|后端开发经验|全栈项目经验|前端开发经验,0,杭州多安,医疗服务,20-99人,不需要融资,16342951f7fc7ab71HJ42Nu-GFI~,姜洪飞,营销总监,否,3,2843815a302d9cb31nR43NS6ElpT,d3d6e6687f5f311e1Hx-29q9E1VR,w83FbAGsZsAbV-P1_WbvhwzQNU9-WCCVi5VuLGWRQoXVujxahEbhz13SpsmhMvMcUArxnuzIxTSwiGA1rHtgleUgj_ku-LAoevccm-cm8CbbA5vM6dhiSTNZ0PDgyXy_L2KxN3ya1rpp0A~~,615594290,1yGQl9q2wIO.search.279,生日福利|加班补助|保底工资|团建聚餐|零食下午茶|餐补|法定节假日三薪|五险一金|全勤奖|节日福利|工龄奖|绩效奖金|员工旅游|定期体检|住房补贴|节假日加班费|底薪加提成|带薪年假|年终奖|股票期权,,,钱塘区,金桥街,120.323223,30.330866,否,否,否,否,否,否,,否
全栈工程师,12-15K·13薪,1-3年,本科,杭州,1-3年|本科,Java|JavaScript|全栈无侧重|全栈项目经验,0,信公小安,互联网,100-499人,不需要融资,cd29d22babfff92403B60tu4Fg~~,周华民,高级前端开发工程师,否,3,2c973d63613c71a31XJy2NW-E1o~,c87b3dbe4524aecc1HF43dm_F1NR,NxfSa5GB0p2B3-A1VMswu2fJyEhMyvHYbsNnjyAWPX8C1ripNSH1hDlgFcHK-xQZpkpnbPhAg8Y5M-XazZ6eSma-laYuHrLkVtTLZNz0FF0TNIL8nn_G21JobLsBc6mG1AJ9y9ZtTZg~,615594290,1yGQl9q2wIO.search.280,定期体检|五险一金|补充医疗保险|节日福利|带薪年假|零食下午茶|年终奖|员工旅游,,,临平区,临平,120.303062,30.393593,否,否,否,否,否,否,,否
低代码开发全栈工程师,12-24K,5-10年,本科,杭州,5-10年|本科,全栈无侧重|JavaScript|Vue|Java|Node.js|全栈项目经验,0,杭州怯薛卫队通信科技,计算机软件,0-20人,,cef1a0ea995b9d0c1H153t65Els~,陈军,HR,否,3,a0fc9ae9ba1b71191nR83N69E1BV,ceb6c9fe1855235703d-3Nq6EVZS,CgYrEkcBaQPb7-p1-o30fEt2UH5lWi_nn6eqiZRUq6C7uB_6uYi8P9u4KaZLUnHjWg1OkUEN4h2_CKmPa7ymnpLd3zgwc77gXhlzjfsNNkP-xzRQWJvT4DjMzxJOPz02Bu2fIPNN77XSIA~~,615594290,1yGQl9q2wIO.search.281,,,,西湖区,古荡,120.110103,30.267224,否,否,否,否,否,否,,否
ai全栈工程师,15-30K,在校/应届,本科,杭州,在校/应届|本科,Golang|后端开发经验|全栈侧重后端|Node.js|计算机相关专业|React|前端开发经验|全栈项目经验|TypeScript|C/C++|全栈无侧重|MySQL/Redis/MongoDB|Python,5,杭州纵狐,互联网,0-20人,A轮,0eb541c2177c9cb71Hd939W4F1U~,曹先生,ceo,否,3,6bf3a13c9d2e301e0XB-3ty1FlFZ,72be4537f973df9003J43du-EVFV,557t8qWnRs-i0-w1zR0hmKPdHYemO1tfiwb7Y9Fr3ELu7raLRx3uYM6AUaotVbR9X2aHA4WnXCYE1y7SV73GTLMRa701tSyIeuuggECJ9bELAXl-UbnESJYzdz-mUUCI7hwAIF0bZoU1Bg~~,615594290,1yGQl9q2wIO.search.282,加班补助|有无线网|免费班车|全勤奖,,,萧山区,义蓬,120.436809,30.269698,否,否,否,否,否,否,,否
核心业务开发｜全栈工程师｜数据平台可视化,40-70K,5-10年,本科,杭州,5-10年|本科,Golang|后端开发经验|JavaScript|Vue|全栈无侧重|Node.js|计算机相关专业|React|前端开发经验|英语读写能力良好|Python|全栈项目经验,0,某计算机软件公司,计算机软件,0-20人,,,齐瑞泽,猎头顾问,否,3,21e957b224a04e0f0XJz3t-0GVNZ,00a5206bd9ecb97b03J62NW-E1pS,bjuaUmaMavGRI-r1B2DgOL4Zmu2LR7b6oDJSR9zKLOdQnd08TvBlrstlIkGa0UiaXhuW0jSP4DuDwTOrE5yZkkEX2QbIFbqpzsEFMaYZb-8UYI2ucD8PEFupDz8fuWKBYIxxJ1d35hm0Ow~~,615594290,1yGQl9q2wIO.search.283,,,,,,120.194004,30.182808,是,否,否,是,否,否,,否
全栈开发工程师,30-60K·15薪,1-3年,本科,杭州,1-3年|本科,全栈无侧重|计算机相关专业|全栈项目经验,0,某企业服务公司,企业服务,0-20人,,,苏光荣,猎头顾问,否,3,e452748b686d8f880nR43N--GVRS,c7a8654bb31438741X1929y0FFFQ,hlLE1awzIvYM4-_1b68-OOaah5daXQwJkZXXudSg72e5TTgzbKrrc4lqi3LvIWGTLwEvMkCcm64Rho4OgiP3zGuwTJc6e_QT4NcT16SH7GEMqlUE5tDegG5kpZgOMG4NJaw0dpmUdD616w~~,615594290,1yGQl9q2wIO.search.284,,,,,,120.02341,30.275318,是,否,否,是,否,否,,否
全栈研发工程师,8-13K,1-3年,大专,杭州,1-3年|大专,计算机相关专业|前端开发经验|后端开发经验,0,正天宠物,电子商务,20-99人,不需要融资,e7d6bfc382fd74941XB73dS1EFs~,黄先生,CEO,否,3,aee1052aa9d09edd33V92d2-Els~,ec93e1ffe1a43bdb1XJ62dq0E1RX,nX89GWxRVvF1Q-N1l-y-CgoJTXJlcCd12Itr7YDStTaxbuQ2esr2597pkWGHfH-FOqwvbNRfVN2udfH5pArNoPkkSzkQVIXESPxpQonDebRDC3Ap28K0slCCy0nebqiqhc61Y4S8DXS4,615594290,1yGQl9q2wIO.search.285,五险一金|带薪年假|全勤奖|团建聚餐|年终奖,,,西湖区,西溪,120.076549,30.308702,否,否,否,否,否,否,,否
全栈工程师,20-40K·16薪,在校/应届,本科,杭州,在校/应届|本科,接受实习/在校生投递|Django/Flask|全栈无侧重|MySQL/Redis/MongoDB|React|英语读写能力良好|Python|全栈项目经验,5,北京鳄梨智面科技,互联网,0-20人,不需要融资,7e00147ecf3ba6891HNy09m9F1I~,桂冠,研发负责人,否,3,a4a6e6bce664672b0nJ-09i0E1NX,c20e9604c02c355203dz0tm7F1dU,BAKnJyKoF49ix-C1AbLY6ACyGc5pP42mnEbfs7ox7605AP2zK0bS1u-TE5RBQRfkR8E_lmWNHHvVUEuik24-oApG22_f73BUY1jLpam-EIW8GuVSh4_TbttHsRhvp8WABmhaLp7TdvXY7w~~,615594290,1yGQl9q2wIO.search.286,带薪年假|股票期权|五险一金,,,西湖区,西溪,120.129042,30.275449,否,否,否,否,否,否,,否
全栈软件开发工程师,8-11K,3-5年,本科,杭州,3-5年|本科,全栈侧重前端|全栈侧重后端|JavaScript|Vue|Java|Python|全栈项目经验|前端开发经验|后端开发经验,0,起点通信,通信/网络设备,20-99人,不需要融资,e3462dbbc4eaaf1f1XZ63tu-GVc~,胡先生,招聘者,否,3,d4bcf5eec80483420nF739u9F1ZR,ed97af8356d02c2603V62N24FltS,Czi3oESa4heR9-n1c-htEsttCl1CL2amaMuG6_VL4sTJ5BIAJ0TMUEpHmFQitJgZAXihhSD-LKugNEW04xnh8myVPUfnD8DEdaatZgocwaHzf4dN7KOc5mMxhQE1ElJpPN_evc_Kc90gSg~~,615594290,1yGQl9q2wIO.search.287,保底工资|全勤奖|工龄奖|加班补助|节假日加班费|底薪加提成,,,钱塘区,白杨,120.345545,30.302257,否,否,否,否,否,否,,否
中级全栈工程师,10-14K,1-3年,本科,杭州,1-3年|本科,全栈侧重后端|Vue|React|Java|Python|Golang|MyBatis,0,浙通服,通信/网络设备,1000-9999人,未融资,326ec7fb187845fb1XN-3tq0FQ~~,赵先生,应用软件开发工程师,否,3,0e7b497fb82e11291HV-29i_FlE~,32d545f6233a4bdd03V53968F1pV,mKJn8a46AD5qv-Z1W065N48SymicWJGIv34SzlesBKvZCM-pFm0XXf_WHcxdKk-Xp57OGq_ko6YfVcJr-CavSyh-8ccbx_TuC_aMbDUWHtOVbVM36P0ThCuV5L97pKNIs8i1u5l6mnM~,615594290,1yGQl9q2wIO.search.288,五险一金,,,滨江区,星光大道,120.210229,30.207509,否,否,否,否,否,否,,否
AI Native 全栈工程师,20-40K,3-5年,本科,杭州,3-5年|本科,,0,交易哲学,人工智能,0-20人,天使轮,72318b5010008db203Z5296_F1E~,宋漪卉,HR Head,否,3,fcc4faf1edbc1b470XR609m8FVBT,35e17ec1306076e703Fy3ti6F1ZU,pouxp1taxNvlI-d1-MPDgN1QtMONgmbVeam72sz3pPt64zyMTKjbnSJf_abfoMypYGUr2-esOK8dvqaVcNH_Wn9LCWknuhmUnIE_Vjcm5XZ6zauXyWf-m1KOAYEFGr66WMLEQ4tGGlSHdg~~,615594290,1yGQl9q2wIO.search.289,五险一金,,,西湖区,西溪,120.086593,30.256945,否,否,否,否,否,否,,否
全栈工程师,8-12K,经验不限,本科,杭州,经验不限|本科,Java|CSS|Spring/Spring Boot|JavaScript|Vue|MyBatis|全栈无侧重|HTML|MySQL/Redis/MongoDB|ios|全栈项目经验|Android,0,杭州双梓星网络科技,互联网,0-20人,,3b4cbc196a01fa5d03R62921GVE~,安泽印,招聘者,否,3,786288ee94c90fc00XB_2dy1FVpT,4bd5892737cd38a303B829u5GFRR,8o-bDvV2PnKhQ-C1_KcizvMrWSyA6HZLCucP_NPhW6Dp8F8hJeFbw8KC2HwWXydriewD8X4K10vO0UcyRSN2LmKjK0AbnqztiCI62TtVwZM9oFKLdYQNuOl2CDpRQGjKUd2ugFpOqEE9TA~~,615594290,1yGQl9q2wIO.search.290,,,,上城区,天城路沿线,120.20408,30.32111,否,否,否,否,否,否,,否
中级全栈工程师,12-22K·13薪,3-5年,本科,杭州,3-5年|本科,Vue|Java|.NET|全栈项目经验|前端开发经验,0,三花微通道,其他行业,1000-9999人,已上市,e196c58578ccb7880XB63Ni0,尚京蕊,应用运维主管,否,3,87c606e38669a7f60nd40t6_EFo~,ba64df2c95d2d7cb03B_39i6EVZW,4rLZClB2Aqkdz-Y1ulj6pMqSz71Wm7xVFkSclSWo5Xgu6FaYwGpafslTPIVDVT0fUETh8H5lxnUWJYlNlEXUYtpmHy4bsXIK2I51Yyuj7OGOElTorUkXr6LcdR_BJ5CFIqCFZGHmAA~~,615594290,1yGQl9q2wIO.search.291,五险一金|定期体检|年终奖|带薪年假|餐补|节日福利,,,钱塘区,工业园南,120.373562,30.290149,否,否,否,否,否,否,,否
全栈工程师,10-15K·13薪,经验不限,学历不限,杭州,经验不限|学历不限,PHP|React|Vue|SQL,0,奇禾网络,大数据,20-99人,未融资,d9be7305cc32221f1nB42d-5FlA~,徐士淮,技术总监,否,3,22a3650543ea2cec1HBz39m9F1U~,4c1ec3070d23bfdf1XZ50ty1EFRY,-nUTmWLOWPBUa-G1s4noZ9Qf8ztDQ0sHkzyJy0ofewdBVbgqcYqPdl5lYpy5Hm8q1HYlpg_7Qm0r4wl1ts2dVsq6Gi8Wfyj_pabsq0L-yFm_YSHTQQIyFMgPBevhkttvEiw8Tyj7gIQU,615594290,1yGQl9q2wIO.search.292,绩效奖金|节日福利|带薪年假|零食下午茶|夜班补助|加班补助|节假日加班费|有无线网|五险一金|年终奖,,,西湖区,翠苑,120.100659,30.300959,否,否,否,否,否,否,,否
手机厂商快应用开发（全栈 兼职项目),60-120元/时,经验不限,学历不限,杭州,经验不限|学历不限,JavaScript|Node.js|React|计算机/软件工程相关专业|前端开发经验|技术博客/开源项目有所贡献|接受居家办公,6,杭州店飞科技有限公司,互联网,20-99人,天使轮,21034cd9c9e49ee21XV809-9EFQ~,谢女士,招聘专员,否,3,2e836aacc0b3e77c0ndz2N21EVdX,48d9f3f9dbf107451Hx529S4F1BQ,LlP9yz68E0kRi-C1sZv0X9uf-n2YPDK-ReEZ3vk8cmhHOxTuAF2BN2_plS4IcBgPGDqPcoiMbBUIz0NlZ9unwtWMV4m0t112c33oa4apZIeSAQcgiGinzFWEpUsMkVdzji1s0W65g_-fGQ~~,615594290,1yGQl9q2wIO.search.293,团建聚餐|工龄奖|保底工资|绩效奖金|年终奖|员工旅游|零食下午茶|股票期权|五险一金,,,西湖区,西湖,120.108235,30.265589,否,否,否,否,否,否,,否
高级全栈工程师,11-14K,3-5年,本科,杭州,3-5年|本科,全栈无侧重|全栈侧重后端|JavaScript|HTML|CSS|TypeScript|Vue|Java|PHP|全栈项目经验,0,寰映信息科技(上...,家具/家电/家居,0-20人,未融资,3a1bb1f92a35ea511nF_3dS_EFQ~,王华,Founder,否,3,5a43db1a1062df9e03Vy2NW9Fg~~,84b4e2c5aaa5f9ad03B63N-6EVBT,TDgpC3R3TQem--X1bKpzJK2k4jLbel9MhrCwAq7tBLiBHWLvW1r4DWoldzYxDdi9FWCJvyzOSUnSfmxkASKoxKUVoq1Uv7uqgv0Av1quYbcHo76g1_WXWnyLQvIzCjGUgHP24gkyXsQ~,615594290,1yGQl9q2wIO.search.294,交通补助|餐补|加班补助|年终奖|通讯补贴|节日福利,,,临平区,东湖,120.29538,30.441026,否,否,否,否,否,否,,否
全栈工程师,10-15K,3-5年,本科,杭州,3-5年|本科,全栈侧重后端|CSS|HTML|Spring/Spring Boot|MyBatis|MySQL/Redis/MongoDB|计算机相关专业|全栈项目经验|后端开发经验|前端开发经验|SSH架构(jdk1.6)|ExtJs|SpringMVC(jdk1.8)|memcached缓存|Jquery,0,博亦远科技,计算机软件,100-499人,未融资,a1d2e6efaa168bae1nV53d67EFQ~,陈冬琴,HR,否,3,958512a3f2ba9c9b1HN-3dm8GFM~,404cb339d0460a9503F-2t67EVpQ,2LTz5ye38Z5MP-h1UCB16rsVwQQRCF8IaEMatGF0-qiyLZWyIfQ2_EdcCxYBDYpTEA_Xbe7DkQcwAsYz_JF72EmJofchxDcYhX2GDyaYIeyGkjHZ5i1WGjJ8r9V3gROyOXaQhO-qehx0,615594290,1yGQl9q2wIO.search.295,节日福利|餐补|股票期权|带薪年假|年终奖|交通补助|五险一金|加班补助|零食下午茶,,,西湖区,翠苑,120.120852,30.28098,否,否,否,否,否,否,,否
小程序全栈兼职,20-25K,5-10年,大专,杭州,5-10年|大专,Java|Spring,0,微风口网络科技,移动互联网,0-20人,未融资,afc22c5034f4f9781XVy2Ni-Fg~~,杨大耀,CEO,否,3,7b106eff0811d98a1nJ63tu4FQ~~,ea3dc01b9c8add5e1nR82t--FVVT,q8RNisLsqfYsL-W1zKIYyPBBw_o5h5iWCXMStM0AlY0MwpfEBjqlv9xlBYqZbq6SJ34y116e3lL9W23d98iKn6-ReQvv16vyrv8h1Quj6-Q-hFoQR6bUmpGjpZoR42vY4LroeL1llA~~,615594290,1yGQl9q2wIO.search.296,年终奖|零食下午茶|绩效奖金|节日福利|餐补|交通补助|股票期权|五险一金,,,钱塘区,白杨,120.3364,30.30189,否,否,否,否,否,否,,否
智能软件研发,15-30K,经验不限,本科,杭州,经验不限|本科,Python|Docker|全栈开发|分布式技术|SpringBoot|后端开发|Spring|Python,0,浙江省北大信研院,其他行业,100-499人,未融资,49ad8463966870141HRz29m4Eg~~,郑聪,算法工程师,否,3,21d4b9d1f610cc341X1429i-E1E~,f930698bc8376e0a1nx52Nq8FVRR,QJonpUQXVj8ka-v1XiSmUc90YP5mw00nBj7j0NdK5illKy1rcmcz_lGRqJ8K80sks2ZvlQOj8Gp55R-cJiPRXny0tc_u7MmGcXHLsQo8b-nOShVwEOw0ChCAnpytWofDzTppAyNVyy8~,615594290,1yGQl9q2wIO.search.297,节日福利|五险一金|股票期权|加班补助|定期体检|带薪年假|年终奖|员工旅游|零食下午茶|补充医疗保险,,,萧山区,钱江世纪城,120.26542,30.221249,否,否,否,否,否,否,,否
全栈工程师,12-15K·13薪,5-10年,本科,杭州,5-10年|本科,全栈无侧重|HTML|CSS|TypeScript|Vue|PHP|C/C++|Python|Django/Flask|MySQL/Redis/MongoDB|全栈项目经验,0,万思奇,互联网,0-20人,未融资,a306667bcbc8a12d03Z83tu6F1o~,冯涛,总经理,否,3,0f592cb6a1bb88a103d50t--ElQ~,f3a5d3a177a2bce103Fz3dy5GFJR,lZSjxj2gqxGV8-E1oojLs3yvgO1ri7_ko5irI6M1sQBsnw7G3-MnH7p7VFkkFrkUFyMHOGuka5AJiw98QZA-8chqFJvPfXrYfXFZLEDX4vV4zoXGzcvhEFh7OfYQAjvrV0hkj1zsNDO2,615594290,1yGQl9q2wIO.search.298,定期体检|员工旅游|节假日加班费|生日福利|法定节假日三薪|年终奖|五险一金|底薪加提成|绩效奖金|企业年金|带薪年假|保底工资|团建聚餐,,,余杭区,仓前,120.001691,30.288563,否,否,否,否,否,否,,否
全栈运维开发工程师（校招/应届生）,12-15K·14薪,在校/应届,本科,杭州,在校/应届|本科,运维开发经验,5,杭州瀚云动力技术,云计算,0-20人,未融资,66b262ff2d3ada681Hx-0tq0FVo~,郭保庆,招聘者,否,3,b9fd58b4fbf5533e1nVy3NW4GVA~,e87d7e659b942fa703By2Nu0EFRQ,eChamCYkuFILs-W1hINqedLoXcCyo6kcOeJ_jfQocyN38pmjlnm6Xtik5c-pr9kIAp-6N9eh10jK4DHnzIbSqCvnAROMTN0UkJ4kXJTBLBVRNDJ2iY7BPX1hA4UrJtaxX-EImexAQFK_,615594290,1yGQl9q2wIO.search.299,年终奖|带薪年假|保底工资|免费工装|员工旅游|绩效奖金|交通补助|五险一金|团建聚餐|股票期权|法定节假日三薪|生日福利|定期体检|零食下午茶|节日福利,,,滨江区,长河,120.193613,30.188442,否,否,否,否,否,否,,否
全栈软件开发工程师,10-15K·13薪,3-5年,本科,杭州,3-5年|本科,全栈侧重后端|JavaScript|Vue|HTML|Java|Spring/Spring Boot|Node.js|全栈项目经验|前端开发经验|后端开发经验,0,新农都,物业管理,100-499人,,6f78f28670c1bf5b03Z_29-9EVM~,顾先生,数字化运营,否,3,c8da97c3a6143df81Hx-39m_GFc~,8baef68515d8814c03F92d64GFpV,fwfEE50hCczVB-x1t72foIF2hFoeujj2Ul9t-OfBo6uPS3RlQt8uFQPE38XbhRyj2skJ2WY3nYMnexTe0TmwKQdaU6I6-Io22xZNtuBmiHSRjyf9JTCY8NDsjMVDi3e4_fgA6W8p24Oz,615594290,1yGQl9q2wIO.search.300,,,,滨江区,长河,120.194198,30.199202,否,否,否,否,否,否,,否
Java,15-29K,经验不限,本科,杭州,经验不限|本科,微服务架构|全栈开发|服务器配置|多线程|分布式技术,0,辛氪,电子商务,0-20人,不需要融资,cc92929235bdb9561HZ609q1Ew~~,宋先生,招聘者,否,3,2e60ece99f11a0770nR_39y7F1o~,e69d3be4d92273141nZy3t20EFRZ,MiY7bLSa4to4X-P1lKgPGv_2A3eqE7PUZEbjfkBrzUjTEvT8xLuyrSC2scT3DO7uCooplOWV4dHB2HQEq7ja3WLKVu8QPOXe7vL9KGFyAuFFDkCOxXDDWF9155sgFY85zAyQngF8XO0~,615594290,1yGQl9q2wIO.search.271,五险一金|全勤奖|加班补助|年终奖|员工旅游|定期体检|可以远程办公|带薪年假|包吃,,,萧山区,钱江世纪城,120.247365,30.244675,否,否,否,否,否,否,,否
全栈工程师,10-15K,5-10年,大专,杭州,5-10年|大专,全栈无侧重|Vue|PHP|全栈项目经验,0,百杉科技,互联网金融,20-99人,,7ed1d6134cc2c51d1XN-39m6EVI~,孟女士,人事主管,否,3,a0f924b407b3b08e1nR43NS4FVNU,9ae3319012dc19c11HZ72N64ElRW,b5DqT4NsrlaN3-h16yWUi0qiZOPjbEbG2Kr1BWljV6BhRQBzho7WIfkVkx_sdCaYA1U_eCSmXzyVxh6PC183kztdT1XGoh6_u9x6aOUpp5U-QHFETM5wbDy6pSuY1tUhE8tUB5JMblSSYg~~,615594290,1yGQl9q2wIO.search.272,,,,上城区,钱江新城,120.209685,30.23676,否,否,否,否,否,否,,否
php全栈工程师,12-24K,5-10年,大专,杭州,5-10年|大专,Laravel/Yii/ThinkPHP|JavaScript|PHP,0,风起传媒,广告/公关/会展,0-20人,不需要融资,296485ec842533001HVy0t-4FVs~,龚昕,技术经理,否,3,3b31f9e19ba024b903dy2Nu7FVU~,82a1c9eca81d7c0b1Hd829q5FVNX,7wy38j2E1Hjkj-u1G1N9s5icnBKY7C8WLdbZa5p65LOOZuyOD2ZC-1KP_8-gdFRMoyNUURoe79kKlBQFbRWdjebZjm4OT1Xhfk4AwVbpCoSTCkDXur-Eqlbb3o6GBSxOegG8MXgI5xgn,615594290,1yGQl9q2wIO.search.273,,,,滨江区,长河,120.192909,30.195341,否,否,否,否,否,否,,否
高级全栈工程师（React + Java Spring）,18-22K·13薪,5-10年,本科,杭州,5-10年|本科,TypeScript|Java|全栈无侧重|计算机相关专业|React|全栈项目经验,0,杭州与光同尘影视...,广播/影视,100-499人,天使轮,7397d550928a99d41HFy3Nm9GQ~~,金塑,研发总监,否,3,29251bf28ead4aea0XV-39S-ElBR,1a29da03f837849a03Fy29m7F1FZ,STxi1wtXyRD9z-l1cSldk0x_Ics7BkvHnh-mE_L8mWbf2GaZsSFHzyr7YgkEMqFvjZkYgRoV4Q68g3hGO5lqevtF5c4M-g5EzijWIHBksBYdjP8JYldVUYaNOssPiJlTQxZFfVQ9hSdx,615594290,1yGQl9q2wIO.search.274,股票期权|有无线网|五险|加班补助|节日福利|员工旅游|带薪年假|定期体检|通讯补贴|年终奖,,,拱墅区,上塘,120.110325,30.334237,否,否,否,否,否,否,,否
PHP 全栈工程师,12-15K,在校/应届,本科,杭州,在校/应届|本科,PHP开发经验|PHP|计算机相关专业,0,杭州未零,互联网,0-20人,不需要融资,a487628fdf5595b81nB82tm6FFs~,张浩, CEO,否,3,8729fa434b8ce8dd0nZ60tu_EVRY,85a24a96da5eec6d03J43N60E1tY,ei75ygclgzfQO-R1-1FSRn0bnh8N_jS8h9UN6ZDlZqppTYaczTtxPUzciD9Ul3tGZaNMoDYz848XjL0-8Mwb5qu7lqzssKr_hGz06rP5WBsEyCvDHqu45NIAEpzowYNgBTskSYBQRFi6Qg~~,615594290,1yGQl9q2wIO.search.275,五险一金|零食下午茶,,,西湖区,西溪,120.06688,30.291347,否,否,否,否,否,否,,否
高级全栈开发工程师,27-40K,3-5年,本科,杭州,3-5年|本科,,0,北京某小型信息安全公司,信息安全,20-99人,B轮,,邢玉芹,猎头顾问,否,3,f6822a9709770b170XJ42965ElZV,c173e409e1fc358c03B42969EFdV,f66cFwUYPNXXN-_1g91c3QLrilfN0IxjXS3xwVmrqS-zbnNxgGNXITX96gVrFGh7L1FcO6X86e2_jSC9qg37ihAjnofzTG-VYiUArLdsIlm0QzTF0JWmH3kH9jpGQOQSk3mBNB3AnQjS,615594290,1yGQl9q2wIO.search.276,交通补助|节日福利|年终奖|带薪年假|加班补助|零食下午茶|通讯补贴|五险一金,,,,,120.127984,30.275405,是,否,否,是,否,否,,否
全栈工程师,450-500元/天,5-10年,本科,杭州,5-10年|本科,全栈侧重后端|JavaScript|Vue|React|Java|计算机相关专业|全栈项目经验|前端开发经验|后端开发经验,6,绍虞数字,计算机软件,20-99人,,c69f84a168b1a7761HJ809u9GFA~,章海波,HR人事主管,否,3,99613afd6e861e4a0XB439W6EVQ~,5e7ee3ed7bdbf1fb1H172N-6EVtY,miLnmxeXZl3Ij-61gSOf-UXahxtCWfZDuJ7VaynVF4yCKx3dTIGzR0feu6Xj7oghZ7tvvTs9rK6P5itkqvysESSbfwximZ00jB6FC3hmVZuWCcjWPAsyQQjPo9iOf524AqrH7UCc_4_1,615594290,1yGQl9q2wIO.search.277,,,,滨江区,长河,120.1975,30.180948,否,否,否,否,否,否,,否
全栈工程师,8-12K,1-3年,本科,杭州,1-3年|本科,Linux|vue3.0|全栈侧重后端|vue2.0|Python|全栈项目经验,0,杭州杰歌科技有限公司,电子商务,100-499人,,1a41fb208cb99e8803V93ti7GVc~,陈春春,招聘者,否,3,54353d9e51ddbd471nR82929FVZW,d146e9bb3e5bcd9b03Bz09-9GVVS,p47nzG5xT6Yzs-J1ujRvaSKdwx5uRHLMuv4F_stkJ8RO7j3OqOaCPZ6WTr1O3oTL1TenzHMWn465uZ47tHbe3YY1WaIsd_ypNxJc4yBj_JcLhjodvPI3p79y10tUBI3Ys6THF4nc84UyHQ~~,615594290,1yGQl9q2wIO.search.278,,,,萧山区,闻堰,120.170203,30.130847,否,否,否,否,否,否,,否
初级全栈工程师,6-10K·13薪,1-3年,大专,杭州,1-3年|大专,全栈侧重后端|JavaScript|HTML|Vue|Java|Spring/Spring Boot|后端开发经验|全栈项目经验|前端开发经验,0,杭州多安,医疗服务,20-99人,不需要融资,16342951f7fc7ab71HJ42Nu-GFI~,姜洪飞,营销总监,否,3,2843815a302d9cb31nR43NS6ElpT,d3d6e6687f5f311e1Hx-29q9E1VR,_xaVz4jxBx6OM-Z1wg5SZlisip3g-xJFpc764Rb2eej__eOYgFPvd3QDqH3cOUIwKti2WosruS5bTrcu4nqgNsjMdPqhfVyCzOBMeZYqiwit-Lx09rM2Dd97F-tNPF97W-V7KrL4o0jwkA~~,615594290,1yGQl9q2wIO.search.279,生日福利|加班补助|保底工资|团建聚餐|零食下午茶|餐补|法定节假日三薪|五险一金|全勤奖|节日福利|工龄奖|绩效奖金|员工旅游|定期体检|住房补贴|节假日加班费|底薪加提成|带薪年假|年终奖|股票期权,,,钱塘区,金桥街,120.323223,30.330866,否,否,否,否,否,否,,否
全栈工程师,12-15K·13薪,1-3年,本科,杭州,1-3年|本科,Java|JavaScript|全栈无侧重|全栈项目经验,0,信公小安,互联网,100-499人,不需要融资,cd29d22babfff92403B60tu4Fg~~,周华民,高级前端开发工程师,否,3,2c973d63613c71a31XJy2NW-E1o~,c87b3dbe4524aecc1HF43dm_F1NR,6xDeXisq6rmQ1-_1WvuGUqT9G5E2gVfrG21J-IbOTHKxa5G-eVtxl2pS9BRanLmfOuavM2Fqc7zjuLPWgSs7xcDnX7pgyOWrk3ttESyAarGf_GacGdnQl-HZOaR_t1avCimyQ0c8F6g~,615594290,1yGQl9q2wIO.search.280,定期体检|五险一金|补充医疗保险|节日福利|带薪年假|零食下午茶|年终奖|员工旅游,,,临平区,临平,120.303062,30.393593,否,否,否,否,否,否,,否
低代码开发全栈工程师,12-24K,5-10年,本科,杭州,5-10年|本科,全栈无侧重|JavaScript|Vue|Java|Node.js|全栈项目经验,0,杭州怯薛卫队通信科技,计算机软件,0-20人,,cef1a0ea995b9d0c1H153t65Els~,陈军,HR,否,3,a0fc9ae9ba1b71191nR83N69E1BV,ceb6c9fe1855235703d-3Nq6EVZS,cZkE2gPqCdtKK-_1TeL_0HJKL6PWoAvnIdyqeR8dc8EOKh4cZOZjzEDgmM6ou_3JEMfvDcs33Y2-X0Pg8z44mkupTFDZ1ehaQwhNqvWYYGkqMtoMHaE85XxM3tBJ4TGM1MKHj6WtDqrZZg~~,615594290,1yGQl9q2wIO.search.281,,,,西湖区,古荡,120.110103,30.267224,否,否,否,否,否,否,,否
ai全栈工程师,15-30K,在校/应届,本科,杭州,在校/应届|本科,Golang|后端开发经验|全栈侧重后端|Node.js|计算机相关专业|React|前端开发经验|全栈项目经验|TypeScript|C/C++|全栈无侧重|MySQL/Redis/MongoDB|Python,5,杭州纵狐,互联网,0-20人,A轮,0eb541c2177c9cb71Hd939W4F1U~,曹先生,ceo,否,3,6bf3a13c9d2e301e0XB-3ty1FlFZ,72be4537f973df9003J43du-EVFV,CDF6pfLxM4HIc-g1hDgtBdKrHnN4PUJ49vTnjktRFm-iufoeT1v4SXlgsga0Ct230I8vR3fQOKbk4-b2rZ_S2KSn5oaYN1NUyxrNLF-O75pg4hOR6RTEm8k2jgHPEK_IcbrxiAEKz7QkuA~~,615594290,1yGQl9q2wIO.search.282,加班补助|有无线网|免费班车|全勤奖,,,萧山区,义蓬,120.436809,30.269698,否,否,否,否,否,否,,否
核心业务开发｜全栈工程师｜数据平台可视化,40-70K,5-10年,本科,杭州,5-10年|本科,Golang|后端开发经验|JavaScript|Vue|全栈无侧重|Node.js|计算机相关专业|React|前端开发经验|英语读写能力良好|Python|全栈项目经验,0,某计算机软件公司,计算机软件,0-20人,,,齐瑞泽,猎头顾问,否,3,21e957b224a04e0f0XJz3t-0GVNZ,00a5206bd9ecb97b03J62NW-E1pS,EtlswyGPZVyBe-c13kt9AYCNXlSoe8dPvvkq8XH8doTuuv6R84jR4ZabFpHKAG0PLqnG7r__mD-FJPALl_ydHnnF_EpB-bDtFzK85FN_oMHf6IEOE-PClcFFjqIp-zwChkQXDOrLQcizpA~~,615594290,1yGQl9q2wIO.search.283,,,,,,120.194004,30.182808,是,否,否,是,否,否,,否
全栈开发工程师,30-60K·15薪,1-3年,本科,杭州,1-3年|本科,全栈无侧重|计算机相关专业|全栈项目经验,0,某企业服务公司,企业服务,0-20人,,,苏光荣,猎头顾问,否,3,e452748b686d8f880nR43N--GVRS,c7a8654bb31438741X1929y0FFFQ,uSXvce5zMTRzB-71BsgzbNHycZCI5uLbaQ3inJw7ehDlbL3aZWdlzvQ3PRuZKdys9B2JTOKp6-hx-BO6md8HdfRQxIhYprvxfAbul1UA-gZ7gG1NOXw7DTbCbB8MqU0SZC1fJVW4V6OmeA~~,615594290,1yGQl9q2wIO.search.284,,,,,,120.02341,30.275318,是,否,否,是,否,否,,否
全栈研发工程师,8-13K,1-3年,大专,杭州,1-3年|大专,计算机相关专业|前端开发经验|后端开发经验,0,正天宠物,电子商务,20-99人,不需要融资,e7d6bfc382fd74941XB73dS1EFs~,黄先生,CEO,否,3,aee1052aa9d09edd33V92d2-Els~,ec93e1ffe1a43bdb1XJ62dq0E1RX,6ZIOpAbdeuOYG-01YG6GJolheaukxrK1KnvFxJbtuHYpD64sjU1yJInPhFlTZGpXdU-p0lLjn0AoD9G9k8Th2atel4xbQ-OsplUWF1PWHovr7aIvL0gytWdxyDMp9CxtCu9_vihvfECq,615594290,1yGQl9q2wIO.search.285,五险一金|带薪年假|全勤奖|团建聚餐|年终奖,,,西湖区,西溪,120.076549,30.308702,否,否,否,否,否,否,,否
全栈工程师,20-40K·16薪,在校/应届,本科,杭州,在校/应届|本科,接受实习/在校生投递|Django/Flask|全栈无侧重|MySQL/Redis/MongoDB|React|英语读写能力良好|Python|全栈项目经验,5,北京鳄梨智面科技,互联网,0-20人,不需要融资,7e00147ecf3ba6891HNy09m9F1I~,桂冠,研发负责人,否,3,a4a6e6bce664672b0nJ-09i0E1NX,c20e9604c02c355203dz0tm7F1dU,zdXBXJclyKEr0-_1WePiKzBsmY0ir4VRaOENhBCffUa3s1WOq8DyinJNXgi-dSKj3rmEmiC8uiQBalnW5JM4LBMPvwh5WnzQ_tKIyqLtU2a4Nk0zFytnANKBQ6B_xSS4-bTD7nnkd09IxA~~,615594290,1yGQl9q2wIO.search.286,带薪年假|股票期权|五险一金,,,西湖区,西溪,120.129042,30.275449,否,否,否,否,否,否,,否
全栈软件开发工程师,8-11K,3-5年,本科,杭州,3-5年|本科,全栈侧重前端|全栈侧重后端|JavaScript|Vue|Java|Python|全栈项目经验|前端开发经验|后端开发经验,0,起点通信,通信/网络设备,20-99人,不需要融资,e3462dbbc4eaaf1f1XZ63tu-GVc~,胡先生,招聘者,否,3,d4bcf5eec80483420nF739u9F1ZR,ed97af8356d02c2603V62N24FltS,PYm68BMhVhcyu-v1iB6dXXlVZeOxdR82UIeyKRuIsjc9lmw4NFEII7em-OSjk_wtohBZprO8VxlBduxnoYAUXmTmasdFqi36xUKc8iq07rpOtl1JiXDtcNIwySSLxMJ0NLKDsHiqEQanFg~~,615594290,1yGQl9q2wIO.search.287,保底工资|全勤奖|工龄奖|加班补助|节假日加班费|底薪加提成,,,钱塘区,白杨,120.345545,30.302257,否,否,否,否,否,否,,否
中级全栈工程师,10-14K,1-3年,本科,杭州,1-3年|本科,全栈侧重后端|Vue|React|Java|Python|Golang|MyBatis,0,浙通服,通信/网络设备,1000-9999人,未融资,326ec7fb187845fb1XN-3tq0FQ~~,赵先生,应用软件开发工程师,否,3,0e7b497fb82e11291HV-29i_FlE~,32d545f6233a4bdd03V53968F1pV,cU3OxzC8LRYq6-X1gsBQ8nAX7Wfe84JsWGKpFPbwttSRbLl-37gfsNYIGpKEi2p1e70U9s2f9QvyjUxo-lKAKWQZENGspqmHhktcMCpbe4exCOjxYrdTob9h--mLxUgM_xYvM-MRRas~,615594290,1yGQl9q2wIO.search.288,五险一金,,,滨江区,星光大道,120.210229,30.207509,否,否,否,否,否,否,,否
AI Native 全栈工程师,20-40K,3-5年,本科,杭州,3-5年|本科,,0,交易哲学,人工智能,0-20人,天使轮,72318b5010008db203Z5296_F1E~,宋漪卉,HR Head,否,3,fcc4faf1edbc1b470XR609m8FVBT,35e17ec1306076e703Fy3ti6F1ZU,WNs77C0TOciW0-A1i4Hk-d0ScX_lcRDWDVFCOb2GVglJSGQ03eFHnz46Jp65inhuzVpmB9_pIoSd2hdpvCuxp_xiGfQgnGRtDT3TSUSf2HLh0fa404rLaXbiPSfyUEhT7-5w9uxY09Fxnw~~,615594290,1yGQl9q2wIO.search.289,五险一金,,,西湖区,西溪,120.086593,30.256945,否,否,否,否,否,否,,否
全栈工程师,8-12K,经验不限,本科,杭州,经验不限|本科,Java|CSS|Spring/Spring Boot|JavaScript|Vue|MyBatis|全栈无侧重|HTML|MySQL/Redis/MongoDB|ios|全栈项目经验|Android,0,杭州双梓星网络科技,互联网,0-20人,,3b4cbc196a01fa5d03R62921GVE~,安泽印,招聘者,否,3,786288ee94c90fc00XB_2dy1FVpT,4bd5892737cd38a303B829u5GFRR,JGZAodvcW1gO5-J1oztpFkoCY80GaVYv4TiOVJwkeu5qwXh2jWa2mGqwy4Orc7sUxSWO3Fl56tXwMo_9t9nQbP8G4nxA6gZgGuvtIBebLTSHloPys4GV-qPgLXWmNslNwTva78woed3dEQ~~,615594290,1yGQl9q2wIO.search.290,,,,上城区,天城路沿线,120.20408,30.32111,否,否,否,否,否,否,,否
中级全栈工程师,12-22K·13薪,3-5年,本科,杭州,3-5年|本科,Vue|Java|.NET|全栈项目经验|前端开发经验,0,三花微通道,其他行业,1000-9999人,已上市,e196c58578ccb7880XB63Ni0,尚京蕊,应用运维主管,否,3,87c606e38669a7f60nd40t6_EFo~,ba64df2c95d2d7cb03B_39i6EVZW,1GovylXP_EkwN-_1wvR_m3_whG4K5hW55BAjly6Fhf6yhCQgFwAbwkrgSt6J9n6rJdesrs0l_uvfQBU4ZM0sr_Auay0eeCFBd6P1gQqVUBhoZJk7M7yIAbZirZZQXiT-lwgddj8IkA~~,615594290,1yGQl9q2wIO.search.291,五险一金|定期体检|年终奖|带薪年假|餐补|节日福利,,,钱塘区,工业园南,120.373562,30.290149,否,否,否,否,否,否,,否
全栈工程师,10-15K·13薪,经验不限,学历不限,杭州,经验不限|学历不限,PHP|React|Vue|SQL,0,奇禾网络,大数据,20-99人,未融资,d9be7305cc32221f1nB42d-5FlA~,徐士淮,技术总监,否,3,22a3650543ea2cec1HBz39m9F1U~,4c1ec3070d23bfdf1XZ50ty1EFRY,h3SrNnMXt8hxj-D1UY6Z7kpww3WQeZuMqxpWVt7T_4LfHhI9i7Ok-BfFuHOuSFCFzL9h7AyDn3cfdGfsUo6uVv5FkHzB4q_n7yyr8meZhk08wTuAS39qZVCTL2cCTmQzz82-vIUbA9TD,615594290,1yGQl9q2wIO.search.292,绩效奖金|节日福利|带薪年假|零食下午茶|夜班补助|加班补助|节假日加班费|有无线网|五险一金|年终奖,,,西湖区,翠苑,120.100659,30.300959,否,否,否,否,否,否,,否
手机厂商快应用开发（全栈 兼职项目),60-120元/时,经验不限,学历不限,杭州,经验不限|学历不限,JavaScript|Node.js|React|计算机/软件工程相关专业|前端开发经验|技术博客/开源项目有所贡献|接受居家办公,6,杭州店飞科技有限公司,互联网,20-99人,天使轮,21034cd9c9e49ee21XV809-9EFQ~,谢女士,招聘专员,否,3,2e836aacc0b3e77c0ndz2N21EVdX,48d9f3f9dbf107451Hx529S4F1BQ,hhU6T1ki77hJ6-c1RmUKSDuSGWjUi5Ba6TLuqy0YnduVgJcLDPnt0jaBQdmiyGTuFm5IdPTcbAxhsGWQegRgrbOz5qySrLRWo-PL5rsQ1GfRR-OfrzmWPFS_EXgzahSjii4DltAHJ4irvg~~,615594290,1yGQl9q2wIO.search.293,团建聚餐|工龄奖|保底工资|绩效奖金|年终奖|员工旅游|零食下午茶|股票期权|五险一金,,,西湖区,西湖,120.108235,30.265589,否,否,否,否,否,否,,否
高级全栈工程师,11-14K,3-5年,本科,杭州,3-5年|本科,全栈无侧重|全栈侧重后端|JavaScript|HTML|CSS|TypeScript|Vue|Java|PHP|全栈项目经验,0,寰映信息科技(上...,家具/家电/家居,0-20人,未融资,3a1bb1f92a35ea511nF_3dS_EFQ~,王华,Founder,否,3,5a43db1a1062df9e03Vy2NW9Fg~~,84b4e2c5aaa5f9ad03B63N-6EVBT,VhDECDP3C6jui-r1iaexiyxDTAvxeTqTSZXmA9ABZmFoVTvWkJUhRj3MfeWMD-aI6Nal54B6Rf7nvDWM_AYTy4vSb1xnFRg46Z-BKQj9Wh-fHB3AF7BkcQ5JKf0XuH5Kp1fQKPNwOfw~,615594290,1yGQl9q2wIO.search.294,交通补助|餐补|加班补助|年终奖|通讯补贴|节日福利,,,临平区,东湖,120.29538,30.441026,否,否,否,否,否,否,,否
全栈工程师,10-15K,3-5年,本科,杭州,3-5年|本科,全栈侧重后端|CSS|HTML|Spring/Spring Boot|MyBatis|MySQL/Redis/MongoDB|计算机相关专业|全栈项目经验|后端开发经验|前端开发经验|SSH架构(jdk1.6)|ExtJs|SpringMVC(jdk1.8)|memcached缓存|Jquery,0,博亦远科技,计算机软件,100-499人,未融资,a1d2e6efaa168bae1nV53d67EFQ~,陈冬琴,HR,否,3,958512a3f2ba9c9b1HN-3dm8GFM~,404cb339d0460a9503F-2t67EVpQ,UoeH4T0SAB0cI-q1SWzuYURgWYQb3i6nKtdAe7mpyoRZ45iygTwdcJy5tjcuwKayErBzZhtm38Yl8Zo_INpTq_9MBxqtsVaVTc36XMLpl6ajcUcazFdIfNCqTDtS_ZZZjvRVN1VxEZaC,615594290,1yGQl9q2wIO.search.295,节日福利|餐补|股票期权|带薪年假|年终奖|交通补助|五险一金|加班补助|零食下午茶,,,西湖区,翠苑,120.120852,30.28098,否,否,否,否,否,否,,否
小程序全栈兼职,20-25K,5-10年,大专,杭州,5-10年|大专,Java|Spring,0,微风口网络科技,移动互联网,0-20人,未融资,afc22c5034f4f9781XVy2Ni-Fg~~,杨大耀,CEO,否,3,7b106eff0811d98a1nJ63tu4FQ~~,ea3dc01b9c8add5e1nR82t--FVVT,HdKtfxcURJjjI-Q1ADs4JyLk3z_70AMdLcHmEll3KZeqmWEGrmZWGRBaUXcp11T3PP6TVmqcpAGW5Qn1Na213deb6EGEIxFusGFu-JKA-lCCu7EaIpqHL3IgXw3ZLNTFUxXTCBBo2Q~~,615594290,1yGQl9q2wIO.search.296,年终奖|零食下午茶|绩效奖金|节日福利|餐补|交通补助|股票期权|五险一金,,,钱塘区,白杨,120.3364,30.30189,否,否,否,否,否,否,,否
智能软件研发,15-30K,经验不限,本科,杭州,经验不限|本科,Python|Docker|全栈开发|分布式技术|SpringBoot|后端开发|Spring|Python,0,浙江省北大信研院,其他行业,100-499人,未融资,49ad8463966870141HRz29m4Eg~~,郑聪,算法工程师,否,3,21d4b9d1f610cc341X1429i-E1E~,f930698bc8376e0a1nx52Nq8FVRR,Xkk9NuP7oIWW9-u1kbcHxIpp032q3VJoDBw1m0DSXgV_lsGQDKeDkvCPd4AixgznlfzPHYVvjiKbuVEhdTPumlDp37tSfJLkxPFIPJ8KHMlhhDTuYyA677ZCnufy1NxX2bvUaZvOnGA~,615594290,1yGQl9q2wIO.search.297,节日福利|五险一金|股票期权|加班补助|定期体检|带薪年假|年终奖|员工旅游|零食下午茶|补充医疗保险,,,萧山区,钱江世纪城,120.26542,30.221249,否,否,否,否,否,否,,否
全栈工程师,12-15K·13薪,5-10年,本科,杭州,5-10年|本科,全栈无侧重|HTML|CSS|TypeScript|Vue|PHP|C/C++|Python|Django/Flask|MySQL/Redis/MongoDB|全栈项目经验,0,万思奇,互联网,0-20人,未融资,a306667bcbc8a12d03Z83tu6F1o~,冯涛,总经理,否,3,0f592cb6a1bb88a103d50t--ElQ~,f3a5d3a177a2bce103Fz3dy5GFJR,OfYc7SMU4a2IX-L12ntN1X4DhI2KH3GF0s6pUrT-nyxLa_gTPHvEqMpx4j6yQo9CXg1DGgvXzUe3wEJOeUSvJHlUp-kNeTf07-GANr0GYy7k_MjeVQypjTZ4A7Vl45jk86r4d-ujM0EQ,615594290,1yGQl9q2wIO.search.298,定期体检|员工旅游|节假日加班费|生日福利|法定节假日三薪|年终奖|五险一金|底薪加提成|绩效奖金|企业年金|带薪年假|保底工资|团建聚餐,,,余杭区,仓前,120.001691,30.288563,否,否,否,否,否,否,,否
全栈运维开发工程师（校招/应届生）,12-15K·14薪,在校/应届,本科,杭州,在校/应届|本科,运维开发经验,5,杭州瀚云动力技术,云计算,0-20人,未融资,66b262ff2d3ada681Hx-0tq0FVo~,郭保庆,招聘者,否,3,b9fd58b4fbf5533e1nVy3NW4GVA~,e87d7e659b942fa703By2Nu0EFRQ,ZsQgPCjTacqwZ-K1OJxXv2pj-oqvUuhT0xabo10XqFXNTQ1ktRu3edUrcmn_tII96rM5iVx8cWKelJGUVpjLl2xrXm8DYbgomSrMI-Zxhm2N-dUcN55Q60WnO8NvVyzG5aFs7aAkBwjm,615594290,1yGQl9q2wIO.search.299,年终奖|带薪年假|保底工资|免费工装|员工旅游|绩效奖金|交通补助|五险一金|团建聚餐|股票期权|法定节假日三薪|生日福利|定期体检|零食下午茶|节日福利,,,滨江区,长河,120.193613,30.188442,否,否,否,否,否,否,,否
全栈软件开发工程师,10-15K·13薪,3-5年,本科,杭州,3-5年|本科,全栈侧重后端|JavaScript|Vue|HTML|Java|Spring/Spring Boot|Node.js|全栈项目经验|前端开发经验|后端开发经验,0,新农都,物业管理,100-499人,,6f78f28670c1bf5b03Z_29-9EVM~,顾先生,数字化运营,否,3,c8da97c3a6143df81Hx-39m_GFc~,8baef68515d8814c03F92d64GFpV,Za2MZVCnmrBHr-t1jtdS1OYmKBKUklyyqlbudEree5ysRU1tx8Hx03RyXLALUH-Ev1s-0jUlhf5gJvz98m32tzQcNAw6PIHTj0hESrIg3KJ15Sf6DBtWVXQRqzcc4vq-4msH5EKyrKxN,615594290,1yGQl9q2wIO.search.300,,,,滨江区,长河,120.194198,30.199202,否,否,否,否,否,否,,否
