索引,类型,职位名称,公司名称,城市,薪资,工作经验,学历要求,URL
N/A,工作信息API,N/A,N/A,N/A,N/A,N/A,N/A,https://www.zhipin.com/wapi/zpgeek/job/detail.json?securityId=mb_ls8zk9MmM8-e1GZdxpxhGpkcSfMZvHETSau8USpP0Diij3KMfzRsMmxIxzHLePrSzkc130x5zM6p6nZ4UaTGVLWWs8byKbMRQGZt8AXojunUdp8uRw6b9-hsndUF7r1SAMaDAvw~~&lid=1xvobQL6J7G.search.1&_=1754484522292
N/A,工作列表API,全栈开发,N/A,N/A,N/A,N/A,N/A,https://www.zhipin.com/wapi/zpgeek/search/joblist.json?page=1&pageSize=15&city=101210100&query=%E5%85%A8%E6%A0%88%E5%BC%80%E5%8F%91&expectInfo=&multiSubway=&multiBusinessDistrict=&position=&jobType=&salary=&experience=&degree=&industry=&scale=&stage=&scene=1&_=1754484555555
N/A,其他,N/A,N/A,N/A,N/A,N/A,N/A,https://www.zhipin.com/job_detail/a1ddb63085765bbf1HV70tW9EVVS.html?securityId=vseknun24E4et-O1hzNfZQ3dtfrBFtWRJhX1I_MEP2p12VTSrGINZgD1ug-vghzKukquc-MzQ5okqrZ-Uzf80vSwYVU57jg7R8BOXYe2D8wSC7c3cQlNdA4dwvIuiGHggu7sqpfvkWKRcI1sESYRLgBFNOU~&ka=company_more_job_a1ddb63085765bbf1HV70tW9EVVS
N/A,其他,N/A,N/A,N/A,N/A,N/A,N/A,https://www.zhipin.com/job_detail/203152ed94cddd8103J42966EVdY.html?securityId=JHGVjx6Xm77mp-m1nvM-SgnxsigSZwKI1yAp1L-eq8oZUUY849ykBtN08yV8KbyQ4k-4MZOe4AGQrFaSyQeI0tquyV7su04AsN2hT8x_eGTQ2EQrzx9JsD8QonQJeI5vXe8oIQ~~&ka=company_more_job_203152ed94cddd8103J42966EVdY
0,职位详情,全栈开发（杭州，银行驻场）,银丰新融,杭州,10-15K,3-5年,本科,https://www.zhipin.com/job_detail/96801ac3743d5b3a03J_3tS4EFpR.html?securityId=3Bg3tg9jr1q3S-c1tzH3zO-rJRXORJwx2yF3HMGZSQLeaIDqnOTHRpwivXRApJHON9RyUOHN2vb0GAuGKorJn74g2av6yt43zblqsGszqho3ZIlm_4UDryc-XmfYTDl9ea1_wfi5LcQ~&ka=search-list-1yGQl9q2wIO.search.1
1,职位详情,全栈开发,掘财,杭州,12-15K,经验不限,大专,https://www.zhipin.com/job_detail/a1ddb63085765bbf1HV70tW9EVVS.html?securityId=rnCbKKHb6ygWB-d1w47mw3gSqL8qtJGd8K8LcLufzcdlWKgR4F-NgHDimGRCtfdt74gD11muAKh1tHt8JAh02QUbr7W2VA8q-ZY9Y3uDX2PFKA0tQBaWuqCNFKa_rYaBSa1EZXdK_1M7&ka=search-list-1yGQl9q2wIO.search.2
2,职位详情,全栈开发工程师,杭州汉吴信息科技,杭州,15-20K,3-5年,大专,https://www.zhipin.com/job_detail/9af68e74c8bbb99003F93d67FFtU.html?securityId=k5jbMyrcrpSdH-t1fi3xMCrtDzy7U8Ep2gqYxy5OMNDtzWPv40mDoT-0Y2KJBkx_FRyTJTDJYWUq5C6hXf8S-uEBxvkXY1eAjaJLZXrQVj5f-b4_GxrJx7W2UgNjyINrSRNECnqVrz6syA~~&ka=search-list-1yGQl9q2wIO.search.3
3,职位详情,兼职全栈技术开发工程师,杭州无达科技有限公司,杭州,30-35元/时,经验不限,学历不限,https://www.zhipin.com/job_detail/7c0913077327d7ce03F82N-4GFVS.html?securityId=A7dIECynR8is9-t11lSDuP30tX7GWmr1dSH6o1jlLb9ToSEMx_ZWLl08YCiy1WdLPNCr5tRevJeOmer1_Ls-ZocXqPvCD34mQH4jIilKap5SBun3QuppUDyUxyCDGDoGiFJsiE7V5Dz_gQ~~&ka=search-list-1yGQl9q2wIO.search.4
4,职位详情,php全栈工程师,新之星网络科技,杭州,8-13K,3-5年,大专,https://www.zhipin.com/job_detail/e8930d024e51158403V829q1GVRW.html?securityId=G6l9sMgjeXA5x-f1HId3E5873j8NotbQVcrafixEuPty8sDrfmOg66bg1J4rkCy-n58Bu0LulBMqW-Y9BwIT1xdped8H_l54qSomrHvP-QVcXVzOpTxUjnJDQuqnBRT5SBYD02H8N-So_w~~&ka=search-list-1yGQl9q2wIO.search.5
5,职位详情,全栈开发实习,杭州乐晨进出口,杭州,150-180元/天,nan,本科,https://www.zhipin.com/job_detail/136be77e347b06e403J52N--FVtY.html?securityId=RjJXYm7FdUdA6-k1ZPXV6sQZ0ZcOD7-9Po_RpkuoS5qk-EJqmedsT57Xw9YrXA2CWU56DRdhNjDuA1N3QDCrY3kCZvhFezB0eYrqbq6JwKhorAvRnIqwyNvHfSNxhzG2ILmUW1TJdyX1NQ~~&ka=search-list-1yGQl9q2wIO.search.6
6,职位详情,全栈工程师,盛迭,杭州,12-20K,5-10年,大专,https://www.zhipin.com/job_detail/b8d02ebf5a4d96af03J-2ti0E1FV.html?securityId=pKhSoSfCdIBnL-j1cBOYDGxpPoa76vOzTOVwsIfRheaVNcteLSqlx8c9cZ9EEPuYJfJVK2_4MPEmFpIWymbPhggdxircNY_W16tyMjQhqvQ24Aib2Og4QtNOSrP5q4STBIr6xZYTR98~&ka=search-list-1yGQl9q2wIO.search.7
7,职位详情,小游戏全栈开发工程师（微信+抖音双端）,sixthman,杭州,7-12K·13薪,1-3年,本科,https://www.zhipin.com/job_detail/4752f2f23942b69403F929W7E1dT.html?securityId=Mfdxt9X2uqzkZ-P1qOk9iYON6vJQfYlbPcMRpEQsH_eGj3K6zPt0iawpdztaLxmlbIlUwO4nQUAqgoLeCL524VrEnjBPFflo4uIEHMBAuGLitKGAT_yWmxUgWOQxM8UlWB4WDVg8VBeKK5tN1WpgSCYdMhU4ESd0dlnKZ6LsWjph4F1t&ka=search-list-1yGQl9q2wIO.search.8
8,职位详情,全栈开发工程师,杭州泽氧科技,杭州,10-15K,3-5年,大专,https://www.zhipin.com/job_detail/e2ab61ce8fabfd8703Fy2960F1JU.html?securityId=vrujMFp1cZvL_-P16bMz-FQXc_N3432IvFQe8cFkzPVqrE12uOCdTd0lIm0gO0abYboJIdhZpBMhBE5bX8Pi_eIKhCClJwv7ZrFgZ_J1ty30PilGcMJiArorN43Chwus4E3xLAOq_hA~&ka=search-list-1yGQl9q2wIO.search.9
9,职位详情,java全栈开发工程师（支持远程）,杭州新榆科技,杭州,50-100元/时,经验不限,学历不限,https://www.zhipin.com/job_detail/e9ab85328f09be1f03B93tS9GVVW.html?securityId=9xJNKILfTdsjq-r1xobfGlQJvwSo5_lgMCzicAf-eNxXuJoniwD1CtVrp75szsdZQORtDQD93RYuchpk9qr99NBd9XEjq3RqcbWFP55cgMKJ4itUYBciY51nOTGXT7g_j9frHPS7HOED&ka=search-list-1yGQl9q2wIO.search.10
10,职位详情,全栈开发工程师,华跃晨,杭州,10-15K·13薪,3-5年,大专,https://www.zhipin.com/job_detail/9123a9a43a25a48503J_39u5EFNS.html?securityId=jDPBSp3Riii6G-o1nMaWqDXPmgszKCxoCdjofkhHGR3qaWdyY-2o2sYMqHJJFL8-JGiC0BPi69kCcRKg6lNn6Ea9vFS6onl2L_4z2EMkmoeOf8iUExlzZ_wJBx9yufr9My8W7ddW9M72jPlEj59z-7K7dIEgZTlsi3eX9aZQhb1zjHS-&ka=search-list-1yGQl9q2wIO.search.11
11,职位详情,AI全栈开发工程师（医疗智能体）,美联控股,杭州,18-25K,5-10年,本科,https://www.zhipin.com/job_detail/1c6184835486bab803J_3d64F1VR.html?securityId=S9-EsyhssWuGP-W1crvoqBtrp58kbRIBlk7lVKYmrBhZ9OYYgabOSP_UBvCQA1mcYdRQnaynHJYkYW_oynP8dqmvR0hbdFuqnCW-jKQZ8GYmhHP4HSMCd_J9v8j8HmXRvl3gW_l4sBmu&ka=search-list-1yGQl9q2wIO.search.12
12,职位详情,全栈开发工程师,为宏智能,杭州,9-14K·13薪,1-3年,学历不限,https://www.zhipin.com/job_detail/b33663d07283d65903B_0968F1ZY.html?securityId=cnMtaTL4BZCmA-x1dqAFYYJnIe__hGRABCO1oalPfOfLPgJC9G6KbzgeHhSQmzn940O-5zln-1fGX7_Q-XA2SMah8wEdLPWVGqlr8OUvPIu8B4DpdNfWDGSCEyvM8E0hOMFAmuz1nfU~&ka=search-list-1yGQl9q2wIO.search.13
13,职位详情,杭州-全栈开发,耀辰捷,杭州,10-15K,5-10年,大专,https://www.zhipin.com/job_detail/265b7a2e681f2eba03J-3tq5GFFY.html?securityId=IVvB7m5ju7sZ5-71awMeUmdROdL_sGGDRc4AfO4AE9Z2LqMzxI2bOuNSLm5KvH8LvRuvJV5TXTrAJWxPd8hrEsxI7UvoIX27zzOr7pDUb9c7OLoWl-SxixRlOsC-wy595_LmooTVUp6APg~~&ka=search-list-1yGQl9q2wIO.search.14
14,职位详情,Java全栈开发工程师,紫鹏科技,杭州,6-7K,1-3年,本科,https://www.zhipin.com/job_detail/450de82f343dbf1303Z82du4FVpW.html?securityId=LCU4KdI2N8Iy9-81Q0af940JErV45W3pLl_G__obrf_j28Wuv-mhA8kmnzjswTs9DhTzn3X1ftpS08tpyIWjrw_Mkb2ensFSyIBG1gARU_Dk7cHVZhEXH2YH_c8Zr4PtVtr9jCJGy1TfFg~~&ka=search-list-1yGQl9q2wIO.search.15
15,职位详情,全栈工程师（python),添遇网络,杭州,10-15K,1-3年,本科,https://www.zhipin.com/job_detail/d2b49a0c8ddf2eca03F62NW9FlpU.html?securityId=To5OxbZ1rdo9a-V1MejHmhIo5z-PwyOy_NWMKQ3QBXRWcJZtj0TF8cnioMoItiYmpbrxEbrgkMvWm99WutCCS6B9Fe7bwBMKEiDl4dOESan1Vs5Nl9rZSxdtI3Txk0a1uewEVOiz4tT6jg~~&ka=search-list-1yGQl9q2wIO.search.16
16,职位详情,AI全栈开发工程师（实习）,不鸣科技,杭州,200-250元/天,nan,本科,https://www.zhipin.com/job_detail/97eb3ec64d247daf03B_2tu1FVFR.html?securityId=iJiVOTpFEvULz-n16pj21Yl2F6yits1DrodsxBMdAl1UsNF5qJI-y0ayOT6th4Zf8IDGwqptuBcnXaMqm5ozmRHViS3Tv2j_Yp8nooELLXds8fE22MdESEhbDwRJiZlMDTXu_coIyMT6_ldLOHZ1YnPyoy1VHv2GUV4iCTDRsX0iIOQE&ka=search-list-1yGQl9q2wIO.search.17
17,职位详情,初级全栈工程师,上海贝津铭科技,杭州,13-20K,经验不限,学历不限,https://www.zhipin.com/job_detail/be040053f389c7b903J42dS5GFtT.html?securityId=3AVmeRAUBizeD-41PkDS8ggRO6yMCVfgbNa_tK0WWdquTh0fI5RZK8XewhuBGhEh6UkFscq-euMTKOQcmZMGjngyl9PmX725SQ-Uqdww65bzdZny3FDrov9vpvCReOV1oAM0Vg36nOrl9g~~&ka=search-list-1yGQl9q2wIO.search.18
18,职位详情,全栈工程师（php+vue）（南京）,南京寻优,杭州,13-20K,3-5年,学历不限,https://www.zhipin.com/job_detail/e4c1b90119b8f8bf03Fy29y9ElNR.html?securityId=TnBLe6REKkupr-81fH2dERPRIr-4LV67ButvADpt_nlkxnCKNculYxpGSElw-IQhWpo6dmbvmi6Dbq7TNJkgFQABAuxVczIsQkak1gmvv6GNpepTHXwZOtfdK_fm2oAhtOlFah0800PEnw~~&ka=search-list-1yGQl9q2wIO.search.19
19,职位详情,全栈开发专家,中僖控股集团,杭州,9-11K·13薪,3-5年,学历不限,https://www.zhipin.com/job_detail/e439c24787b2c2941H172dm0GVBU.html?securityId=3SzksZVg4V5yV-m1w1vD0qTDESINe4XqwY3zRTJ4ir0_0zwpvdQsSuMB4rf64pkuhLvTnE3XRor0Iysu74W3LyfMWacMOU2aHM7a3bH0LsXGEeQuB7a9PuifU1OZ9w8acTwnVvcL0QkGwg~~&ka=search-list-1yGQl9q2wIO.search.20
20,职位详情,Agent全栈开发实习生,有赞,杭州,200-250元/天,nan,本科,https://www.zhipin.com/job_detail/ab8987dc9253945903J53d6_GFNR.html?securityId=VqGIXGMgqqSXe-v1gwy7Ybm_RvlLypOOH9N4BN6CU3PrL6C0eSx0rb_fRZYnvtr8RObn5mSXrD-_feYc6uc1aK9iMYrZz2oHoZb1I62Hz0V_7krTH3fG7kkBica7yNOWjVEbode1X2A~&ka=search-list-1yGQl9q2wIO.search.21
21,职位详情,全栈开发工程师,智微信科,杭州,10-15K,3-5年,本科,https://www.zhipin.com/job_detail/cfa1ff5d7669caaf03Z92d-9F1FX.html?securityId=Ot2u942oSlMPD-v1jNxkbEH-TVqyo8v0Qg6QBG-yW4eff6VP6qRLTWOWdCjwFdxm_0IR9WKNFkIsxuIX6hBT0htqDO38gnxxsjCHHrNC6kXhLoldM_xqJkJ9olkzxYtOe8Yn7ANGq1I~&ka=search-list-1yGQl9q2wIO.search.22
22,职位详情,java全栈开发工程师,龙测,杭州,15-25K,3-5年,本科,https://www.zhipin.com/job_detail/0b645dad9767c56003R_2di7GFRQ.html?securityId=g0yerMY4-1XtA-41vQQBmj-6ODKmM1XvN26WLusrbSR6M39iD9CRYbXrtOg7zwuN6YaarPRF8msz3ssCyReW0A88XZwGGobje28FxZ3XPZCgde6tp5CvgOcGboapEYlwe-zyd4aYc-A~&ka=search-list-1yGQl9q2wIO.search.23
23,职位详情,全栈开发工程师,暖阳阳,杭州,15-30K,3-5年,学历不限,https://www.zhipin.com/job_detail/eba8d7e77c9fa16603R809m1EVJR.html?securityId=-VZHvXa8Mi3k8-219V99KN2YLrDbxMcxWDCvJTVeXshAda2F-UbrVxnEb9Csciutt4QYzCg3d2SAf-p8a0mD6AnKZ-fzCa0bfZI1Oda-MctxytUHR3pexAtnLg5aVGp6Xm2pyCsnKO1nPFRqCBf78VCynLCBbujhPg0gNhJk5FnCNSI~&ka=search-list-1yGQl9q2wIO.search.24
24,职位详情,全栈开发工程师,广雾科技,杭州,13-25K·13薪,3-5年,学历不限,https://www.zhipin.com/job_detail/878a4b4e92eba19e1XRz3du1FFpU.html?securityId=17n0Mob3heFm--71Uzfo5gVWTKvhxqC204Ds8znGDx-r6-SuQMSX1d6_6W8fuQiJFlJDgubTv_BqrY9X9hVtIiflizgNVHbBGVJK-5Y0EuyBDf_kNrqz27Hg9mdViUePu0vZtFX-55c~&ka=search-list-1yGQl9q2wIO.search.25
25,职位详情,前端全栈开发工程师,炬核智能,杭州,12-15K,3-5年,学历不限,https://www.zhipin.com/job_detail/311939b7118b6b5303R50t-4FFBU.html?securityId=dUBHwrFBhq4hW-p16Q_ocLF5ttGHn9bLF_IwRSn2HHsdq5Y2x-7jy5GbEe686pnuuGpoH41DIclrybNafAqlZv2oR0o5yUa8JBJy7dKotAP-YhqNk6tu8K7644R4AsKr2FfU_bBi0V5mcA~~&ka=search-list-1yGQl9q2wIO.search.26
26,职位详情,前后端全栈开发,头大侠头皮养护,杭州,150-200元/天,5-10年,学历不限,https://www.zhipin.com/job_detail/8f9ccf877029133e03J43di_FVRQ.html?securityId=QP_TXHJK0dKcd-51o_nGpouUnXvtVtusaDKJi2viCA_N4dGq1-pC-gh8U4Mmwsi54fkZa8_MfvBN27SeWZOgvpqhGvJjQbgFx3opWYLH6A7raM27Nq70U1KyuF57nyQ09_iLH2cdgXbe3Q~~&ka=search-list-1yGQl9q2wIO.search.27
27,职位详情,全栈开发工程师,精准学,杭州,20-40K,3-5年,本科,https://www.zhipin.com/job_detail/a7f021b5b2399bad03J_2dy_GVRR.html?securityId=i4FMh8Dz5frWU-o10lDlIFw_zxUXCzhI6zBhPgUy5MSrmoQtyyxyPQTbYt3UkzaX2QfToLPT-X84EYjMnqbQqmqNutNOuOfOvRYMWe1yHty9P5cijyPcntwlbursacf718YJv7PP4G1m1g~~&ka=search-list-1yGQl9q2wIO.search.28
28,职位详情,app开发 主程，全栈,杭州凌凌七科技,杭州,8-13K,1-3年,学历不限,https://www.zhipin.com/job_detail/4d0dc0f3ca181dc103Z53NW_ElBX.html?securityId=6cEOVlErs3mex-G1BekGO-Z8wuFPXpMZq1hJzxq9godNFDmychdDfDvDoslfF1rQ81BMk7d-xngM6O60lE9GtpPWhJQPgAbNG8TtXfORCI2VyX-8lwSB3qHkrjcmqM0bN_zHu6AYkAAqQQ~~&ka=search-list-1yGQl9q2wIO.search.29
29,职位详情,全栈开发实习生,视言,杭州,150-220元/天,nan,本科,https://www.zhipin.com/job_detail/75541d5e597f3f6103Z62dW6FVRR.html?securityId=OGKt4VJt5c4tE-N1JJI_4Vyf8savDOZVSJL5Tlkqvl280BVYhv01IpBrPXERMQeEVhtB_a5slqtFbJRqM_-VxqkW6fsV4WPZVchUDJuoAekZV-DOawIxgK4JPfxHGGCqkFpoD2i69O1pHA~~&ka=search-list-1yGQl9q2wIO.search.30
30,职位详情,APP全栈工程师,成都岛主科技,杭州,15-30K,5-10年,本科,https://www.zhipin.com/job_detail/e1d597ee2eae2cf91XZ_3921ElFX.html?securityId=Hasb974s81-tX-h1w-V6U-YcauNEaBu6Rn0fzCPTH1iAXgs_aD1zT79R3Dm2OAPcolMzkYoNCcezF6OxCbkFeHxjR-gzxqwgrY2OOIZVrNtMJPTrHQ7JfMpxfiJebXYSqKPTs1igPA_j&ka=search-list-1yGQl9q2wIO.search.31
31,职位详情,全栈开发工程师,深度求索,杭州,30-60K·14薪,经验不限,本科,https://www.zhipin.com/job_detail/2adca0f283bff7601H1z3t25EFZR.html?securityId=zm7xQthfEgg5a-y1ePSr3hl9oN3VbcoCApg-3wX1EBixNEwnL0kujOk0XahlWsFrmGPpwr7xpolYSMdKO7pT2kT9Ja3ImYJPduqjk4fTnwJMZDWN15v9QG6MAtEIlCIvB15Y3MVo0XHs&ka=search-list-1yGQl9q2wIO.search.32
32,职位详情,全栈开发工程师,杭州繁星未来技术开发,杭州,25-40K,3-5年,学历不限,https://www.zhipin.com/job_detail/78edabbe588dc0ef03F_2d29F1dX.html?securityId=fSdRiZQMvjODw-e12Z0TPPfUkaErMCHSMcELNs_XoeQ6vDX4eSsw_9DSWrife1AdgLfRyygS48mdf7vXqkzPbukOogxltIK5wJ5tCto57FJOy50_d8wKVpf6Qq9FWw-a1ge9r9WFxwKJXw~~&ka=search-list-1yGQl9q2wIO.search.33
33,职位详情,C# 全栈开发工程师,杭州玻瑟,杭州,8-10K,1-3年,本科,https://www.zhipin.com/job_detail/faebe3c61ed9695a03F43925FVdV.html?securityId=JjQcxSTUSA9wn-N15PlkCZkyvXgqUfd4eFb1-Q8YcHuu1eJN6VtSD-QobHZbF8pEb9y3Mk5gQ3MfX4ROlIU9h8uZmgmSWEmD-ch4vuNSbKgQDJbvcXZ-42EplNRKdXhKrV4Bd6KVfpv1&ka=search-list-1yGQl9q2wIO.search.34
34,职位详情,Java全栈开发工程师(26届毕业),杭州默蓝科技,杭州,100-180元/天,nan,本科,https://www.zhipin.com/job_detail/4f2169746dbc653403Fz39y4FFtV.html?securityId=MnenoMeV2T5KM-d18X6fNw8Id1vfmDPL8ITq8Qno2a4M4D7lBYxKJeyVw7w7XYZPXHYecdm7vNWDpj3Aay8GmfvmNq3cs5Z-PADW7HpJveICuNoEo8uzIMxGgr13jQaksxdaKJBtnz6QXw~~&ka=search-list-1yGQl9q2wIO.search.35
35,职位详情,全栈开发工程师,杭州泰丽诗,杭州,10-15K·13薪,3-5年,本科,https://www.zhipin.com/job_detail/f459c9cb57785a7a03d82tq-EVdY.html?securityId=Bon9IjEMWVRV0-H1-o2LyzJcZ0gcOfZ2AZAoZoZlPREjlURDET2KsKP1Bhd_YnTjkO3rz8pFnIPPQOBjHmynZqgd2zpiuF7VnKJ6yTj1IdrK153e9SprIvgLYUEYt2_a8GeJ65HYprbRTg~~&ka=search-list-1yGQl9q2wIO.search.36
36,职位详情,技术全栈实习,天识科技,杭州,180-230元/天,nan,本科,https://www.zhipin.com/job_detail/31c85d72cae329b91X1z3du6FlBR.html?securityId=BHxTvGoYwaGtm-c1_DImEqOyJPA-s9fK4gXntsHc6pSbGtrww_cM0L8m4l1feCqWjtgEtsbSXclj7C3YDt53xqcZjo3hG_LMGSFnxEV2iGEVgIL8H8jAvUa1jPbSdqlJ7WOgDv09eqZZ&ka=search-list-1yGQl9q2wIO.search.37
37,职位详情,全栈开发工程师,杭州易和,杭州,10-15K,3-5年,本科,https://www.zhipin.com/job_detail/6eb35c9aed7e735903d70tS1E1BS.html?securityId=hcrTZL0iI3ENc-01KADrr9u2n1S6s2Rg65b1uJjAr3mdG4LWAPUrZwDuXu0tFmwXXraRBhB8TbiCo5EFpt01t7gA5ndJf-bBWvSgNqY6yxy_3H1sd5bQL3KS-rdkOiqdXcNtnV2pSA~~&ka=search-list-1yGQl9q2wIO.search.38
38,职位详情,网站全栈开发者,南方置业,杭州,20-40K,5-10年,大专,https://www.zhipin.com/job_detail/f682ddf5f8796f081nZ82NW6FlBT.html?securityId=hju9LgxTLi1gr-l1XwNGdImRIR6irIko9Od2sQA94THFKmnys6HczWY80lfoTdLz37A0NPB16zglvcmC9o5kc1rXO_AebeM6kLX024KHNz6CCw7_R32GeljpueMBKpPxXbbmJrYSHUeJog~~&ka=search-list-1yGQl9q2wIO.search.39
39,职位详情,java全栈开发工程师,舍非时科技,杭州,9-14K,3-5年,本科,https://www.zhipin.com/job_detail/f90a3b0603e694de03J-3t-_E1NR.html?securityId=BbmJigkSwgIRN-D1kjZlyJmPqxVlL8C2CFoQ50c3-nPq6OkdxTsDhChjx-jLlAmMEz1ht0ReONDp73Ncg3MJDnEnua5_qO1jvtdhlaKJ1T3FstyQ5VfkUBakSRwVo5YUbd9UARSbVj32K0GlIkM4j-vGaXyXdbuNZTqHibbs2Z-ahrfGVQ~~&ka=search-list-1yGQl9q2wIO.search.40
40,职位详情,全栈开发工程师（银行项目）,软通动力,杭州,14-17K,5-10年,本科,https://www.zhipin.com/job_detail/76ca3b12e7c0fff303J72tW1F1JX.html?securityId=ztpKBInH-Z4W5-11HSphiqE-gt5QAnZbucSfmTHpqcWQUzRglH7MuyNYqShEDHApWUpnBAmAwQ-dLxKutnUHAD9Mq5ABWYjdLxPG9I6rbMhrcclTCAtdEbBrDTczzY3HKbG9iR7vpTuQ&ka=search-list-1yGQl9q2wIO.search.41
41,职位详情,java全栈开发工程师,大连百优软件有限公司,杭州,7-12K,1-3年,本科,https://www.zhipin.com/job_detail/cb210bc1fa580d4903Vy3du4FVBQ.html?securityId=-upoHV11Ym0lr-F1b5iDE9Z-b2wDA6XIGAvNda6Z0h8f_V6roMnCkJOBeGuIzz8rdJet9BBn2G1xivDbyUQ8GuerzCBB_XT0XcOFyK-0HuqimTaQO9cQlw8JlkQ5NMGk_ASbWEH3TnWxDQ~~&ka=search-list-1yGQl9q2wIO.search.42
42,职位详情,广告前端（全栈）开发工程师-Ads Infra,字节跳动,杭州,30-60K·15薪,3-5年,学历不限,https://www.zhipin.com/job_detail/7f84745c3d0e29741HVz2ty6E1VS.html?securityId=P6TkDbxtDOuIx-x1fcFES_KcnAGV1-lRInQgxt563gKtuLKke2bTg9CBY70VV5YvqJNrUgWhnYMtFuUx75NBXOuz876XWkC0EVypBK3W4x554yHeypAjpJjf122nwFuRH1zlYuvIIBYc&ka=search-list-1yGQl9q2wIO.search.43
43,职位详情,Java全栈开发工程师,砺剑石,杭州,7-10K·13薪,1-3年,本科,https://www.zhipin.com/job_detail/67b76a103010dc2e03Z43dm7FltR.html?securityId=fmPuCpM2R3Swk-o1Wwvzjvp07z4_lEonK1vdMy3M5sZtoOx7WvnYWxEmit1jqZuNuXTiyyVQLDp1xpbeGKYQm6BM8RK62IvpI-iPn0HjGHXhI65pebBy4RpSdVCpHGT14rFiFAcCMw8VTQ~~&ka=search-list-1yGQl9q2wIO.search.44
44,职位详情,全栈开发工程师,滴滴出行,杭州,20-40K·15薪,3-5年,本科,https://www.zhipin.com/job_detail/8d71e8a0763eee400XR43Nq-EVU~.html?securityId=ZtWMsFYOj0blw-T1V_TDNzQjB7QIwY1xM2zfH3ffNpVSI9ql-OTxDyZxFjTRlRl_M5EVzVweWmtqbvE3BYu3x7cbtkFPmAk5L72CqMs27tF_JWwLI0iYXQwyRgYAsk2O4oRQ1ug~&ka=search-list-1yGQl9q2wIO.search.45
45,职位详情,全栈开发工程师,浙江南面律师事务所,杭州,10-15K,3-5年,本科,https://www.zhipin.com/job_detail/888705e567f25b1b03B40t6-EVFQ.html?securityId=hv0tmlrJiwZGc-p1VlCJtxeD5Lp5Ce1IRl1NQwKa3OXwhYK6Ns-ohcWBlFZMU6DDDN8NnZOVEQO7L9OC0gPAVKNOsw8i7gsfzdHwJyd6jss4LQXrUsct8GTOxGeJF5k95A8lmndANJlh&ka=search-list-1yGQl9q2wIO.search.46
46,职位详情,全栈开发,启悟元智科技,杭州,20-50元/时,3-5年,大专,https://www.zhipin.com/job_detail/2994620c55c2a7de1HB_0tu5FVVQ.html?securityId=7VCnxXa7uQbXW-F1PIsks7NIjWANbhmWU0Kl-9-LBgNv77lVvTy2s0WxeW-26aBNSU5paqO-uh4uJUUK63YW08vgEk-ayxOKeJOa-X7_Y8a2C0nZS64iCXk2SYLY7vVRr6cIoqsAssU~&ka=search-list-1yGQl9q2wIO.search.47
47,职位详情,PHP&GO全栈开发工程师,杭州大步向前,杭州,18-22K,5-10年,大专,https://www.zhipin.com/job_detail/06173cd97eb1f86203F-29-_EVBQ.html?securityId=te7UexoFsV0jT-w1vWi20h2Wkus68JcZL0TyAl2YIdKluq7BVU5_jj74l2LXLx0Lj6SDYBK5yukoSYQJmj3VS22f7YwFZIC4w6AKrDKtBnC0FV5XDGw4v9YxffeUnonl0-MueZIluzwVcg~~&ka=search-list-1yGQl9q2wIO.search.48
48,职位详情,全栈开发工程师,浙江清大科技有限公司,杭州,10-15K,3-5年,本科,https://www.zhipin.com/job_detail/42bf28ff43a21efe03F83964GVVW.html?securityId=iqNaUZm5_oyfG-T1Wc8ecmaeUC4w0IGSdDjtLSFxDZgCkYX_ZLxmubyT6rrxMhYbrHvja7oesq7K1mCGspnNAg41A2CfklGO9M3p1nx0j_gn6R_jaYMMdF-PwGyWSI2DnfC9tQLaVOM~&ka=search-list-1yGQl9q2wIO.search.49
49,职位详情,全栈开发（remote）,某计算机软件公司,杭州,30-40K,1-3年,本科,https://www.zhipin.com/job_detail/cde605b64570683e03B90tW1FlpV.html?securityId=thxr32HVbnTYE-K1gLK8cX54mCM0P3Dp_dqe2zNVZe85p7R8Oy97e26Zi4CSnHZUdaB7mnRlaNxfIkF_CBzJLYUxptyKKyi5NnVgThxE3zF5HF6y65RyNvrwQiyDKko9qVz7Hbmd7SDD3AUZ8fArxT3fveq_Q16kyT5XclVThGpR_Ozb&ka=search-list-1yGQl9q2wIO.search.50
50,职位详情,全栈开发工程师,天芷,杭州,10-15K,3-5年,本科,https://www.zhipin.com/job_detail/9272c6ca370d651503B_09q6EVRW.html?securityId=xlT0Ff-QmsiPl-q141Hy5FRPLKejNHN5uvacQLMrE-w84dv6g0sKUs-3hKHSmogJAYYSIzIehUPeey4Ic9GZIvbZiVNp-cg2WseikETXo-GgR5acUW9PofVGAPHLhTWTVvRDlrX3yclE&ka=search-list-1yGQl9q2wIO.search.51
51,职位详情,fullter工程师（java必须）喜欢技术 全栈,杭州兮极科技有限公司,杭州,5-10K·13薪,经验不限,学历不限,https://www.zhipin.com/job_detail/a3b28879779baae103Z429S4FlJZ.html?securityId=xo9H5L9q4krYs-S10diHT5h6UkCLzQeH4rx4xqXjk6w_pYRfjkFIvWMsEbUno-Pgo2KKNjOybzh09Ry0Oba4pqo90ee1X3IQiH4X0npKBOMf3SbZ1Tx0mZpFNF_Py4aVJ4aHDQwS_tKKfw~~&ka=search-list-1yGQl9q2wIO.search.52
52,职位详情,【急聘P6-P7】Agent全栈开发工程师-杭州,阿里巴巴集团,杭州,35-65K,3-5年,本科,https://www.zhipin.com/job_detail/91fd22c42d4972f103F739u7EFRR.html?securityId=lpICBafs6xHm1-l1ergWHevpkCwSZ0uMJ1Cw7A1TcTgiw-iBKbea0qnDooa7n7t0B0e-V1gwDrm5vwaYnfNn_M2QcL2lZSl8xSAK0tPj-6aOl7ctvAXg5HW81WJarTHdP2oVlw~~&ka=search-list-1yGQl9q2wIO.search.53
53,职位详情,App全栈开发工程师（Uniapp+PHP方向）,杭州久良公司,杭州,15-30K,3-5年,大专,https://www.zhipin.com/job_detail/aeae4afd62255cfe03dz0t2_F1BT.html?securityId=A4dF1hPhT9SKi-K1TThHZe64QnJFMYLl9dggVivvatSbLq-bz43qgjHJdbV4iA6J5TyGEzN0HLGUDUx0rySgHw-uwx8mmSS0-QlfW2n1g6pnLaV_K-NHj2O8QVhztkVogs1h0y7AWDZmVg~~&ka=search-list-1yGQl9q2wIO.search.54
54,职位详情,蚂蚁集团-前端/全栈开发工程师（AI方向）,蚂蚁集团,杭州,30-60K·15薪,经验不限,本科,https://www.zhipin.com/job_detail/3d5fcedbb915e08a03J42t-9FVpW.html?securityId=3SbxaqXMMdeLC-019ghYudztYaIzv67s8iv6mSEMsjDz95kVBQAw2n3miQcLYr_jDyg5c0rGAR3HdcHZRwOdFJ3HZenndTHvBF-9j4nUV-t__P2WGFqNpPZN5sI_P8p0vSbvf_-MepUto0zNSHtLOL8jSCk4k4flaijKSz8SlxeGTC8uGQ~~&ka=search-list-1yGQl9q2wIO.search.55
55,职位详情,全栈开发工程师,闪铸三维,杭州,15-26K,3-5年,本科,https://www.zhipin.com/job_detail/0ebb16d729ef6aff03By09u8FVpQ.html?securityId=outi3tK0tlfCX-11RxPtXHkgbkuGBTATT03alASOCZj9f5P6IVJryITpJD2KjHynxcaVIQJFQ5SE49xgz3B4ZbkEIkUAzWgJYojgaISs3wTC9-7FE4-VywE_d6d94nuJIbhv4UAag44~&ka=search-list-1yGQl9q2wIO.search.56
56,职位详情,中级全栈开发,长治启源绿电新能源,杭州,15-20K,1-3年,本科,https://www.zhipin.com/job_detail/11588129709bf68903J_396_EltY.html?securityId=t7KQWDOni6ZtO-H1SV59wau3QvjLJLTeYHkTNZMdeV5MjtoFGlR5U-Dz2LSfIzLsIfBAePcMDONvBcPhlsAccmkU-_dnbiUWpX8RSw0150CrqZC0HxIx-CXh-6xxD32E6CP7cfN8mr4aAw~~&ka=search-list-1yGQl9q2wIO.search.57
57,职位详情,全栈开发工程师-杭州,中科朗智,杭州,12-13K·13薪,5-10年,学历不限,https://www.zhipin.com/job_detail/d806fa953b71497303V829m-F1JQ.html?securityId=vt82swY676eEd-c1ZJfAfzof-ej3VGYGU7tt9FIa3uYx9qoqP-WSTUdszYd9390nVGKADIBezigySELkNLNGXSAeyjBMMCEBnxcRjppAHwWgX9Q2liy32PGUwx3XTcFn1UN5EYGvM2U~&ka=search-list-1yGQl9q2wIO.search.58
58,职位详情,全栈工程师,某小型人工智能公司,杭州,25-30K,3-5年,本科,https://www.zhipin.com/job_detail/688abbe65de3ce7e03d-2dy9FlZT.html?securityId=tARSCKFP7HpMI-s1kaaqcizrr9fOM1_sZLUjqnCKPeZRJm65MCLUamzH6boKll1ySazPme-wLpdCGgdkx3aU1MDH3mI5mWx7vy90sfGUje51TeckqRCN8wpa_GaS-e8pGhD7xr1j54Twnw~~&ka=search-list-1yGQl9q2wIO.search.59
59,职位详情,技术合伙人（全栈开发 - 具有AI产品思维）,掌柜乐,杭州,16-29K,5-10年,本科,https://www.zhipin.com/job_detail/d20490a91a6b542c03J40tq1EVtW.html?securityId=ySZ9zcSTJz2UW-41vJAWqMaQMvyDbDEOSE0EzmcgsBg0M1l-s8Ho8x4NWs6rAv8om964DkKdINu1RkRoYaDTvsivJOc2r6PKntrB2ve3IGXR3tAALAUH94VJ773isduWY0HktPtaNO2g&ka=search-list-1yGQl9q2wIO.search.60
60,职位详情,全栈开发工程师,颜云科技,杭州,15-25K,5-10年,本科,https://www.zhipin.com/job_detail/4946cdb6c5c83b7b03J729y5E1VX.html?securityId=1nNlv3gIX9OXo-x1eDxPPKKB6KrKcEdr9epqjoPHMuZGI6f0makjxv7Abp6v8eq86UuC-ki-lf5rI1mjvTfYylIH7ro2QJjoTNEEQglPvl06Y9EDhA7XhjAguQOKUkoQFszuCSdITtwG67voKrf7chv-aKI-uL51riLyagMuoFhu1LP5&ka=search-list-1yGQl9q2wIO.search.61
61,职位详情,全栈开发工程师,数造云,杭州,8-13K,1-3年,大专,https://www.zhipin.com/job_detail/37f67a29f12d196a1Hdz3t25GVVY.html?securityId=TiOr156klFh6s-A1Z0WMaXd6M4K8x8mi8UiVIp_rShoYSwSvcwLpUxvIcFPIpDaDGga8qsOLmrJ2eyaCrPk5bsCCegG5iztE50e5SYc8nVFPzphWn8cZblf8KsimRSS5d_bM7NKAEBJw&ka=search-list-1yGQl9q2wIO.search.62
62,职位详情,全栈开发工程师,某大型互联网公司,杭州,30-60K·15薪,1-3年,本科,https://www.zhipin.com/job_detail/5213baf23ea92c7703Fz3Ni4F1JZ.html?securityId=mUMilcJE8w-f5-K1lThVm2FiDHPujUH_KH00qm9qvvSHwKNpzyc87iGCImo4i4_egWmFtlsKsmtRso8g4d9obUb0btNsFfPWpOF1vObejwV-mVID19jDNmZ7kiwMzmcYOsxE9_E7pZPDdg~~&ka=search-list-1yGQl9q2wIO.search.63
63,职位详情,AI全栈开发工程师,浙江湃启科技有限公司,杭州,12-20K,3-5年,本科,https://www.zhipin.com/job_detail/7e2d95f912f6031b03F82t69GVZU.html?securityId=UtwMNRzkCyZT4-E1jvCRL8e0Lq9xtrskgF88DQ-snfbI-lqtOemOWG04qOIrQQmbO9j1-vh0qGZ0OifrpWc6tD--8B-8jocWvlUIcIFdfJQrKkasAtjw4J2QUORZM_-D3LSHEO0z_wgK&ka=search-list-1yGQl9q2wIO.search.64
64,职位详情,高级全栈工程师,天赐宏业,杭州,8-9K,1-3年,本科,https://www.zhipin.com/job_detail/cb7ffc740abb2d1f1HF42tq4ElpV.html?securityId=nySYSe4veS2eR-R1pzwBavoAtjrpqsEnuxTYM_NdZrS6-u7d4nWfklclv4koIDofrIuzqCmDPK6QCAemOrHKVYeDwQ5GZMDyEM-A648CfhtPJ58KhhO5UbBZ1Wf7M4XZVjGL2rXhQlq2&ka=search-list-1yGQl9q2wIO.search.65
65,职位详情,AI全栈研发工程师（杭州）,晓多科技,杭州,20-25K,1-3年,本科,https://www.zhipin.com/job_detail/4c1a1b77abd9c22a03Z62Nm7GVVY.html?securityId=T3Rl2hMhu6VXQ-Y1P6VZNxInU6cUPDrhOqPXo5EcZ2ORqV_X5XqspsToIvvULFtS7Qhct1-FD2vdoF7yHk3r5sMU3QXoupGSeZGkBDTw_VWZRtMLDBY0I22ETnQ_GYQHzzg8bCrc9F4Ek34fdzcx4cVf-Z3s52ocePqxiFv5EWplr5s9&ka=search-list-1yGQl9q2wIO.search.66
66,职位详情,初中级nodejs全栈,杭州冰虎,杭州,8-13K,1-3年,学历不限,https://www.zhipin.com/job_detail/c00d61e75088ef0803J-29W_FlVY.html?securityId=R51TLwz7HjlrC-z1AO_V1za0jYUzmXLls5o2cb454GmXYC4vPEs9Pl-JIl10y93kKQoxnjPL1NoKEaoN1_36XLanhfao9j25U-QGV2Ue6a0mZ7ZJHjIothARGSuiVIA_CnyDgTkIbrs3&ka=search-list-1yGQl9q2wIO.search.67
67,职位详情,java高级开发工程师（偏全栈）,杭州新纵横物流科技,杭州,20-40K,3-5年,本科,https://www.zhipin.com/job_detail/b5e4cb70377e519203J829S_GVtY.html?securityId=novw9BOaqZ0jJ-31K1PshKlld27_1XbsYKPPRsxFw967HiY41Sqt75-YTF8xFEzHydIcjfa2h_1IRdzR1UQB2YS02hrnRqtfU0dOKribRPdj8ya2ozbElAzpshVAHXT4n1haBR0-bXlbNw~~&ka=search-list-1yGQl9q2wIO.search.68
68,职位详情,全栈开发,多泰科技,杭州,10-15K·20薪,在校/应届,学历不限,https://www.zhipin.com/job_detail/a123082de702f0240HRz3N2-GFM~.html?securityId=KrW5pPh7yrWVq-f1kCoODMoYsvLrrkRlrJUfWcA7nuhATONTpDl6-0sUQSSy5NQ4pmTL7iaFykzAPiM2jo1oEiAbFfAxZyqQd70-98r4YcIMdAdJEDfq1XV1yvP1Z2aYz_uRIU0KCA~~&ka=search-list-1yGQl9q2wIO.search.69
69,职位详情,全栈开发工程师,慧博云通,杭州,13-18K,3-5年,本科,https://www.zhipin.com/job_detail/976895b3d3c849d503J52d-4FlNV.html?securityId=9ntGoU5HXsUmI-21Dj3czGkzcfbUsqaP-KkTfGdhe1ejuBOqg2wqm9kmHyi2uNr938pzmE4V-jjV3z2Hbyv62kZfqzho6mYTBJZJgX7GK3rillfaNW6CyTFOtglSTWtWw6esCWCEjw~~&ka=search-list-1yGQl9q2wIO.search.70
70,职位详情,高级全栈开发工程师,掌银物联网,杭州,13-15K,3-5年,本科,https://www.zhipin.com/job_detail/cf25b73c186aad261HNy0960GVRY.html?securityId=-efCMAJi5g_mC-z1kUEIQ3thnzBxShJCjuvH9CXa2eULrptOGePC4rdIviaX1Lm3FcPxxZEEBJt8WhmACvnetoXPMGc1vFyIJhM2LcFeLxj8FcDk-UsoSrWo1OyThsffl6zkLa8K_SY~&ka=search-list-1yGQl9q2wIO.search.71
71,职位详情,全栈开发,迈宁科技有限公司,杭州,1000-20000元/月,经验不限,学历不限,https://www.zhipin.com/job_detail/e9412a4c71bd83b01HF82tm0FlBQ.html?securityId=VYYrGtKanV53w-g1OYT_4Ni4eyNvZKDtKe67BP7btVnfOc2pi4oyizQOPPkz5jT2RSdvYdosD_g4NuB8z8HZUXHHQ_szSTftu8mXrRj0WWgVmqyfBSaFYBwUvP7qocWi3u-o7xy4lcMi&ka=search-list-1yGQl9q2wIO.search.72
72,职位详情,全栈工程师,时光堂,杭州,10-15K,经验不限,本科,https://www.zhipin.com/job_detail/ef1dd815ff951c6d03d53d67F1dR.html?securityId=oTg97ibKj5R47-f1mgiW-vifqRGM3wiaJhdXlHwfwHL_-FJJdA5Rrxtu8ZEyON53LcJLLaf00FAOuPKjy8ReGHA0RfdYPL6ekTR4JMIuMh8hjg9zpHn3uqREzk2FUF3KytmkJd5ag14~&ka=search-list-1yGQl9q2wIO.search.73
73,职位详情,Java 开发实习 全栈,盘陀,杭州,150-250元/天,nan,本科,https://www.zhipin.com/job_detail/d85d1ea13b2dd9f51nB_3t66FVBT.html?securityId=8z1sDpjnaz44B-11uZMx5pIKtntwJW-YNyVwieW9yYOk9gdTv6wSRN1iC9vx0EuBn3IcJvRcVnGec2oX3NpIcaDpBWoLg6X7gGjJ-wIBzn_ZW1UV2ClXaszaB0ms8WJdbihmkFVe9R0~&ka=search-list-1yGQl9q2wIO.search.74
74,职位详情,高级全栈开发工程师,励得科技,杭州,300-450元/天,5-10年,本科,https://www.zhipin.com/job_detail/134861a4c1cf3efa1H163d67FlRQ.html?securityId=vt3CG2kfHOP1k-E1ZqcABlsA_BKM8_4S53mJrYD1uJu6fORqutvs3UANaZZz08M53xKHQx-YcHHJItCM7yuRMJfMRJJ0Wmg6verfihIQ78gYX2Ec_t0EQoaNdrXlCneha70CsdxvTQ~~&ka=search-list-1yGQl9q2wIO.search.75
75,职位详情,全栈开发工程师,邦睿科技,杭州,12-20K,5-10年,本科,https://www.zhipin.com/job_detail/3e7be61dceac8bdf1HB-3tm9FlRW.html?securityId=LGa1kTmM0EMNW-d1yUXhQhmrJ_Hkc3_F57cfLSunSRaaNVw7ma3VvF9NznTChbezF4ULnF_IEdbviW9Db8ZDsTecboU7fHmX4mPUl8COX6E78hsSogso7MtvbsQ1JYXn9VXNyKdeIpTCBQ~~&ka=search-list-1yGQl9q2wIO.search.76
76,职位详情,java全栈开发工程师,银信科技,杭州,11-18K,1-3年,本科,https://www.zhipin.com/job_detail/68d8b8dadd462b5e03F92N--ElRQ.html?securityId=kjqXLnjMp9reB-e1_LqL_DKNQg_tQQG_seVPMmSHVtiBhu6N_Sf5LhBEmWtoOQ4ITLWkWIC5qPXUQ1xK-IRA-bEDZylBacsf8snN5MhrDz78nRQDEwVUoqQ_nMme-NJllBGcYkEQVw~~&ka=search-list-1yGQl9q2wIO.search.77
77,职位详情,全栈开发工程师,陌远科技,杭州,10-15K,3-5年,本科,https://www.zhipin.com/job_detail/c87afeb621afb3601Hx53dW4FFJS.html?securityId=C0uhHNiXn2jhO-L1_-t_mJpvopMw0l4jv13oXTzxEtTFhxQIx2VBxfLTbhxXvU8VGoDFht1Wp7HsF2jiW03BWAiotSG1aJ7oz6Fb6DK3B_m6Pu3IiAWu0NGAoLCxhPhCFBKT8DFC&ka=search-list-1yGQl9q2wIO.search.78
78,职位详情,全栈开发工程师,浙江海根,杭州,8-10K,1-3年,本科,https://www.zhipin.com/job_detail/6ece67e9740247f203F_3Nq7FlpV.html?securityId=Fd4uD5yzy7CEK-G1HQvwFa8_QLx-nEWwqAvLIkDCKwi4Zh3M3HLmrn9lH5XZFdQOA_V35lbNYWGuUFDpAVNHaKraYaPgp7dNYQshPfGGKtBaeE_JlXCZ2bhG8WdVQeDkfoU7nRolpKqYew~~&ka=search-list-1yGQl9q2wIO.search.79
79,职位详情,python全栈开发工程师,七华软件,杭州,10-15K,3-5年,学历不限,https://www.zhipin.com/job_detail/d1c5559599628fc71Hd909-4FFBS.html?securityId=CN1zcnaj9fe4R-p1rFUO5chu15NZ4qGCLr7KniwpdzMv-CxzH-cpPaFNgPvSLLmYvOtJlGDVF9oxK6B2QloNK02M1uQEjWAhbwheKR6_MDOU_eGVj6a1zuc0e6jUcBIVRHrGsCpl8liD&ka=search-list-1yGQl9q2wIO.search.80
80,职位详情,全栈开发,智买人工智能,杭州,25-40K·13薪,经验不限,本科,https://www.zhipin.com/job_detail/44edbaecbd1f315303Z43927FlVR.html?securityId=_WZZUqlDYFx9n-T1-me7fC6Gs2_RgfBM7MPAN3no-Qj18qGsbZeNlOnL0MLuKISDDIfGZP-y2qxRjfbLutCypUOuGISE7JmOoyBpxgRJdoicD2IIWJrm_QnQzbu458btTg3lfF5Pckpq&ka=search-list-1yGQl9q2wIO.search.81
81,职位详情,高级全栈开发工程师,疆智科技,杭州,18-25K,5-10年,本科,https://www.zhipin.com/job_detail/fb2ea5dd823b3fcb1H1z29W5E1VW.html?securityId=nmlY7xJTQ1gRn-S10LDKuiFKQNc1iHIK-s80Kgyu59ukrrawymNWXLhP7529NNtIE-wdUzKYabmu86oqaSj-56guedO9LmB_VHY3KMKD-XEO7jyVw-WvnUZSQZx9SatsZ8lVYLDEE5irRA~~&ka=search-list-1yGQl9q2wIO.search.82
82,职位详情,全栈开发工程师,浙江谦卦,杭州,10-15K,3-5年,本科,https://www.zhipin.com/job_detail/f6e902e6216d9b6b03F829m1EVFU.html?securityId=jBo9UzaywSzZo--1cm0M4iHFMYU09M8-GpFfGYwRZV4PpXcNTnzfopbZqwIKme4NsCqZ4wuxLZiIatdvP27d9Y42AR6J3LxUUC9eHg7NGmurfdPWoZGX7eKaXuq9fPelVm61soPLOCM~&ka=search-list-1yGQl9q2wIO.search.83
83,职位详情,RPA开发工程师,数字力量,杭州,4-8K,1年以内,本科,https://www.zhipin.com/job_detail/2df9ebdd7616969a1nN_3NS5E1NW.html?securityId=UAj2efF06KUFk-n1DVComhEIN6jBFdPcYBgKf2-R-JKTqz5Okxg_H7Y-XnKqZkX73dfQW1CUMdkEd4G0J46J4MEjX3Ey76u4V19pwhGycgxlX8UkOihSPyj3ta5tpxFHnxJEwFeAVeE~&ka=search-list-1yGQl9q2wIO.search.84
84,职位详情,Php+Vue+Uniapp全栈开发,大渡口区甯沁百货店,杭州,230-400元/天,1-3年,本科,https://www.zhipin.com/job_detail/7fb9c9755696547a1Hxy09q5F1RT.html?securityId=pQHzPbAPIwU8x--1NL66z3-CYHvKNf-LOugcpxg9S6JU6i_oJMGx7fDbjeTxf5rzf1nnyW4qPKAqyPblGjg1uATaq9TbZTZ-PEC6TuBI3xoPxHJPbXlMvvSv7qGeJ3MZq8KBQ7gP5Icj&ka=search-list-1yGQl9q2wIO.search.85
85,职位详情,全栈开发工程师,咸临科技,杭州,15-30K·13薪,1-3年,本科,https://www.zhipin.com/job_detail/befcb918571b1f4603By39W5E1RY.html?securityId=g0oUZhOk7h9Dx-S1i2zkb978omeGHPF2evPA0rwLphWHh0hBKUVJngRw2vLZGg0nYA-oFpbqGQnor3rJgVLx7s5JkgdcaK1letjf6c5C-hc-0J5hwT0cBJAt4NfmEQj_W6zbHzHA6B9-8w~~&ka=search-list-1yGQl9q2wIO.search.86
86,职位详情,Web应用全栈开发工程师,光年智芯,杭州,16-25K,1-3年,本科,https://www.zhipin.com/job_detail/21454edad3c36bef03J53Ni-FlRS.html?securityId=QiJZgL-NGkkdk-x1H42_4b2TT9dusDVt4y9s1HNDQPFWDcOttO2w5kxmCzx-0tC7-KRNCBBj2GMryLrcqWnoDr5F2YwMGnGm8JxgnUw86cmha1ENkOulL9w11YWt5o_TkOch5dnYuJ5SxQ~~&ka=search-list-1yGQl9q2wIO.search.87
87,职位详情,全栈工程师,蛟驰科技,杭州,10-12K,5-10年,本科,https://www.zhipin.com/job_detail/06190aa6b7c6308803Zy39S4E1BW.html?securityId=L1UScRT0dDLXk-Z1oVb_VvFo8yMHbPnSfkL-XNZILTlcFEi487nh6HHyXHAoGog-HTQtmEkCWS3goryPQ4jJp5tMmXaSn-pTUiRX02Ql3ENAiTt4MxpdTf9pjM_tvydAIB2xifo~&ka=search-list-1yGQl9q2wIO.search.88
88,职位详情,全栈工程师,链合盛,杭州,14-15K,3-5年,本科,https://www.zhipin.com/job_detail/1158b3d7727edb851XZ739u_FVRY.html?securityId=6I-nZi-KUozGy-m1melNhs_PA1ICG6zuQUhT76Dvn-QRcnh-8Lj48S9hOuOFnFO-YpC1J7JbH6oJwRmEjCyqPhA-pJzlff8aRehi5nB5ahKCd9o0uBNzJziwMrKDJ26jxMrolFoeBw~~&ka=search-list-1yGQl9q2wIO.search.89
89,职位详情,全栈开发工程师,乾鸿,杭州,8-12K,3-5年,大专,https://www.zhipin.com/job_detail/575f333a6ba15ee403B_2di4GFBV.html?securityId=LThzXhjWO3F10-p1BD0RuPECse-Wm2PZzqv8_PyFAGSywYbtZclY0G52-3wnvy0krKOEULxuFqK0wO0iYmnRaIXIngxa1b1p1RTbwqidqliPejKM2F1_2R5Te0u04twFdigg5QhD3CY~&ka=search-list-1yGQl9q2wIO.search.90
90,职位详情,高级全栈开发工程师（AI智能编程助手方向）,非秦科技,杭州,15-25K,3-5年,本科,https://www.zhipin.com/job_detail/5f9b9f9ee9f9862803d509u-GFZZ.html?securityId=OaWk_sBIAlqr0-H1ocLmz-n3I11eZKaZLzWjyr3KLIfpmwAZ0HaWoBLMwUHViStnFt3fD_DglGznOuAPyspGl0XSI-hJKOS0OXGY35fZ1E9nzCLBO41gia-egpFnGCFA-f8OMmSQ03Ma&ka=search-list-1yGQl9q2wIO.search.91
91,职位详情,全栈开发工程师,杭州时代银通,杭州,14-18K·13薪,3-5年,本科,https://www.zhipin.com/job_detail/822c98020841525a03J53NW8GFBV.html?securityId=lYJQarGMfNg5l-I1R8vd5gPIom79EILj5ZAo_12rD2k2w5QM_mUImR6c-edZAMFY1Ktq-KUllSC1rno_0JaedezzWvV1flHfCuVfWFOoxlPgInstjo7RlMN-tVT9enm4LjzRoJVrdds~&ka=search-list-1yGQl9q2wIO.search.92
92,职位详情,全栈开发,杭州鼎澜科技,杭州,20-35K·14薪,1-3年,本科,https://www.zhipin.com/job_detail/3cd2f3b42361a1561Xx429i9EVVR.html?securityId=LHXBHWqjPSIhw-R1dkbRlk4mzy8E16wZ0K_5Bh_1_67pzm8Mm2hTJaAACSvNNgn_2tv6wbY2UnWKDJg8n7aD_3fOKfM1YPR9pm_9eVEzci9DXP4zy_d07qFsXWnA8xtvCkZDdMCarCkm&ka=search-list-1yGQl9q2wIO.search.93
93,职位详情,全栈开发工程师,华为技术有限公司,杭州,55-80K·16薪,5-10年,本科,https://www.zhipin.com/job_detail/76d25681d17c1fad1nV43tq9GVtW.html?securityId=nFjiXSI2P7CT9-i1BXc2bOvGQK2tLATp5SziqixXp4c97BcSwEcMpwvDj9z4mCKrE9TFK8887iVll2iVVde9L240rmGlpUz4rec47FNT5YLSQoW4nZSFPR4uHe3aZvLCNj7o4dYnDQ~~&ka=search-list-1yGQl9q2wIO.search.94
94,职位详情,python/uniapp兼职全栈开发,上海启之迪计算机...,杭州,1000-1200元/周,3-5年,大专,https://www.zhipin.com/job_detail/6a48bde9052bdb231HZ829S0EFFT.html?securityId=iABhPc-MjG0tn-N1VbumrSIIMwQZ-uG-OimL5MumkSJrAdtU_8mMYIYhEiRIdPp5uSA0mAxpWFsXf414w_96A7GusCfkvMOAKBr65pQaXT76LztashVM_X697aVab3aRTkjKH_YMmOM~&ka=search-list-1yGQl9q2wIO.search.95
95,职位详情,全栈工程师,添亿互动,杭州,20-22K,3-5年,大专,https://www.zhipin.com/job_detail/bf23970f9a77c8c203J439m_FltT.html?securityId=eMtFn73BTbQPC--1DPDGU5kWzasaSuo04SIp1xmGLuRgAmmxwG0-ND2xcfajEXtbQFtrY0fHfdMFf0apWFTZkwv6eimyPCjrGcusSv30wXmc0_h6mDUci12S7xgRNHDWzsp4cjiVeb-J&ka=search-list-1yGQl9q2wIO.search.96
96,职位详情,全栈开发,烽景,杭州,12-18K,1-3年,本科,https://www.zhipin.com/job_detail/8c1a483934dca25e1nR-09S0GFBY.html?securityId=8iEOJJGrQWHut-G1NTwXmryYRpCMgzFx4WBtx0s2UjmAhA34iVjp2UozSbZP1hOBgww1lBw4xa7EBQK8Veb5nRFjfbbX9RWVlXbP9vM_Z5kefaFsmqwttRGtV2r7XddbDCEiIrIXRL8H&ka=search-list-1yGQl9q2wIO.search.97
97,职位详情,Java 全栈开发工程师,点微科技,杭州,12-15K,5-10年,本科,https://www.zhipin.com/job_detail/b6bf3fe36b97ad241HR-3NS0F1pV.html?securityId=PNManOp98F5Q6-Y1QzshwknCmtSlHkyyR8y7c0N48ECqSa1iDiSFKEdOIwUN5fpMtzsLaKBJvyoGTpjDcxkThP0cyA1Jeu9rrBynMVLLLxeFE-cM_l2EHtS7dm0fgHcjsNI-zrli5lE6&ka=search-list-1yGQl9q2wIO.search.98
98,职位详情,Java开发实习生-杭州,网罗科技,杭州,180-250元/天,nan,本科,https://www.zhipin.com/job_detail/c084b304c5b054411nx40tW0GVBW.html?securityId=hZc0KIGOwG0ON-M1ShwXVsmNSGkCv1IKbKG7yI3C3KXg85DAOYBtEgkk4cJ8AvZqYfYFqAJ5UhbejokePaGAJBPX0H_cxbSaXLx2DPi5hIbzYqXk54ncw27jZLQAyZeyqS0pfky5xdc~&ka=search-list-1yGQl9q2wIO.search.99
99,职位详情,高级全栈工程师,杭州联安,杭州,20-30K,5-10年,本科,https://www.zhipin.com/job_detail/ca4f80317bc1956f03V40t-4FFdR.html?securityId=iSf45KGHMXDBN-P1-8JduUnfI_LpEndtJS-USohikmsGC47h-vUtGKT-ULV0Q3N7XqaeXnx-Fk-qY9N4aDmlF5_xgw80uncunCmaTC0xmW7mpfSNYqCnWE29F2uKV3WDz75Tt7egRi8~&ka=search-list-1yGQl9q2wIO.search.100
100,职位详情,全栈开发,臻善科技,杭州,12-17K,3-5年,本科,https://www.zhipin.com/job_detail/20360ffa3538f50f03B62N-8FVpZ.html?securityId=6L2NpTc2-lZi1-q1sY1iQGcVNEKmNRtoh45EAjs2CPTR_zwSxuyYs_9MZiwX6_9yO9DDz9bJwbYqnNRB7y7SBVmTyPYW7F4XE4EAfKJnF2lZ4Mp4WK4hWKK-PBwQgHvq4f5c6yS0Xw~~&ka=search-list-1yGQl9q2wIO.search.101
101,职位详情,高级全栈工程师,加砖信息,杭州,6-7K,1-3年,本科,https://www.zhipin.com/job_detail/39611cf2af362ec81HJ53N-_FFZV.html?securityId=1sxErjMqYRD6x-k1PTJHWksZtaGYz4vLnsIFYOAUplj2b2Gqj2CVhoHePR7IkLFh_0hgkPMBrIP2gWpJhNNnqTd8lGpE5WoNynIOcUyb301VKwFp8BB7DZslsqQpAGtsLab4bt7IrDI~&ka=search-list-1yGQl9q2wIO.search.102
102,职位详情,全栈开发工程师,上海达容创文化传播,杭州,25-40K,3-5年,学历不限,https://www.zhipin.com/job_detail/f2ba6026823fbf9703F_2d25ElFX.html?securityId=GqUmnA8GczXnG-F1lSNdgxdrggiH2Fa6L7BAv5asXWDVegJST2HuEGhKgbdDDN6vGWOJgQzWhsvlSpq_2WpZZNpzbiwJZ86WFgyOIMByOXQWugaiG9WJneiPAj9Ka4_FIENPAc-xx0Rg8A~~&ka=search-list-1yGQl9q2wIO.search.103
103,职位详情,ai全栈开发(跨境电商方向),零亿出海,杭州,12-24K,1-3年,本科,https://www.zhipin.com/job_detail/914fb47780c8335703J409y5FFRT.html?securityId=ZNOCuF9vYsv0k-S15U9f9hIpVM71W9yDcHOvE82GHEQkbdUQJQR4NG9dgIU8CqvTURUii3kPuZhSce7eBLgB1WP4gfrSxFLBhl71BqcL-K6wC-V2_CL-CJNh7LDDti_troWRJtR6CPWzjw~~&ka=search-list-1yGQl9q2wIO.search.104
104,职位详情,全栈工程师（偏后端）,凯瑞博,杭州,12-18K,3-5年,本科,https://www.zhipin.com/job_detail/748e627bf1d76bdb03J60t67GVtR.html?securityId=-yow9chCIK-x_-k1qDC24dIiDuP96pJ7xQc0tj6W3eA5XYT4ws4HBBvreC2hdLrFpCctQtmpBnn-FGI1E5Jhj1WyZJdtW7SD27QWQsrsn5NnQPrBwo1i5sL9jKNXjbuVLsCXiDIZ_ko~&ka=search-list-1yGQl9q2wIO.search.105
105,职位详情,高级全栈工程师,东山软件,杭州,8-13K,1-3年,大专,https://www.zhipin.com/job_detail/d258a45b759f13df1XB93Nq6EFRW.html?securityId=P8ayRD8r1yjox-K10RpI6BV_TwV8K40jk396HgcHaqe0Ek8Uhp1C9p6k2VphZQLel0f1_PLoE0VdHDGWSHuuUqw_JZdMCbTqhnqbA1WYGagJcvI5QdqOgL6qEbQ3BpSSm_FdhndvaJQ7&ka=search-list-1yGQl9q2wIO.search.106
106,职位详情,全栈工程师,画梦网络,杭州,10-15K·14薪,1-3年,大专,https://www.zhipin.com/job_detail/d7b166f75f39c2751nF709y9EVdV.html?securityId=8ExfR59MDul6q-x1Zc53O-1vzkcfSr1zVjzVh49ZlPO_yH7vxkYSgg6SAXN50JJmqH8mXRXayoqLOUYQnHCQojhkPhdsgMhRdtfof2hKldqFSLdU0yf692HoCuaM72y4ll--aORkqr4E&ka=search-list-1yGQl9q2wIO.search.107
107,职位详情,智能体全栈工程师,钉学科技有限公司,杭州,10-15K,1-3年,本科,https://www.zhipin.com/job_detail/6c584343363a0c3d03F939i5EVBZ.html?securityId=TYnyhljMta7Oc-c18whCoDqzBK7aogsXGTkS4hYgYDywgXmFAYMmlm2qZsw51A_yhL8cQgFAA9h-WpVWsxRxmromaEbHwN4iMSlUbQZ-6MG_pO8Yri9LqDnUzfUrCWlqOX1QOSztmjcP&ka=search-list-1yGQl9q2wIO.search.108
108,职位详情,杭州全栈,某大型金融科技上市公司,杭州,15-25K,5-10年,本科,https://www.zhipin.com/job_detail/10c56dcc73bd5c0b03J_2t-9FFdX.html?securityId=QQmUZc7xxt7Y4-y1rJTUAPny_H_2Hm_YpvSy1k5_ldbONWAcs2rGUV5L16u_Th93igkSfXkoZ_J6zHf3oMBaHUyVVJSAePMzpiz2tI6XHdmRJC7Skj7y41EH-Y0RuZFd3dtxf6QtpmI~&ka=search-list-1yGQl9q2wIO.search.109
109,职位详情,全栈工程师,铁公宝,杭州,1-2K,经验不限,学历不限,https://www.zhipin.com/job_detail/83090f49de07a7f91nZ429W7EFFU.html?securityId=95fBiOiqYhi0G-u18czErCVGo6kKNvV_sq7-gonVmaNo38Lanwuxg6SsnZkh0YjU3x9boh1HXvpf47-qiblBozplUThaCVyDoK-P-KbtUoqUKS_n0Ryje0BGkqBGzOA2gZUG42dOurM~&ka=search-list-1yGQl9q2wIO.search.110
110,职位详情,全栈工程师（游戏开发技术中台）,略微出手,杭州,12-13K·13薪,经验不限,本科,https://www.zhipin.com/job_detail/19a931a8a1fc178a03dy2Ny1GFtQ.html?securityId=LSCbfrtSB79Y_-o1xVHOB1Czdm1LJiedIYH_TX_d8qDggMGlL5za_-hdqCayghVM8l90ETvB_02T6cRhQyalt_y7hFJDlyl6cOTQRnKhkZxgLSdwkMoefs3z7je3Oz2awWKNlx2xVm7OwA~~&ka=search-list-1yGQl9q2wIO.search.111
111,职位详情,typescript全栈开发工程师,数环科技,杭州,12-20K,3-5年,本科,https://www.zhipin.com/job_detail/f7fd2f7c736e71d103F809u6EFNX.html?securityId=uD1oER-5mXy1c-a1sXOlaIM7-azRbdbV_iXamq8eCVZvZmHloJIP3Sr3q3eVlDgyxkeGlW8eofsVpCsE7Ka1cvbyUlPKuYApZXSOfyNlQv0dALxe0CUUfeLeyYqBh6ONjAytx2RUj5KgqQ~~&ka=search-list-1yGQl9q2wIO.search.112
112,职位详情,全栈开发工程师,绿城产服,杭州,15-20K·13薪,3-5年,本科,https://www.zhipin.com/job_detail/74e2521f1c239d001HN409-4FVVY.html?securityId=qCcMTApOjWtsr-z1UYSyiH9uAH8Hbg_U7djWXoybALAP_aUhh03ryqItquK2WiMa4GKLyLPjkenV5bBfyX03YVGK8yko2WQsv5UPeM253x0SIdE_UDxjwK9d9YkoLKF3T-htFKq8yDCU3A~~&ka=search-list-1yGQl9q2wIO.search.113
113,职位详情,全栈开发经理,盛康网络,杭州,35-45K,5-10年,本科,https://www.zhipin.com/job_detail/50d9d6083e924f821nN739y9GVVT.html?securityId=gcRTHIH1MzcRv-C1qwvrc_DCIfh5S_lc-lmK5mg9PRik9zpkhwjsyoYofLzUz2NGf3LOagoWf2LiMjG6HTE5wvBiPa-xf7MnJquDfwdVviZCaUDWRHJlLCi0SSFoVvU2aB6mOWYWL5dh&ka=search-list-1yGQl9q2wIO.search.114
114,职位详情,游戏web全栈开发,成都电果创游科技,杭州,14-22K,经验不限,学历不限,https://www.zhipin.com/job_detail/edec20b7ad9db59103J63929FFRT.html?securityId=fb2LiMWb2oVrJ-y1w26SFIHCv5mmCiLjr4wu6BRlURmMTZKctInJe0U9Q7juD2CoUF0XBLQl5mPnnIukuOy4GnWTNLe6KWWnz8wOOlFR82pUUO4lYyuPC21oySzVO5KEjIRlegYCYeYF&ka=search-list-1yGQl9q2wIO.search.115
115,职位详情,前后端全栈开发工程师,瑞邦科特,杭州,11000-13000元/月,3-5年,大专,https://www.zhipin.com/job_detail/3bf546894c6059a703B90t25GVpY.html?securityId=nwI1kYLNnVP5l-K18Im64mKGBo4VMRQBK3vi7q7cQ1zY73tQw-GraFHrUB9dOHalmo-swWx8N20uNACwdU845bCZtx7hGKmJ9AIBwnv1-5jUB7nJTnX-rHpObwgNbn15A3Gz5y6VnHhZBg~~&ka=search-list-1yGQl9q2wIO.search.116
116,职位详情,java全栈开发工程师,质心物联,杭州,14-28K,3-5年,大专,https://www.zhipin.com/job_detail/8899eeef473061c11HF80t67ElVQ.html?securityId=i4pWCcy9Zuy6t-B1EMeCIa8Wy-DChv6m-yLzT2PT8dEsyKhdvVEXNWA2IOSJestHOYfoMWbp5OBHBuMHF4-1nPwrPpW7EaBGi7PvJhHR_cAd2B7j1lSF2C4WiFbxY0XLYthuVb2LTq5yaw~~&ka=search-list-1yGQl9q2wIO.search.117
117,职位详情,全栈工程师,泰隆商业银行,杭州,20-40K,5-10年,本科,https://www.zhipin.com/job_detail/876097e0261459911XZ80tW6EVtZ.html?securityId=tT7sdnsGB6Kjj-r1KkU125BMvzds4V9EuyDVpixoAToZsiaDxKGoM0NxJGm8aL--qBAeHnJPJiK_uQUedhM85wa-uljkxbU038QWFadl62D9Pj3Cvv7wKjaDkYj4uWk-CnK_C64A&ka=search-list-1yGQl9q2wIO.search.118
118,职位详情,全栈开发工程师（侧重前端）,宇斯人工智能,杭州,12-20K,1-3年,本科,https://www.zhipin.com/job_detail/c872ade69d8ddc9d03dy2Ny1EVZU.html?securityId=MSdOiOCpTXA0u-p120yXdAVSv65xW0lJDqwtLDE-pI6CrfW15225QFnfxOTPfIiOTIiToXuY4xzoHAcBUYbTlN-6gaLcnAAmXLD5d7dJbya_joPbgxZWQ6uQ1raYnyqjvHwbDdFtj3E-VKt-aeJiXf38Hop5K5qS7VYA1gvoUK97L4YHdA~~&ka=search-list-1yGQl9q2wIO.search.119
119,职位详情,全栈开发实习生,晨风清兴科技有限公司,杭州,150-300元/天,nan,本科,https://www.zhipin.com/job_detail/c04afa5887b6cad01XNy29m7FFpT.html?securityId=G2_mhTYQZDKAF-U1LaE5jknF-gBEMYACqk99cQfXr25-0ADHt_POEQ8HnlI9-r7Y8KBlNEvzXLZegodTcSC5KKzsGmcXTI9Hpzex-Ob3Y_33LkMWmKN_glQdJwTw6hFs4nJLjaccI0sR&ka=search-list-1yGQl9q2wIO.search.120
120,职位详情,全栈开发工程师,杭州小黑力科技,杭州,16-26K,3-5年,本科,https://www.zhipin.com/job_detail/6f27602148027e6b03B52Nu0GFBQ.html?securityId=YwrnCAKyBRLVi-M1XveZExm9DRlxvRhOupWzIbkR6CrKt-ascOjZbUWqmXfw5mn52h2ySogckdqPzwBvNqPBkitUC8ZakZHEXFqw5JZVK4A-Pnk8Gi2PgFz2hW21m_z_R5lmU46Kb7ihWw~~&ka=search-list-1yGQl9q2wIO.search.121
121,职位详情,java全栈开发工程师,松格科技,杭州,7-12K,1-3年,本科,https://www.zhipin.com/job_detail/36bb6720072f08a503d929W6EltX.html?securityId=Bop4v18cSi_DT-t1Hg1U0bqWTmrpQ6iI9HyIWM964XIt9vjcK40NPwCo46VYSRVCR65dixYPtG_aoMs3righYTDrAuNCdxq2Ob9-Kib618IOsoIwjBv88diCyuMBW1hRGcNRVh_jpHLDnw~~&ka=search-list-1yGQl9q2wIO.search.122
122,职位详情,全栈工程师,鲷鱼科技,杭州,10000-20000元/月,3-5年,本科,https://www.zhipin.com/job_detail/4cc48f6db52a731a03J639y7GVNX.html?securityId=eY9nNPXg5xdSM-51-5sl7ChFUxMerKxk9EEv13Dodo45yrw1kX1J1Y2vqebTzk11MwcPuPLzn-TeHYGgNN9FcnjLoKODS2pQ0kqACL_PsXdv6e47EGY4RxOX42xOBvlbty1u5MbJXLiX&ka=search-list-1yGQl9q2wIO.search.123
123,职位详情,全栈开发工程师,杭州龙特星辰科技,杭州,8-13K,3-5年,本科,https://www.zhipin.com/job_detail/9da383bf90f2390503d83t25EFdU.html?securityId=DbmUwkWkl2FMX-Z1BI0Hj0EC0vIi4Qs8tB-cXlkjOUb6bjh5HZsAiVqP6w5gijSmg6O65UBcn_zBgzN0aXzMIJ6AGDrID126AUkQBQWFjjY68NsVD8G2vQ5NeEzeSS5rRy9qyvC9otCL&ka=search-list-1yGQl9q2wIO.search.124
124,职位详情,全栈程序员,杭州暴燃熊商贸,杭州,10-15K,经验不限,大专,https://www.zhipin.com/job_detail/cd774c9152c379111H143NS1E1ZT.html?securityId=JHJMXExP8Vytv-41a5JXAPGKNq4IupkK6HaaRgSnz_liZtMMBOmcAkeUIqgxXEPNw8fygddmPEqvmgZkxZywFbnup22G8dHySMVPtMuRAT6nhsRNvKA-kq2w7HdOsGK9irhsTFT93nzt3A~~&ka=search-list-1yGQl9q2wIO.search.125
125,职位详情,php全栈开发工程师,亿家千城,杭州,15-20K,1-3年,本科,https://www.zhipin.com/job_detail/d900486ab765b1b81HJ42dm4FlZQ.html?securityId=d7oA18kOWYdL3-21y42Aowb0Al99CJRwMWjLJbWsB-qHg31dHNr3en27ZZ2LKM8KUVs0-TchetxYyW1XSiofpOA_Q1XxX6dAbnYWuWqBFki74CjTp5n8TLnAgCyRuGrqTRZZe9zIUnQlCA~~&ka=search-list-1yGQl9q2wIO.search.126
126,职位详情,PHP&uniapp全栈开发工程师,小鑫科技,杭州,12-20K·13薪,3-5年,学历不限,https://www.zhipin.com/job_detail/abb3a2daab1c28231Xd909S0FVBT.html?securityId=CuxqQoUKk2djf-s1KV-DSB3xh1C910QSNlIUTd5ijYi1yq2FoM_AO6tjdNh53GmiFEfxXyPqVltSIer9RoXJm0PfSrEDfcbSqdZjm7f9tRad1tX1XHF-5IHDecaNlYnilaeXj6Fe5MJw&ka=search-list-1yGQl9q2wIO.search.127
127,职位详情,全栈开发工程师,沃瑞电力,杭州,7-10K·14薪,1-3年,本科,https://www.zhipin.com/job_detail/995b30ecd443e57a03By39-7EFJT.html?securityId=DMIMtq4CQws4P-t1j4fjQ8qOYuwvC4Dg6ElhNZEigqtfoXfi7pCCrYWXWQoF6nexhn5X_oe42MelFifEyqIJsrAEn1WFs4bpuTvWgl_mQT5a8o6bdApNmUfwSkWqZrR6CFwIFiOeug~~&ka=search-list-1yGQl9q2wIO.search.128
128,职位详情,资深全栈开发工程师,杭州事不怡驰信息科技,杭州,150-200元/天,3-5年,大专,https://www.zhipin.com/job_detail/6eae5be5fe42fe7003By3Nm_ElJX.html?securityId=A1HDtpir9w6JL-v1OacoJvOwN66e8MuUKDJ3IdVDNv9pASvDA6mpFhOf-SXkJKFfrIoiqS40kvuHU8y92IApcFN03A3mED7GHLm1kAFipmJOk7EtWVgF924bDlY65D7Zq1ZY6mRvBO9bsw~~&ka=search-list-1yGQl9q2wIO.search.129
129,职位详情,全栈开发工程师,中智达,杭州,11-20K·14薪,1-3年,本科,https://www.zhipin.com/job_detail/be2b79cf2a701e0903J43tu7GFNW.html?securityId=mQ0pim_qcXIy2-Y1XU8ZoSpKrVjbAGFx0DN0D2QZW8GSjT_yJ2jiJkp-5dmS_od17Y05JqVl6E9UvqTjUMsCblIxvb0_9N-K3jgfFce2cvPg9mn92jtbIasXQBDDLS-QF_3ZcRezSa0~&ka=search-list-1yGQl9q2wIO.search.130
130,职位详情,全栈开发实习生,杭州多米拉法人工...,杭州,150-200元/天,nan,本科,https://www.zhipin.com/job_detail/37ce147c12bb4eb403F-09W0FVpT.html?securityId=M58flUyhCBOl1-e1wOObe-_kQUIys3EsJ32TkBDc1cgIiH6RgF8wxN_PUwJ2Kqd-Da8o2qwoxJXRVjS2ISn2eYJxZQE6r3Oyh7x07uEiz_8JPglisk3MwRPGcYazAjrXcLtDCsJZgmrI&ka=search-list-1yGQl9q2wIO.search.131
131,职位详情,全栈工程师—杭州初创团队agent方向,某人工智能公司,杭州,40-70K,经验不限,硕士,https://www.zhipin.com/job_detail/88aab01d7bf9cf2903d-3Nq9GVVR.html?securityId=FCND2pfOiYt2N-m1lCGR6TZNCI-CCBtg8Ep0NVX-LLMD9YUGPwfvdA-EO6Ud89Aw_mL6pA0vS8f6MGnl6PKOHAiisiFEJzup08L_pl6eOwD0Rio6rWz1JHXynmQIbzH8LB5Oy8o4F2tJAg~~&ka=search-list-1yGQl9q2wIO.search.132
132,职位详情,高级全栈开发工程师,千烈科技,杭州,8-11K·13薪,3-5年,本科,https://www.zhipin.com/job_detail/5f6db25663215f871H1y0tS9ElJY.html?securityId=niXmcNY22TJ35-G11OBF7gr4BK2GGmil2X9-Eeb1DwRe9XPUru7l-r6lhnI75PfCMe9zCtg6GzIsm4L1R3PLdQolVjaHlWG7MU-CYymBVA9jC3F-NgLCWn-QqC5nMYtz-wyCcQtlwVO0&ka=search-list-1yGQl9q2wIO.search.133
133,职位详情,全栈开发工程师,信及达国际,杭州,15-30K,3-5年,本科,https://www.zhipin.com/job_detail/b9653d3c84c0bad703F9096_E1FQ.html?securityId=y3sof0cFO6OBm-A1EjgTs8-xawbemCapTOOdorOClZoFvAA-paA8T-IEC0y8edwGrRJ8YzMIzQ6TI5Bri3LoKh88t92TNpEyklTmz15TAKRjvAvS2NJPF5MQjzUQYrxc9jpth231YmJ8&ka=search-list-1yGQl9q2wIO.search.134
134,职位详情,全栈前端开发工程师,杭州盗火者光电,杭州,19-27K·14薪,经验不限,本科,https://www.zhipin.com/job_detail/b2b09660ea75266303dz29m5EFRV.html?securityId=mRmLvrDXVNx2b--1PIC8SWytXIHEqtOcizmJDfoNJtRUT0tbMLC2SO3mzz8DQ90c0417bxglV7xQACkA-_JUu2QuslR9nLx5lIZvCMNhTN18HtIP4B4vRDwhtwP1LA7PuR_zbhVKDaHE-Q~~&ka=search-list-1yGQl9q2wIO.search.135
135,职位详情,java全栈工程师,杭州保芃达科技,杭州,10-15K,1-3年,大专,https://www.zhipin.com/job_detail/785539de367c262603J62966FFNT.html?securityId=YaRSdgsTrWPi_-Z1aqxDA4vTcXEgN-SRFlayHzqq2dv80CYwIP3r4s-cQuIYh_hZFMQrDlSO50PgjvZB_WD8Eg01JQFMRcia8i0g22Ccpw6-c-JFnhAh2dEEqtU1OTNwJOPn7lhW5Mg~&ka=search-list-1yGQl9q2wIO.search.136
136,职位详情,资深全栈开发工程师（AI工具高效开发方向）,华信设计,杭州,20-35K·13薪,3-5年,本科,https://www.zhipin.com/job_detail/f41c31219618292603Zy2tq8GFdS.html?securityId=K4Qo0dhCPJ2ei-01YHJHWp7tLQYuP4ua63ecD6gYx7RXcvVVJZxqg7D19D1UPnuTcJ9msECZd1V6nt_0yaUryV8sn8JTiYomXnKadBfIs8UJs75Bu5MwtwgHypxdE9Ju-OKNdGkMmsU~&ka=search-list-1yGQl9q2wIO.search.137
137,职位详情,nodejs全栈开发,浙江星狮达科技有...,杭州,10-15K,1-3年,大专,https://www.zhipin.com/job_detail/254e62240360b0e01nBy29W7FldY.html?securityId=ftOyLwGUO7DTp-L154qy6N61V0U0xsLSeyZVJloS-sxu1Gl1Hc8GTM7rfvB1cQ_6TpzwZQJ6US2ba5uyk3Lq3U5UamFvA1NL8HftMheSBgioNe_rgETNwiXJ7EhXymKXHLU6VFMDvdrqhA~~&ka=search-list-1yGQl9q2wIO.search.138
138,职位详情,全栈开发工程师,天眼智联,杭州,15-20K,经验不限,本科,https://www.zhipin.com/job_detail/4130feda06e48dd303J52tu6FFZQ.html?securityId=_OFrXi1meRjtA-716lrh5Ha4WoZynbgOByainYe1-wJJ87cnE0i9mTRksPUNov47xd9rwG9z7zcFCpIbMy_QLDq8u_tH2a_Ywg1EvEt8u_vDCLS8nw3Q6Ik2nVZei-MIW09_VQ06GK82HA~~&ka=search-list-1yGQl9q2wIO.search.139
139,职位详情,全栈开发工程师,上海聚益文化传媒,杭州,15-25K·13薪,1-3年,本科,https://www.zhipin.com/job_detail/220ed4871365724a03d40ti0F1BT.html?securityId=g5m48b-8Ru-gp-21oXpTJha-kSpIZRg8fwdG4GF8HsUKvVH01OfUQl6_5aPI_qntvdmXcYgJPtn50QxV-NrMeL3ALFFN5AmVUirLNXBbWJrO9XCsuwDTOmIf-um_VoWRnNOEBJ9e&ka=search-list-1yGQl9q2wIO.search.140
140,职位详情,全栈开发工程师(偏后端),零跑科技,杭州,17-22K·14薪,在校/应届,硕士,https://www.zhipin.com/job_detail/d6911ba58a74373303Z-2dq8FVZZ.html?securityId=3A6NQzsDV6QTn-11DQjpFBDVavkyoAelo9gT7_vbvPDsFAJSebbiK_UJfDSATaySdpX6rAWbEHtWlerV0GZTFddePqjzPXZ-voTCcXa2qHLm63c2epe7FAGmLRyy8ypJPrQ06vmEfIA4Yg~~&ka=search-list-1yGQl9q2wIO.search.141
141,职位详情,全栈开发工程师,中科润禾,杭州,18-28K,5-10年,本科,https://www.zhipin.com/job_detail/c9d6fdfabc3b88e003F72dy7ElFR.html?securityId=Iv0t-Eo0Np6Ya-E1LKjEpJEqJ6Z1nG8dWjBJgMuMJKwN2RgIIsnxcgyKA2UBibUrGJkFNWPJcYjkqlZ9JDyNO2LFHgRFrkqdZ5Ag8NJ4fT9bkMmPMCnbCcUgOst_AjzBsc67mz76CXE~&ka=search-list-1yGQl9q2wIO.search.142
142,职位详情,加拿大全栈软件开发node.js,杭州毅尔易体育文...,杭州,18-35K,3-5年,本科,https://www.zhipin.com/job_detail/76cd062946e9d3fd1HF90t--GVNU.html?securityId=ghrX5bwVPBOuR-s10FeLiWJ4GD6qzxvHdMluyNrkj7jrC3XOk3XPL6FFCfIoGNYFEACuX3PW1jElY5WSt_u2zo7_PmnL_CXMauiM1IJSZz9KQcczCJXjTdJeTGJx_KAbsbjkODjswLiH2Q~~&ka=search-list-1yGQl9q2wIO.search.143
143,职位详情,全栈开发工程师,公共安全技术研究院,杭州,15-20K,3-5年,本科,https://www.zhipin.com/job_detail/61f607ee9e1f0e5a03J70t69E1tY.html?securityId=slAZJJzuAZ_4S-V1AAV5pFIKWCqM92Ly-ezoViwY5SvEiViJ_5Rd6fq8rMQb-hEnrfq_tfZlsnXme8Ym_au-QvgOvmL7Z2mw8cjrF4pT0gESFYQ4L-YFY7BTU728cduxKzoqBBSJsg~~&ka=search-list-1yGQl9q2wIO.search.144
144,职位详情,全栈工程师（余杭区良渚）,新翔科技,杭州,11-16K,1-3年,大专,https://www.zhipin.com/job_detail/e6f17378700b463a03J53Ni6FVJR.html?securityId=FVa7sfIE1ywP5-L1b9QM_jqgWOiMu4fBOEJEpwn7t5YFnLgwHq_uifEdHUiGU9FpbSxiQq3HRMnlcbUMzBnAkx7Rx0LiTmv2PHdnqXlZLxuh7ZwBmrSBYrGOSJ8lvzNCRyvXmXgbWQ~~&ka=search-list-1yGQl9q2wIO.search.145
145,职位详情,全栈开发工程师,某大型人工智能公司,杭州,60-90K·16薪,经验不限,硕士,https://www.zhipin.com/job_detail/d43604aca737cfa103d50tS6EldV.html?securityId=uF9jmu0B9maws-61LoVmWDLy1MnWJSAcQc26yR1vhvld3i8iOW6eWJ6-TZMkpfev0Aqc4uBz8qxRHLlQMsG7oD37gCamWNsKADeIy5NYzL8zAIcpFX4DPHc7LdJgHvAuGxKeoM79jAZj&ka=search-list-1yGQl9q2wIO.search.146
146,职位详情,高级java全栈工程师,享视界科技,杭州,200-300元/天,5-10年,本科,https://www.zhipin.com/job_detail/163e541c5c838c6803R40tS7FFJW.html?securityId=UM2FAhwfDWrro-u1hpBCCTEl3HzgMjIxNA0jFXuYcYf-zs6yeFZZdIGTFRvgnYSQzajtaVRg1RfPG4BF0zANLAQOzsZ48OANHofGwg-eKtrH1wBXL0gufLsI7I76fyoasq1y62MkTHo7&ka=search-list-1yGQl9q2wIO.search.147
147,职位详情,全栈工程师,鉴流工坊科技有限公司,杭州,13-17K,3-5年,本科,https://www.zhipin.com/job_detail/d02d73c98275247f03Fy0t60GFBR.html?securityId=aEPvn2wySAdMr-G1Ns-Up3AbZpyfO9ef9cqDcaNF1Cz0aJfcKKlMgZP3sxzvoPGbBdlgmy5LYFwZYpSIpPiZk5CG68rerD9WUqLs_Hsk0HaOI8AAxn9Mg8g4EmGm_3wKKtYgM1SWDGfFpmNDzaAveqV5uN8raX55MU8RTCO6ZKhVUYt2&ka=search-list-1yGQl9q2wIO.search.148
148,职位详情,全栈开发工程师（实习生）,宏恩网络,杭州,100-200元/天,nan,本科,https://www.zhipin.com/job_detail/d6beedbf7234c63e03d609u1GFpZ.html?securityId=fOJD6dGKPZS8d-R1xBMk0e64WleUT8VDqZI862kLSGy2OCTHZdk0sr9Tcq0dCM8uopkV20uvcyNyjEDu2fQp8uUAX76xXI3McU0F1mI5yR-NRcvyOww9qVcnRAKgodBF1aeanU84eUM~&ka=search-list-1yGQl9q2wIO.search.149
149,职位详情,全栈工程师,昆腾碧特,杭州,11-18K,经验不限,学历不限,https://www.zhipin.com/job_detail/578a05a2c8c719411nZy2Nu-GFVZ.html?securityId=_67Folvr3UmHT-81hjLwWS4VX5kBWTfyTNoyt5RnFKKGB-ZJh1rlNNjHLCd_KyMkoodPqqGYGuw6Aqhwpgy7SveQdO7Y-3Ht5yB2eQ_NPNjQG04RjjDaf_XsVt8DmAuqigw4_DtsFbY~&ka=search-list-1yGQl9q2wIO.search.150
150,职位详情,全栈工程师,树千回,杭州,16-30K,3-5年,本科,https://www.zhipin.com/job_detail/baf7c98431d7e9c103d939m5F1ZV.html?securityId=V2uKGaDYOx_pc-l1ENAOBpDniN51ffLdS2FHrz0J_4eApr0QFj7rNI0T_9mE9ornA2aTj7v7S-O9dXOjQI1Q8m2F3oJ7RDbFJo1yEgpXp8641dhMSy38u64nAG1mW1jOB1PwX8tUViyw5w4z5_zaSJrbRN2mJra-98xj1068lkb-7KzxbQ~~&ka=search-list-1yGQl9q2wIO.search.151
151,职位详情,全栈工程师,浙江楚晟酒店管理,杭州,11-15K,1-3年,本科,https://www.zhipin.com/job_detail/82c8457f4e79c13603J_2tS1FVpT.html?securityId=irVdlaaSJWLjH-615zWxudDTTj1kJxd__rumGV2aAYyiMJmY4T-cB9SczKE_2yqk_SwGVP34jB7EUi6I-RO1V4erKWtlGEKSjcBj0S3Nfz9Rjv_v-sKA0d9OfEDtgDMwB-iPkcZZUAhuYQ~~&ka=search-list-1yGQl9q2wIO.search.152
152,职位详情,全栈工程师,炽途,杭州,18-30K,5-10年,学历不限,https://www.zhipin.com/job_detail/a04865e0143edb5d1H1539u5ElZU.html?securityId=f5RVP932lUY5o-g1NxV_Mk0OIXUGhlx0WCdH8tOJYjsH_NV2vdCNZmilulaxxg7wZ5YeoFkPoz89besWXpDzTxeXyO9CO45PbIhLTrkIDki-06KNkxVSWL_Asmxq_vJk1k2FoG14LgTa&ka=search-list-1yGQl9q2wIO.search.153
153,职位详情,全栈开发工程师,浙江微养,杭州,12-15K,3-5年,本科,https://www.zhipin.com/job_detail/a873de6ddb14512403F_3ti4EFNY.html?securityId=SMBeyshwm7Ink-S1wpBu0NC2LJdBWDjCwqBCJuqi6HFoJoyUp7eU7vJnjBsi17an1MEoIaHtc_Di6WODtkKeksYqEC8AMfKBVjjK9uZHWT3crasZJZZaI1dJh6qRj0l14OQiKX10Z5xU-g~~&ka=search-list-1yGQl9q2wIO.search.154
154,职位详情,高级全栈工程师,享享科技,杭州,20-25元/时,3-5年,本科,https://www.zhipin.com/job_detail/ba768ecfcc0accb003J-3NS-FVdX.html?securityId=AvNhOpkug2pix-J178bKTwzHwyEjuTqrgdAaZKd8g_NX1bXQqIm9Bke80EgUgphBx9NwxB1Nfka4rYPtiEz6iR1NTw_c8PtU0vkvVxwIXQUsLb_Jjxk7lDBOlI6QDDAmJn_8Cxp-gly7SQ~~&ka=search-list-1yGQl9q2wIO.search.155
155,职位详情,python全栈开发工程师,杭州桥度科技,杭州,9-14K,5-10年,大专,https://www.zhipin.com/job_detail/38cbcdc6e856545103F72d68ElVQ.html?securityId=kHFaFxMtao4y1-G10gxUktTAKeJ4zprq4OmM1ZpLCAmf2HQOT5X1F2aSuNmEJ59jrkX1ZDghRkYmdBjokO30r6jEgNQjQVdpXyy1IKr4fsDBxlw79XKo-DBo7vfXnNt7BWFJ9c9aEQ~~&ka=search-list-1yGQl9q2wIO.search.156
156,职位详情,全栈软件工程师,无垠科技,杭州,13-20K·13薪,1-3年,本科,https://www.zhipin.com/job_detail/5de9f732df5f686403J43969GFRV.html?securityId=DuTMONmQPSMjt-U1nZ3tMwilwHhOjEbYYkCSie0xIK5Hw9F-Biwd1E5bXkQW9aEEL8SvEfsXNpJko--niTipZjujyIMdToChNdbJPA1r8PmcRCaVGUnW5G-1TCDwkSp9o6treblIgds~&ka=search-list-1yGQl9q2wIO.search.157
157,职位详情,全栈开发工程师,锦绣商贸,杭州,15-25K,5-10年,本科,https://www.zhipin.com/job_detail/7a7f75ae5325dde703d63t2-FFRZ.html?securityId=8hwN5ClfikmTt-q1FPnkge684GUc72ZLAj7a9uRUPFPcwThf7Uimdp_vDDYGxQVS4EBbCYFegq-LLMdYIH6HUQW1e-gaMh2Qrb6BRKeuqr5yLyrg81qmmUK-6kEMvQPFi3YIkPOMEEC-Lw~~&ka=search-list-1yGQl9q2wIO.search.158
158,职位详情,全栈软件工程师,初心无人机,杭州,12-18K,1-3年,本科,https://www.zhipin.com/job_detail/7e2bbfcb6824d44e1HN729-_FltW.html?securityId=c8oVVSmaBs4qQ-g1ABWDKafKcafd8KCpUBiuc9ciqJs59DbYxo5WXK6ZNKWa_X6PxZwDdtQKD4pjPJIwmyblteQkGtlWiBjozyWKwSh2JnvSDs5JUvONrepCe7wQbTNgt4MiryUMxuX35Q~~&ka=search-list-1yGQl9q2wIO.search.159
159,职位详情,全栈开发工程师,冀信科技,杭州,5-8K,1-3年,本科,https://www.zhipin.com/job_detail/0e71fd5cb4c27d151XJ_3d2-E1ZU.html?securityId=FA9H9mUQGrMOA-D1ZpRQDIQFc82tVnULzftKRfZdHTsI2PdZNErvHAxVFxIcVjtC73ciHzuQFQ_aTY_lIQPp1GR8gYkes_DdeZl11teJuL10zkGBUjowUOPNXbVV7edqDLWGys4nitMqJQ~~&ka=search-list-1yGQl9q2wIO.search.160
160,职位详情,Java全栈开发,真型,杭州,10-15K,3-5年,本科,https://www.zhipin.com/job_detail/5c16a722a1794c331Xxz3Nq9GFFV.html?securityId=Ti6xvevTAe0oX-b15nZjRUbS3sVEeaY2owqEH0gWpFyxTJ0ytA42murpHBiaKmDUjCdrOnk9S3eVB30iqgibLhHZlZ4KvrMH0v18ertfBqDK94lO5ZKYKHUHsvXwK5FWMrOoXeLMI3biVg~~&ka=search-list-1yGQl9q2wIO.search.161
161,职位详情,资深全栈开发工程师,杭州壹网壹创,杭州,18-21K,5-10年,本科,https://www.zhipin.com/job_detail/d47a65fde7a892f503J_2NW7GVZQ.html?securityId=4m6u12Gy-9MdE-R15TZaD7vBM_nKQCtIRAlbboD9tULDtIvH_9G4lazFqa4PX2akxv0Bztqhgz27I8KDYxQuy2BRFwgd3z1ptbpEc4yOtWHS-hgoZ0gA0pDInIB_OXyicfFNv8ehcUQ~&ka=search-list-1yGQl9q2wIO.search.162
162,职位详情,"全栈开发(nodejs,react)",微点,杭州,15-20K,3-5年,本科,https://www.zhipin.com/job_detail/ec5726827ca9490f1H1_3Nu8E1ZV.html?securityId=4dTk3ZxK01wP0-W129jnbTvfed1N823vkg0QFEBRMzfMibUBUkX7_43WvzZRw2P4kttv1TGsBPzoj-D2k1_HC594zbYoZMGjyEyLPZIaHI4deKRpiMu-7RTIqhwR-B1bDQb1YV1ddvY~&ka=search-list-1yGQl9q2wIO.search.163
163,职位详情,java全栈开发工程师,新中大科技,杭州,11-16K,3-5年,本科,https://www.zhipin.com/job_detail/9c70e0de5b381de203J-2tm8E1JQ.html?securityId=MZo7-AgYtwXRf-A1okfe9XqtocyYlCCmSCQNHmxbj3zXQkfeHHZ2clBW5Z5b4mVIFP_HvHh0tiJIZBdAOCECQI3xy6jcaFWP5615v9Pw8Bu-ht7NIBcaob0g_HHqFnudqgMrOjxOFZvb&ka=search-list-1yGQl9q2wIO.search.164
164,职位详情,高级全栈开发工程师,斑橙科技,杭州,25-40K,3-5年,本科,https://www.zhipin.com/job_detail/7c0fea29a2db022d1HZ_0tW8FVtY.html?securityId=CUwSB9nafZ11p-W1aMm0a5JG2C3UiSwrprCUCWexSk8o2QlLiruUTNq5Jf2VAA0Yg5KGyYg-f5NiyeF6ngOjdx7pMyL0LHs8hii64UbPBdHANllN-soAPggqqUnSWlYQSXrSZqCoVQ~~&ka=search-list-1yGQl9q2wIO.search.165
165,职位详情,高级全栈工程师,元豹科技,杭州,18-19K,5-10年,本科,https://www.zhipin.com/job_detail/489afcc7e7baeb9203F53N-4FVZZ.html?securityId=yntZqr6AJkjHS-F1jeJZZDmKJyNESBfWjECW_DsvaYlBCyoKeHOvFtCbjyVnw5hWZXT80EUCnzSLdZHLYPzAT9uqT7oIKCMQcW1Uypf862wWwytWk7_-0ZTkggc987znhhMOcHD6PA~~&ka=search-list-1yGQl9q2wIO.search.166
166,职位详情,Web开发工程师（全栈）,杭州新传实业有限公司,杭州,16-24K,3-5年,本科,https://www.zhipin.com/job_detail/4708d26a4ca106271HN92tS-FlNX.html?securityId=Kxqb9Ne8ayEG3-n1ujyUuSJ42Q04nsKbjWX8Z7iLN6mLw42woShjHUZrFp7O-wW8yCEgQqg4l60oxjSIAF3Fl-BwWXUWQd4IlWvPyQ1R_faEULu8z-4S3On2QbNXn1xmzroHymg0ft0rOQ~~&ka=search-list-1yGQl9q2wIO.search.167
167,职位详情,全栈开发,杭州灵玑人工智能科技,杭州,20-30K·13薪,经验不限,本科,https://www.zhipin.com/job_detail/28f45481121534c503Z-2N65EldX.html?securityId=pA0ULnh39cZC6-V1saEXCyLZ5pQCwNf1rrV31Q-ym-H49RG3d6MndtyqTKg4uqsTzY2w8TBIMSjGzZMExI_Oz4aZPZtPaOrSjjZ0VvjkK2oMvOuv622btCr973eVYIQ4utvmfPV2rh02&ka=search-list-1yGQl9q2wIO.search.168
168,职位详情,python全栈开发工程师,杭州西湖交互机器科技,杭州,12-20K,1-3年,本科,https://www.zhipin.com/job_detail/345e5812b17590eb03F83ti-EFpR.html?securityId=VfFakNjP-A1mk-z1IXufxr8PSLICgvavfDN5cJxhq24H--9SjIf9W8xBnP0HtUmFfNQIAGf5p5E5ldwx1Mk5dr4b1ytYMNAhZHwjnT_CQNc6hyq06d9bfUGF49_POpk-vJtYLpfOT0WMfQ~~&ka=search-list-1yGQl9q2wIO.search.169
169,职位详情,全栈工程师,取新智能科技,杭州,8-13K,1-3年,本科,https://www.zhipin.com/job_detail/125888a1bfaf28e203B83ty4E1pR.html?securityId=5Q9863TYe7GqN-H1ybtOxN1SwNOzD45MkH9q20HjhHL4LfmKY2Ir_1rKkHJtpVPfWKpDZaAMb5usjsBOGpZAaArJTvSqni6K30EJtj_TU20QmEf9IZTDtE92BtIAqkNhWBbP294kaDCL&ka=search-list-1yGQl9q2wIO.search.170
170,职位详情,C#、ASP.net全栈开发工程师,检讯科技,杭州,15-20K,1-3年,本科,https://www.zhipin.com/job_detail/0a764dbbd94516341X1-2t68E1ZZ.html?securityId=FHfobEWtoZRfw-K13bShZus0rxFKJrrWBTnAiTk4uMCEK8gZp27A_f2NFe4rB329D8zUJwYrvey2ImkpwFzABlEcHR7buCZrZb2TadWvtxnjEBEU2-SWwpuzgmlwuQX53A6L8reklLhs&ka=search-list-1yGQl9q2wIO.search.171
171,职位详情,初级全栈工程师,城一数研,杭州,3-8K,在校/应届,本科,https://www.zhipin.com/job_detail/df6351231e97580403Ry09i_E1FX.html?securityId=cQtOuAJVvDgeF-S1OgM9n6w-C9cliXPZY-RZFh5_cde78ikM6-zhnEWolcMm3IbMDLYNnD2dV3PbP36X_AFFrQhQQPzJ3NSSr_W05U17S3pKZWYPSDM6iFpM3nl6RxZGNIi5TaLGLlE~&ka=search-list-1yGQl9q2wIO.search.172
172,职位详情,全栈开发工程师,浙江万企动力,杭州,15-20K·13薪,3-5年,本科,https://www.zhipin.com/job_detail/7ff9d64f1840377c1nZ52tu-E1JU.html?securityId=f5RfI3yc-zSmG-810R_SzAsXRim_M59M9U5kzVWdiCsXChkQTrtUDRwMY8HV1k3fE5STAtPqJ5y35_VSp0tMG5Ww9FdduglgB_GaCkMv5pGK10aD2g8SmVvGPW719HRJAvtRbtGnvrk~&ka=search-list-1yGQl9q2wIO.search.173
173,职位详情,全栈偏前端,微工科技,杭州,15-22K,3-5年,本科,https://www.zhipin.com/job_detail/9aeddf0e6198d3c01HJz2Ny_FFdU.html?securityId=vukKHPoyMbzmm-q1Knz11RgahHFKWhdutOggLF7Q_zEef4K6A3XNAk8IzMStx5V6Hqu-dLmKL0Dp0Uw1DK-u2LN_YydknH5d3eINUHKv75ie7HT-mAz_4ygfwzAM0oPK9aEmZd8~&ka=search-list-1yGQl9q2wIO.search.174
174,职位详情,前后端全栈开发软件工程师,珞微科技,杭州,15-30K,3-5年,本科,https://www.zhipin.com/job_detail/e203eff35f89b08803Bz2N-6FVNV.html?securityId=7QXhcmKvsclHZ-O1LoF6q_xwja4Ox1XPsa9b9N-2Zk-f94j_7TGrSCn9PTNotwGNfg_0RY26ljrXJkTv7VE1AblcaZBAJ4RwqMj-8xdo_BGRuyoEy6Y4z9G3vFeT29WFDy8qd0DwN9hwIg~~&ka=search-list-1yGQl9q2wIO.search.175
175,职位详情,中级Java全栈开发工程师,易雅通CRM,杭州,10-13K·13薪,3-5年,本科,https://www.zhipin.com/job_detail/4ed69b941176e08203F92tm0EVJW.html?securityId=cm8cB0yvgysHZ-h1L8lFraBM7tTeK7VqSZbP0-6JqgG_P8vE4OR--T_SvpZ-m3nOrw7ZhVLWPk6cE-kZcDY-HEcW64fYLhn0X2dO0BHz4VyTeti3PZCahfq0fhdCvpKUp5m4Qor1iPc~&ka=search-list-1yGQl9q2wIO.search.176
176,职位详情,昇腾AI全栈开发工程师,华为,杭州,15-30K·14薪,1年以内,本科,https://www.zhipin.com/job_detail/87385b41a39589431XV90t29EFVY.html?securityId=74yLxrxHL3WM9-t1jUwYtAaFFzGLihSnDYs1_PpogHJkB0KcKcSCl7dzrHWBN2BvkPx3CFBMJsX2mLX6X4yvp2Hbv-2CwOcHVp9sbaISHepgwXIAJbLNsaX514HR9VMdlywfvio~&ka=search-list-1yGQl9q2wIO.search.177
177,职位详情,全栈工程师,杭州智势,杭州,12-13K·13薪,1-3年,本科,https://www.zhipin.com/job_detail/4e9537567732b5541X153tm1FFRY.html?securityId=ZObmSJlE2BOBT-d14RFMNwB8rgrS8J-uwtcZnX1_Hv5nuQ6xqkI3aNlk6xXajKWo-9RFjYLPuaqAp31IPi9z0fKHDM0BfTydkRlajyGZPENehgu3fGDVBC3m8fI1doQK9cgdyiixsrQ~&ka=search-list-1yGQl9q2wIO.search.178
178,职位详情,全栈工程师,某大型银行公司,杭州,25-50K,5-10年,本科,https://www.zhipin.com/job_detail/f3a26f6e31dbf6b503J_3t66FFJQ.html?securityId=21lGjHOmCpwuJ-_1u9vSJAe3oBUutJkkMOSgQHwraf98HtO-6-BvKs7I7Hblh3A9qgS5Kohvnc5K3g4-JfJ_ovcwhx55Hg3o6M71YHxkv4mPtrMO1A3OtY7qhsC2nwTn4xf0kMaxdmxgTA~~&ka=search-list-1yGQl9q2wIO.search.179
179,职位详情,后端/全栈开发工程师（AI电商商家工具),杭州朗珏,杭州,18-28K·13薪,1-3年,本科,https://www.zhipin.com/job_detail/2fc423db0835c05403Fz29S9FFtV.html?securityId=YqbA-fpGPXLv_-V16bmNp5uG8Rnkq5h29Qb9DIv0TZwFqAl-3uyAaFMSducq78VQl_xiN19FCPOISiImBS35AdcEW6OOi91RnR4YAmNDeIKHwCXHdpCGLu3cOJdQuhV_Gu5FeMAsfNdD7XorySd3g6g3h90DLdvCo0Ch_PVqsTu0bWA~&ka=search-list-1yGQl9q2wIO.search.180
180,职位详情,全栈开发工程师,红杉云澎,杭州,8-12K,在校/应届,本科,https://www.zhipin.com/job_detail/bdfe782a3dde9d8c03V40tm4FlJS.html?securityId=SlbBRT7Pv6nkd-x1sbDhec30s0BLHN9NfBioS-u5BvZLqfhSI6DFpMshseJppsTWriyWwOvHeliBfk6VeEUML9iN7oAyAB8h6qNtJMvAgUKup-FdJhry53N5BIm1pk2PwjwwenSdj4s~&ka=search-list-1yGQl9q2wIO.search.181
181,职位详情,全栈工程师,研几私募,杭州,8-12K,在校/应届,本科,https://www.zhipin.com/job_detail/68c44bc515a4559f03F43d25E1dV.html?securityId=C8ytuFc6cdtQh-_1wfN8Ed4X_kNORXYKnfTw8xCoiTdPrPrImBfU-R8LpeGwV27ho293nUQZJZ5cj3QjptEnMA4l4ayiKdjlv-vHKtChLDTBVQTF8GvNkVEQvEOmlmcgNOXuAqPPV5FeuA~~&ka=search-list-1yGQl9q2wIO.search.182
182,职位详情,java全栈工程师,易事通,杭州,8-13K,经验不限,学历不限,https://www.zhipin.com/job_detail/b956b095cc54b7061nJ-096_FldR.html?securityId=eENO5qGVdZpiC-o1PP8hjJVClXDIS8iM1zf7NmPJo6C8--0JHMzEYaSrY-TdAoX352j6CyB8GNnOoxgLq8EXS3VDwDCaEiw_ECISHpPPw9q9fR1lzJ1T-3SqO1hS-FS8uDGV2JL_cUN_wg~~&ka=search-list-1yGQl9q2wIO.search.183
183,职位详情,高级全栈开发工程师,名遐信息科技有限公司,杭州,15-25K,5-10年,本科,https://www.zhipin.com/job_detail/97bfc152da29a83e03J53d2-EVdS.html?securityId=I9Bk7ZY4qWNwB-w1nihdq_2c3WuO1lcbQ0-RDn_yQnajbt29FyFrpRpweefS8BKGPIddh7_YdTS2zVomaf1zUrHk6KonFUnVKUlzUsOpDrk9tOFX-XAj77X6XMrZK84iSVroYjdTV6D79g~~&ka=search-list-1yGQl9q2wIO.search.184
184,职位详情,高级全栈开发工程师,凯棉科技,杭州,20-35K,5-10年,本科,https://www.zhipin.com/job_detail/eacf45f41d8226571HJ_29S6GFJR.html?securityId=hqIbL8miWf7g1-21pWBBvhWoslvJ_opVxr-5MC3r69qNI6s9gswVitmFdGhZcq72S39i7s0pLENhE_qOnkcFkl42yAxX10O07egG_fZdriswfdW1JyzQ1uFO8wYGn4dZzSzYx1awTRo~&ka=search-list-1yGQl9q2wIO.search.185
185,职位详情,全栈工程师,数爆,杭州,13-20K,1-3年,本科,https://www.zhipin.com/job_detail/967e8f5133c9010703F93dS8FlFZ.html?securityId=CV7LZbhkO6wNw-t172Qo4PbkYwIOUPBU1_01E62iejD9dGe0Jw6xrre-Oi0OtCgqgRVsDkL48f4mH8TVwEDcPS7dEGUohsEb46m_reIBkTC83rlYk9IW7RxHPJDe2AO3dehgyN7oUDV4vQ~~&ka=search-list-1yGQl9q2wIO.search.186
186,职位详情,全栈开发工程师-AI电商方向,乌鸫科技,杭州,12-24K,3-5年,本科,https://www.zhipin.com/job_detail/e60968ea3523948203F92Nu-GFtV.html?securityId=yne3QjrafJTcZ-G1fv7pXSJJ6FPYFsp3sLW0SVGW_dMIwUMYhexMk3syucL8v1FEe6nlpzMcivmiq3_M3RYFk4LNYOfpbM-Ai4nHFtK50c2TJKQxM9UsCD6kP4WHNAPZ7NilJ_hBtXpR&ka=search-list-1yGQl9q2wIO.search.187
187,职位详情,全栈工程师,火线传递,杭州,500-260000元/月,经验不限,学历不限,https://www.zhipin.com/job_detail/430637ad3000f70503R80ti1FlRW.html?securityId=3siJqCS2QAavd-i1tFComl1PEe4-ebGLRykrHiO9tWOeH8v4Y6NdBAKuJ6tRg_3Zqqh9iDVZ3nbawGRVhfktdwD6OnQy0i8jApSPSn-D0RgGP4Jl7sRMIcQr6R_FyCPtEZPUzPFHpZw~&ka=search-list-1yGQl9q2wIO.search.188
188,职位详情,高级全栈工程师,医群健康,杭州,15-16K,1-3年,本科,https://www.zhipin.com/job_detail/3b8a680a5a4e534f03B70tW_FlpR.html?securityId=ubRdMVMFq8KD4-z1nWt1Jo6y1cQe082JFmJGIcjpG8icGWEGT753r9vWakP7jCWu3sC-ipTTsFACMCBJvYZJu0LSh1Oh2n5xnrHcx751arq8hUxk4L3dnjz8QeVgMElAmtLmx7a6EsI9&ka=search-list-1yGQl9q2wIO.search.189
189,职位详情,全栈实习生,中控技术,杭州,150-170元/天,nan,本科,https://www.zhipin.com/job_detail/d290a1fd6993421703dy2N-7GVZY.html?securityId=ncSRDiCAkRfqr-q1XBtwypy6ENkl0NAIXhyOudfs4dQSEXDYb3aCvygRAlvIBeZ3g4rOK4f1GxxZGp8JBmKEIHlv96ga69xAqLI7-z2m6wfV8ijDn57PQeM2VpjnkMuBenZupNxnAHg~&ka=search-list-1yGQl9q2wIO.search.190
190,职位详情,全栈工程师,自由人科技,杭州,8-13K·13薪,1-3年,大专,https://www.zhipin.com/job_detail/9ce76264aa7e873e1n1729u1EVRQ.html?securityId=ds1q1HUEDchOQ-31Rb6m2TUSMunFYonKSFCd_i235_4o75yk4kf5kWMh-fl1V1TVfEc3u0snOpdbFl16d2tZkX2xNHSeyNyanqmfnyg1XVEwg_KB_QhZ11eJdND6qUJsw5ORm4nHtQar&ka=search-list-1yGQl9q2wIO.search.191
191,职位详情,全栈工程师,杭州凌柒凌亿,杭州,8-13K,1-3年,本科,https://www.zhipin.com/job_detail/b2d5fa2625bdcfea03Z52Ni_FFBT.html?securityId=P7McXTkooq7iS-P147PK2PXUqx-lonT20seMeXokTe_hxomDX_oqzhtfg_99AZIoMWdxCcMY9g7-eS_gOUH6AO6JlKmHny8jz-uCnSSI3CzV3Wj_cWw5tVawHKLAsBPQhaV4Rt5YbQ~~&ka=search-list-1yGQl9q2wIO.search.192
192,职位详情,棋牌游戏全栈工程师,烨欣,杭州,11-20K,10年以上,本科,https://www.zhipin.com/job_detail/d4aa7c2f6fe84b7203dy0966E1VW.html?securityId=5vWSDbZvm4JRt-W1sjIMwGGaHuv6kaE309JhodnygbB7BsUfDUSXHfaI5wBpg_K1O_f1YXlVpTSs9sMGB0LlX_h3eq0JkRsagzGdsFdAk4EhH3fCiUrFs47uCNC6-ljRVCVqZft6Btk6aw~~&ka=search-list-1yGQl9q2wIO.search.193
193,职位详情,全栈开发工程师,华为,杭州,16-25K·14薪,1-3年,本科,https://www.zhipin.com/job_detail/21652376cd48ef281nJy2d2-FVVR.html?securityId=91X4pdgbGJ7I0-91tXLUUK4V1F6Yi7DHaGoNiQ4sZVtjVX6wTvMOmwYP5kPcWEkK4M6xBs8qWHhB3SJL1X2fzoJu9jh65ytB_xtNuYdid5rUtVms30lcQ7gxxWzcc7wW6Z937w0~&ka=search-list-1yGQl9q2wIO.search.194
194,职位详情,全栈工程师,数与科技,杭州,15-30K,1-3年,本科,https://www.zhipin.com/job_detail/f9013f6e399603fa1XN409q4FlNZ.html?securityId=gqvHoYUQUU2pz-e1ep2wNdrgzODx0D_9ufGUwcQmKGBTac4WdWXBqjfl1BMpKprVRnhoIsUGVSz_b2t5lmc8_9XhBj52UEoUIRqwYr1fMxBnGNRbaoW-MGvelibw34_16cXh2RsywoE~&ka=search-list-1yGQl9q2wIO.search.195
195,职位详情,中级全栈工程师（Go/Vue方向）,杭州泰旸生物,杭州,20-23K·13薪,1-3年,学历不限,https://www.zhipin.com/job_detail/439bbded7f5358ab03J529u4EVtR.html?securityId=TWtc21UYdq7R1-m1Z2M1mAsJdY_M_Nc-KchwFvTnykqd6waQvd8M6Mx3-30gXz2XPz12eLIozQXeO1x1g_CXPZdmqB3LgMKT0qZGXgjXyZmKYacyQcEhLD7XqXpBBrd3l-fh5G6fLZ408A~~&ka=search-list-1yGQl9q2wIO.search.196
196,职位详情,Java全栈工程师（自研知识服务）,大申,杭州,12-20K,3-5年,大专,https://www.zhipin.com/job_detail/7a4e5fc096b9ddd21XZ43t21F1VU.html?securityId=tAwL_D7qhZntK-S1T6dKWA3qrSOpoGoFACrb0JLWJUP-A1ozE1OJ8EuWkzjI5Dk1fCnfPOEHKLPBMnjfAwDydsgOQIbxonjUQ12uz_Qiuyk1UzYDKgXi_6hp39FTZ7VPyjzWbPPCtqqSQQ~~&ka=search-list-1yGQl9q2wIO.search.197
197,职位详情,java开发,中电金信,杭州,13-25K,3-5年,本科,https://www.zhipin.com/job_detail/c0d6339b53ae30301HZ93dW0EVBS.html?securityId=uY3Xgy7l7aB9f-z1YlGeI60MkZAqUe7fRY2_1gFpAiQg-jU_z4jYu7zuMi5Wb0edbzNcdJZD_CYJubzMqDADzacNOvJyG2pdBZoSQHgE0KSvXTAyTIfYl_m08rhiTi9phbD0khCRzhri&ka=search-list-1yGQl9q2wIO.search.198
198,职位详情,全栈工程师,繁世科技,杭州,15-22K,1-3年,本科,https://www.zhipin.com/job_detail/d6effb960b09eb0b1HN-29-1GVFQ.html?securityId=XYwLkIajiJKiG-g1IoPYrf__p6NAB-Rtb6akwbp2dXfcwOZl90a7SBPTPg4KqMVEvl_7XQTTSlkjjMaVtwRGc7tYBHFiZcxO3Wai28DVfMyNs9AZSicSyw8d7OTlPYByHBbNWbPPCR8~&ka=search-list-1yGQl9q2wIO.search.199
199,职位详情,全栈开发工程师,吉时工业,杭州,15-25K,3-5年,本科,https://www.zhipin.com/job_detail/da6b38dad81ac8671nx_3dW9GFtV.html?securityId=KJ4jPDzfM5KRs-f1btIxT0-wZa-bncsvH8-nKsFvvHPoyF28Sxwrsq8iFMVxXUEOtLlZurVG8-gOuYQE_82lNOmcK_0Rj1pTnM7GyAkzB7FUTM5C2AHaQUCehgzMrvZYnz83JmK0BXI~&ka=search-list-1yGQl9q2wIO.search.200
200,职位详情,高级全栈工程师,脉策科技,杭州,20-30K,5-10年,本科,https://www.zhipin.com/job_detail/c7711fa76c924f3c03F-3d2-FVBW.html?securityId=oUZwfFMlIpj05-X1jo27oStTjXQzZSyUxhSTq9wjvSbh_i8Aagt781TQwV_keliSNzwnS078QmAQp9TUIqOUCNrvs9UsUKUGAW0SOogLXTnKwymsQUXVEO_OU4fN5etTyQUtx5PYMDI~&ka=search-list-1yGQl9q2wIO.search.201
201,职位详情,全栈开发工程师（AI，大模型）,某大型人工智能公司,杭州,40-65K,3-5年,本科,https://www.zhipin.com/job_detail/dfd7aeb15b33658203V82924GFNX.html?securityId=LOm2qauz4gNa1-41wgBwa5vThyirQ0RaHpqp8cATOb49jYF98T_5RlUHWt9ZEzzca0wm5y14aVlCTHhp_36uctUOziW73njohfHRfZs9a8UpAgFD8d4TKSCY75qKWu2tvjQdlRKUEjovJQ~~&ka=search-list-1yGQl9q2wIO.search.202
202,职位详情,全栈工程师,凌武科技,杭州,10-13K·14薪,经验不限,学历不限,https://www.zhipin.com/job_detail/376252c72e80b7e91n193ty0F1pV.html?securityId=DRdzdQo27o5cu-g19IivHl1xsuAU8s9DLwYDeKffQL2Yu41P2ZFL1Qg0MjaUdxtwMfYAeqgEI2AqsnQqBrkFqGJb6MduamrDLAt6zo6HONTn67dB9BhzjSYnfgahN9VMldfjXt5oSF3CBA~~&ka=search-list-1yGQl9q2wIO.search.203
203,职位详情,Java全栈,南京迈特望,杭州,15-18K,5-10年,本科,https://www.zhipin.com/job_detail/046472a4bdadca7003J_0960F1JU.html?securityId=U2C4A6SpxR1af-D1k6ZQmUmL4dOrlO0wThVipDl5AF3Z2e0H6UL3fsE37ETdKGwA0ABwSBILhNpeV8eYYohvZgzG62HX3nGxlO-jtTFX3jXQwVErvJcwBfu_fnRhtr-636m_k0Q1flmu4LAQoyFoqGWe5fNHnbTo4TkBBZeYYi5Qyw~~&ka=search-list-1yGQl9q2wIO.search.204
204,职位详情,全栈搜索工程师-搜索方向,博查搜索,杭州,12-15K,3-5年,本科,https://www.zhipin.com/job_detail/b6340445bd4b1e1a03F82dW4FlJV.html?securityId=BptyFGk7-y9uy-g13X14ghDXbmM6sIzCq_jkGSPQHGs-_wedVfVou2nr0-_WHiBY5YQ4_tU38Fsr2v_C9ZOSCXqX0m2qRkeJitSyFzWMoRWuDmj0yImasBoYNGOByEfQ9qXS4AvPNY58Og~~&ka=search-list-1yGQl9q2wIO.search.205
205,职位详情,高级全栈开发工程师,杭州伺安机器人科技,杭州,12-24K,3-5年,本科,https://www.zhipin.com/job_detail/c185a0ae2ad647511Hx929y1EVFQ.html?securityId=x1hZn2_rk4PnK-l1iaQvS3aZ4pBZ7SyAtd1sEQ8kLwmShJNZs8WP9byyjztD5x2nT2S4chSwVu-XcQNhQVk51kElCikThBA9sIOZYZOl4beHPT4PIoElgkA__JjEy751CN8XSbmA-PVN&ka=search-list-1yGQl9q2wIO.search.206
206,职位详情,高级全栈工程师,浙政文化,杭州,8-13K,3-5年,大专,https://www.zhipin.com/job_detail/7a3b121c8eea098f03d53tS7EVFX.html?securityId=Z4gIvGaDbRO2F-m1ZyDBIoy5vTOP1JJ0ciXyHF80vHvMht2q7SSjhnPE-9kSttbLV_qjVyxlmAX6dKmHF9PG_dGqZV7F54VskjM0YYbAh5eFE8Djnf36jQDwqM6L7JChPCSBFyYSseup&ka=search-list-1yGQl9q2wIO.search.207
207,职位详情,"全栈实习生(vue3,java)",开市斧,杭州,150-250元/天,nan,本科,https://www.zhipin.com/job_detail/8e1ddc030b55ed5703F-2t66ElNW.html?securityId=PswNywwW0gV6N-W15NKsQ_7f5hKvKf-cEItWFmqYJfIlURVesbVRGHgqefhTdC0VhrNjpz_qhukrsK0jKBUmpFs2CZt2FFWfrTgChd4nlyJjXmb2wlMV3LA7QjyDxBqJ0hkjecZ0ZMbD&ka=search-list-1yGQl9q2wIO.search.208
208,职位详情,华为云-Node.js全栈开发工程师德科OD,华为云计算,杭州,18-25K·14薪,经验不限,本科,https://www.zhipin.com/job_detail/2c886609c59618671HZ90tS0GVRW.html?securityId=8jvr_wILZBozq-k1qZPubuOWVtxAUUsF0jcESEWBjB_uWzc3L-zOrrK4nWnf-1phTuiHg4oc3V9Am6amqdr5TLd6OZzjaD7Gmn9NPE10kz0Ec25wjXDydeNIRBF1asnDoPzsQ1Ed8v18&ka=search-list-1yGQl9q2wIO.search.209
209,职位详情,全栈开发工程师,某中型人工智能公司,杭州,40-60K·14薪,3-5年,本科,https://www.zhipin.com/job_detail/4e921a7a755138c603J729q4FVRV.html?securityId=hoQhlYI1XucFw-91W8XvXd1gylnX1iWCxVYgVJaBHuo_GJUu7vcfURbng7vLKy-kvNKOiJ3PTqVn_6_HtffGefzZr1w_p-tD5BMLAwKOz6yRjGXImjqbH23V_o0nwvHmsk3p2dhGVnIWLA~~&ka=search-list-1yGQl9q2wIO.search.210
210,职位详情,全栈工程师,小羽科技,杭州,6-10K,3-5年,大专,https://www.zhipin.com/job_detail/80a47379192e409303V-2tS7ElZT.html?securityId=d6vF2SPGSaDAf-313sOUpirdgfd7DTgqf8fwEG1OGUPA4IKI4bsJQ60cPnCNm6i-1KJHpD3VNYtiN6tE-ZKCgg5jtEGyzeUjSTWRdnItKQbjbbBVs_BRzkhqouXHtV2-Y1nDfMSI&ka=search-list-1yGQl9q2wIO.search.211
211,职位详情,高级全栈开发工程师,云医购,杭州,20-30K,5-10年,本科,https://www.zhipin.com/job_detail/0540194965842f1303J_3di7ElRX.html?securityId=qiigR0Y6TQsX5-U1d_n2MUVPR__ueDIH8R7Ple6bS3jW0huKBd7gWPEqOYUshXSnCcN0g58Ybw9GquMQYKql1NRN85DJXp4y-seAw9UKGNDFBYGp2HcwecWQPUelhImXu-6wbF5O5O6k&ka=search-list-1yGQl9q2wIO.search.212
212,职位详情,【硅谷独角兽 支持remote】全栈开发工程师,捷瑞网络技术,杭州,40-60K,5-10年,本科,https://www.zhipin.com/job_detail/af47256a0724a8c003Fz39m6GVdX.html?securityId=d76lyfqdyPP0S-G1C-uc_0N_UH3075xbplb6sZv_12W2BEZAPpktaKw6uYKBTbMOhFUEm8VhVploJuVITuZ8UpYFNlepclWQNI3S1JMj20KCzLtrE3U6oTWTc4zqEM5IcqMxxY3TW5-X&ka=search-list-1yGQl9q2wIO.search.213
213,职位详情,php全栈工程师,杭州中谷纵观商贸发展,杭州,15-30K,1-3年,大专,https://www.zhipin.com/job_detail/24a0ff9c0b09677803R_3t-7F1NY.html?securityId=YnMgrgZQDWvZq-u17o39GSRGjjHSXIgvUONj3ii-ZL8vQzLaU4cOoH0q6AsW7JUN6Qxb2DoahG22xlNwufGo1eliIKzR8oNnCTjdoPfZZZQKxwWT_GEGOS5Ex0BJUQyngsPRqB-9vMFKqA~~&ka=search-list-1yGQl9q2wIO.search.214
214,职位详情,php全栈开发工程师,美弧科技,杭州,8-13K,1-3年,本科,https://www.zhipin.com/job_detail/c07343c4b2e0c7ad03d82ty5EFFV.html?securityId=JxpmhnDvfA4Zr-u1HxtVdIX2RGRvMI5f2R-Z6XRySHJ9GQmsC1vAx7ZlR1DCYUMtbzwhYKhaWuBHbvVcU98clPlGjSV2P4DUHIFRoQcjNlPW3d_kd7-zyTRjwMRwjlGPN21I89eFSzdO&ka=search-list-1yGQl9q2wIO.search.215
215,职位详情,全栈-杭州、长期出差北上广深+差补,恒生电子,杭州,15-30K,5-10年,本科,https://www.zhipin.com/job_detail/c585c1fc10ea65e403dz3dm8GVRZ.html?securityId=fpvRisLD0gUmd-v1PaL51Xu1eU-QhAlCLZZOF0sdVr2qm0WPDWLh27dXb4sStMro-Pcm0DcKj5F670wpmHRg3QfLxNx20opPuoR6pNh6ZrN49aquAJCklxwphLuYUXcJ2M-hAJcwdA~~&ka=search-list-1yGQl9q2wIO.search.216
216,职位详情,AI开发全栈工程师,变则通,杭州,10-15K,3-5年,本科,https://www.zhipin.com/job_detail/d6717300a8ef0ece03Ry3d6-EVdU.html?securityId=YzAIND6fZtuaU-j1lEa5aPi5jT-nISj8inuxo0tux8KhUjpZ5UJZeY8HTbdV1Gv6ldQVuYjCiFSHXBKLxwGP5t0TvJdhHY3KBGYaVDL55Bi9QxSpo8F8lyXL8KmCgf5MxtikUTr0HCnGfw~~&ka=search-list-1yGQl9q2wIO.search.217
217,职位详情,java全栈开发工程师,航天宏图,杭州,20-28K,5-10年,本科,https://www.zhipin.com/job_detail/4f4e95a2252d1b1f1HV92tS4EVdT.html?securityId=3Ne67TqaQy6n2-u1zBe7uj9vwRXAWJl_C3_uIdrLZletiK4c-1LLLLVIP0FBys4pgeWGRVDEf5ciyMCB1Bwg0NvYSalcd2ozbALCxGBadt_HSgrdd8l3q_NO1ZO4gBKGPPHthFoPMB8~&ka=search-list-1yGQl9q2wIO.search.218
218,职位详情,全栈开发工程师,协同智联,杭州,10-15K,5-10年,本科,https://www.zhipin.com/job_detail/3dda8b4fdea3603b1Hx73NW9E1ZQ.html?securityId=3Kx1GpJyxmBtw-_1vn-uKYtm5iY3-u9Kh6nRUmRO2bGNqoLQl0ZCNK1yfmz6BNaYC3rLxHLnZNlnwbsgQ4lTDYCs4ZyvI9FKUZL5MsJ5HMJGMoHmaZZR5LJ8dy0ztTaY8ygNObh-GWU~&ka=search-list-1yGQl9q2wIO.search.219
219,职位详情,高级全栈开发工程师,艾铂特,杭州,12-24K,3-5年,本科,https://www.zhipin.com/job_detail/ced62211610dbe7c1HF63N25ElBT.html?securityId=1Gi9VzM2QvdtG-Y1rmbec6GZLOdc6bnjakY7lpoATRPkyO6Fr4IsKKzltdkCwkWie8DMkT3wyULPepAL8oWiMxAFImHOeQbgxa6a5JVriSWxtCCvL4J3GWGaIXZ1vPcHRgsvwgYRs2mI&ka=search-list-1yGQl9q2wIO.search.220
220,职位详情,Java开发实习,星河能源,杭州,100-200元/天,nan,大专,https://www.zhipin.com/job_detail/e90edf6f53a3ddac1n142du_EldR.html?securityId=vaCtxg_Nf28H5-j14AK_aKxmJzkoo6h5LhYTWSLsC8iVl6rNwHj1jf9xrLZzNUkJWigXM9VU4R2tt-Wk_WKdYIwaBc2tMvLpbr9wE4CJBPtA8pooRSCTcVHRN-QAl5c7je_GlkmHB2bF&ka=search-list-1yGQl9q2wIO.search.221
221,职位详情,全栈AI工程师,杭州心蜗科技有限...,杭州,18-30K·14薪,5-10年,本科,https://www.zhipin.com/job_detail/4ffea5b74403000903R_2ti_GFNZ.html?securityId=06flVdawsNchH-N1zH781WCcfeCdS8AJGIBYh6-TGUeNNN7OV7iiDsQokI-uqB225vQQ2fagaOFUaFKGPqn5NBW16XRuuDGkzddhDJdsSpIm2VJVp_4vAUCqOBjfs538YldwqsvaYw~~&ka=search-list-1yGQl9q2wIO.search.222
222,职位详情,全栈工程师（可偏前端）,朋友保科技,杭州,7-12K,1-3年,本科,https://www.zhipin.com/job_detail/dc6f18b045fd789e1nF609m6F1dV.html?securityId=QGzPyucsZlCmc-m1MRRPFmxYlF3hKGqBkJ4GLhkH1QvyPDTBrkQO2L0ia6YxvUboSL8pMOTxzMnaCFqr8E-tqcaPj7pAnWkGW1Q5BDbIzQGmKSISpefh8QqdIsu-cl6y3Ri3VN-qMQ~~&ka=search-list-1yGQl9q2wIO.search.223
223,职位详情,php全栈工程师（偏后端）,杭州逸钦信息技术,杭州,6-8K,1-3年,本科,https://www.zhipin.com/job_detail/3f5d62aedbdb0d8403Z93dW5F1NU.html?securityId=PLFjxH6wiQwow-J1dc1N7IOgm97oPaJBs8cDw_IsbJQR0ebs2rWUrVnNPIOHLAi43G802KXeJ2reEVpPvfsquzjebE-FnUoTjEy_QAkG5uHTG51V_TNoYbNJhswDz7c1IEfRncqQ5kaHkw~~&ka=search-list-1yGQl9q2wIO.search.224
224,职位详情,全栈工程师,谷点科技,杭州,10-14K,3-5年,大专,https://www.zhipin.com/job_detail/13efab7f301c2d7003F939i-FVVU.html?securityId=wz-RPq_rBLC9k-R1vTfbqelNCQGPp_c6iBIcKRQjacFH3jZ44tEvg2DQInAvqq1lZRGdn0Gi1BKEw5BCcngAZgVSmu8o9XLVOirdPipIWPaY2Iuzv8azK83IkZtfhHg-wNSkV3jfYO0~&ka=search-list-1yGQl9q2wIO.search.225
225,职位详情,高级全栈工程师,杭州赛协科技,杭州,12-20K,1-3年,学历不限,https://www.zhipin.com/job_detail/37540e9495e11fa403J529i9EVFS.html?securityId=IEqlz1a9Qyom4-k1YixbT3_B8cbgLoN7Qe0rKR4dHZdsHm3h7yjwL-u7l7sxaGk-cbdDo1snBf7EWdnN0GIVxLulKulBjSGKz9NqDRrXpDny6TSaFF7-jtMgwP0F9LtdZVk6jfWxlGsI&ka=search-list-1yGQl9q2wIO.search.226
226,职位详情,全栈工程师,关渡网络,杭州,12-20K,1-3年,大专,https://www.zhipin.com/job_detail/c012477ec79f94181HN-2Nu8FFBQ.html?securityId=KlwFhoyQve5Qt-G1-3VmrC_gHFa40DKDBruZUfWBwDBmRdGC98CIM2KP_goUWJreEe4p7vS8lZEBO0zsjsrzoOVXqKmDuJMPSN5yMRAgDyO9lRV2XsOdgXcLkJ7XYTtFHSOM-ho~&ka=search-list-1yGQl9q2wIO.search.227
227,职位详情,java 全栈开发工程师,星耀互联网,杭州,15-25K,3-5年,本科,https://www.zhipin.com/job_detail/0c79b3cb170cec3d03F939y6EFVY.html?securityId=WDr5zS2qbHkY2--11_BdnSWj31ldf2VJ2gZeIAiNQUCu_DBYAN2OqVwXkUXOFfwFgIRUx_2FgnXXMp21wj9nLK5hoyEuIWyO13CNE8qNM8AmMfNyS-AWD8-LOIU8xlqWVVrSeMjePVu6&ka=search-list-1yGQl9q2wIO.search.228
228,职位详情,全栈开发,浙江鹤立,杭州,8-13K·13薪,3-5年,本科,https://www.zhipin.com/job_detail/ac327f66c13ffe8d1nZy29q7E1pQ.html?securityId=N5PSpNPpx9hHZ-k1YGq3N7x3A7OPliFLYLUq05OwoRINx3uuWPhyorhiFRsW_8gFb0ppnkr8LmlYH2hHKYTecoJcXCZC3xxxW0ccwhGSnh8QUxQJM6tfe1LUo7AqiZCp6ChTFb_D949muQ~~&ka=search-list-1yGQl9q2wIO.search.229
229,职位详情,web端全栈工程师,名匠北京分公司,杭州,15-30K,5-10年,本科,https://www.zhipin.com/job_detail/beef29896c17265603J42di7ElNU.html?securityId=sBUBroE9ytdT5-E1TKzJaadDM97Pw6GwNR-PlmMAwRve699B_mAUuots4LtzEQJNw-w9C3nJRycsTWa8upBGjpW80U3j_j9Cl0NOdlCadtHh64t_mimhtoKZqCcdoms_F5FqLGbSbiG4&ka=search-list-1yGQl9q2wIO.search.230
230,职位详情,全栈工程师,渔遥科技,杭州,10-15K,3-5年,本科,https://www.zhipin.com/job_detail/bf93462b9cb9d24603J72t21ElJS.html?securityId=kwPqDG5KzKwtK-B15G5DFU3GOACzA8D8CFoghTqtunhb4sJUNKKBSA2a1PcCRoqyrywB-OpyuifNJm9KH5kmLs2tRoR5eTrDiCbZb0RQu5st4ciUr4EeiRkIAsaWn_6bSj-9Fp8E5Bl8&ka=search-list-1yGQl9q2wIO.search.231
231,职位详情,高级全栈工程师,杭州深算授渔科技,杭州,25-35K,5-10年,本科,https://www.zhipin.com/job_detail/cba14c1092fc90e103B_3Nu-FlpX.html?securityId=Ypju8NSRXjkWo-d1bqJlwPbKM5EUZyqWNKE2R2dhiQ7LufhqFtl5bAkGO8ktwrLmMEa14x6ZML8_Ibshi_McZ6QJxVC_4dXMpyFAZ088b85MYw7sHHA_zuzf6mRb_HjRGf_lnNQYNA7AR92AGqbCIVXiu8TkzReHPrhklciZtTzcTPE~&ka=search-list-1yGQl9q2wIO.search.232
232,职位详情,全栈工程师,杭州通易智慧科技,杭州,8-13K,经验不限,本科,https://www.zhipin.com/job_detail/20e53a668d67056503V82tW0FlJU.html?securityId=oNgmYAoK9h4Bp-910EWuSID9hsKmynqCNtpNeX55qEpb0pko1a4rhDVw-DJFXaxuFk6nXGE7yNi0ZPtPCnv_1HOfHQkEsTotZetbt5H4DyJGKRcag9kOorjxab3OC6nOszMoC-o3I5xx&ka=search-list-1yGQl9q2wIO.search.233
233,职位详情,全栈,某互联网公司,杭州,15-25K,1-3年,本科,https://www.zhipin.com/job_detail/69b0842423a2522a03Fz09y1EFVV.html?securityId=BIJ3-l3c1tZmN-11KRkSZ2ToUg5wTLeRbHhpCBRjrxAwQ58Igs2OIarkauCoPB3ioNLhpDAwZmhqsFan35o2XEWdunWbZOCeeCXzC28ftj5aDky5l75DmKuMBXNscCMQC4-4ZkC5pFPi&ka=search-list-1yGQl9q2wIO.search.234
234,职位详情,全栈开发工程师,杭州瞰影科技有限公司,杭州,15-18K,3-5年,本科,https://www.zhipin.com/job_detail/26452ed6f1c6198003V42ty0GFRS.html?securityId=pttrad2waEVI0-914EISkkyLXJct_bnEtbApK6usq0VoOEZRPvYdIDhzd-iUoyiYQTbF2YUJdVVTBqkMeSQhrjtgKBCUSBQ4g49vZ0TmHmCqmO2EHexqXtikgD4PgOvxbJJ6CxyR11qkwg~~&ka=search-list-1yGQl9q2wIO.search.235
235,职位详情,全栈WEB开发,海南广播电影电视公司,杭州,12-20K·13薪,3-5年,学历不限,https://www.zhipin.com/job_detail/7aca4d3cb09410e00XR909q8E1c~.html?securityId=pCjQsl4Atd9MB-e12udKSC0Ps5IH79XNQR9l-w5XvMqHw3oC3JQBVtQtOSGCkdgdIlXEwU9KSfYFkH67QU2dlWOUuhoTsAUlty192A-VG5-mx8LWBPSgUbfd40JPDu3ZsTwtriCKqA~~&ka=search-list-1yGQl9q2wIO.search.236
236,职位详情,全栈工程师,浙江国通电气科技...,杭州,10-12K,1-3年,大专,https://www.zhipin.com/job_detail/ebb7bf0b2b35f8eb1H1639-_FFBY.html?securityId=2aPLMgGcsYpih--1MoEFWudYuOWcTJ2_V__8YslmrC1bHIa0TrNgf57wn5eEehTq-aGYYeCneGsNws4kmMYh8QQ7qArkxzpjL5xOQuodGCAkDcJTsqVxjAFNPzz_gvVsbVX1BLGcGg0UIw~~&ka=search-list-1yGQl9q2wIO.search.237
237,职位详情,Python全栈工程师,杭州蜜鹞媒体有限公司,杭州,7-12K,3-5年,本科,https://www.zhipin.com/job_detail/b178e6368ae3f1e703Z_3du_FlVS.html?securityId=9tFqi1xdz0uwR-W1MUlOjPumZvkYhp7e3BfmNJwK6xu97s8ftwvleEKTYKIyf-447K5aQCg2JBGeqnkKWkoRWHBHAC35N1oK259FmGZXjiATFPJTjnQwjpLBSoCSSiOrPTSyYoLF-eIv&ka=search-list-1yGQl9q2wIO.search.238
238,职位详情,全栈软件工程师,武汉创瓴智能科技,杭州,15-20K,3-5年,本科,https://www.zhipin.com/job_detail/1680a36392461c2503d90tW1E1ZU.html?securityId=b02Uq1bX3SDBI-21MvQuQIDb02ioDi_DANAMZySmbCsHme_QGGA-WpMmnZNPi4QBBllH5zOQgjS5k-W7BhAqfTEqiTelYaAy6A5QYWsvMajPRuG_Op93Vh3vr4-tzH7tYGxR11_AXRV1_w~~&ka=search-list-1yGQl9q2wIO.search.239
239,职位详情,java全栈工程师,瑞得友,杭州,8-13K,经验不限,大专,https://www.zhipin.com/job_detail/eec6427b6598fafc1Hd62Nq7F1BX.html?securityId=vjRZTFzDRLb8H-f1wnt4VCmMHIlH3QtzxhXV3ABfzwZWzGApUGQC1i-yFB30ZI4yuCMKztVJ_qjDEasegsbDmUo9yllig59o7YJBzHPsPUpxw9gR0ySK916-TQFq0YTJJSws96zdO4Ij&ka=search-list-1yGQl9q2wIO.search.240
240,职位详情,AI 全栈工程师,源舟坊,杭州,200-250元/天,nan,硕士,https://www.zhipin.com/job_detail/c0a940984551cc2a03Fz2dW6E1VX.html?securityId=pRXeiNruje_FK-e19gF_nRcywidP_mCub_f0UeVNHjMD3DJRDEfOiOupU9wRxshscoVQSHMlCb9nuhz_1by43q9wrZSuHFe3Npmt9aWdsY-txSAkWOWhcSq_07pb9QUVxvaElbMVqzvD&ka=search-list-1yGQl9q2wIO.search.241
241,职位详情,全栈开发工程师（PHP/Python方向）base义乌,杭州卓雅互联网,杭州,15-20K,5-10年,本科,https://www.zhipin.com/job_detail/57983e44f2c6644303B42Nm4FVBX.html?securityId=UxnglEVdyPThv-v1_pAcBkw7MENi8f948DiDGO2X8SKTdzeZpekbNwaN-XC5T5F9SXIjv-NYHfOWOvyZEPLTZOXnZ4gCoLuzDKGiKEqUcV_-L8D3Ir_HObaD8UKkGrltLMp1ZFe2C8GE&ka=search-list-1yGQl9q2wIO.search.242
242,职位详情,全栈开发工程师,杭州海智拓信息科技,杭州,12-13K,3-5年,本科,https://www.zhipin.com/job_detail/fb622fc628c0e98503F739S9E1ZT.html?securityId=71Nxru8FOGPqr-S1qk5ygasg7_svClGgJl8usS7PwbM8qICqwH60eg2TFdOMZXTJPzmMfQVYcWgWnwvKzSfBa2MfdS8ceg7n11JVz2bw38iykphgarfByvY4ntxhAO9Naf-BxgqhxTO9&ka=search-list-1yGQl9q2wIO.search.243
243,职位详情,全栈工程师,亦笔数字,杭州,8-13K,3-5年,本科,https://www.zhipin.com/job_detail/da10a3c186ce758003V43d2_FlBY.html?securityId=3sWP4Cwz9dqxR-x1OZZRUmXH0UdCux64Z34-qIDr8kcyEUkt01ygKaG1LWv6Ky0a7IAQho6O0Q6A_PNfJf-OsWWgSDWfpR0rD91cLzK7Y6RMb35mFGtVfQoqUQ7PJjPkBVjf59EPz2Nnyg~~&ka=search-list-1yGQl9q2wIO.search.244
244,职位详情,全栈开发工程师,某大型计算机软件公司,杭州,50-80K,经验不限,本科,https://www.zhipin.com/job_detail/9a266028251f010803B_2Nq4GVdW.html?securityId=cAWjY5ONmVSw_-71B6L1CWXn3UKSf88dmV64iYlKrkAzbXc1XeRFwV9BrDdm0M3HMmDV1rmewSGoc_g_1ocI9UYDV4EeySUka4cxKtQFzh3JmjhKqpm78xmbVBLm2jZcLwjx03S-zWMbzw~~&ka=search-list-1yGQl9q2wIO.search.245
245,职位详情,高级全栈工程师（自由职业）,酷站(杭州)科技...,杭州,10000-25000元/月,5-10年,本科,https://www.zhipin.com/job_detail/7e291dd3cad2c40c03B80ty8EldT.html?securityId=f9kFnd_hOZjkk-L1S0yQaohXyzm0wr6zvZCDStyGO5PRs8XWfBG5pnFVph9QyN_z_FP1e94FCNHhWOKXNRjjxVgi2J4ZfsduKW4UUIs_RRMZEcilMIWpx2tPmwEwAmEbnHs7c_b85RHr&ka=search-list-1yGQl9q2wIO.search.246
246,职位详情,app全栈工程师,杭州摩的科技,杭州,12-17K,5-10年,大专,https://www.zhipin.com/job_detail/f3a8312997160ff21Hx939q8EVBS.html?securityId=ljpNXwmLfmI4j-01fq_IUtonQYzuf0g5Ggd2B3qFNOCEfdhYfHSV4QUyp7FWeTgo5qsJiMbqxh-LrW1szd-OjUliPURYZa221nofdV0UEfsuzE9NkXbxIefqyVnOlGCZvLDF1nT9z4A~&ka=search-list-1yGQl9q2wIO.search.247
247,职位详情,java全栈开发工程师（ERP方向）,捷珂,杭州,20-30K,5-10年,本科,https://www.zhipin.com/job_detail/807e0c49bda0e2d603B53tm-FlFT.html?securityId=hNeHBc2l0CEKS-61MXem5VQe4IYehxUWLJa18xl5YoBmrCogCuv7At118yBSvIoIVa8XNZ5wdaOOZpMxGsq5dMH6K_SAg3WajsmdeYf-9BqUSKjk-krO8aK0XOjzD3Dbh116IXdHx3RN&ka=search-list-1yGQl9q2wIO.search.248
248,职位详情,python全栈开发工程师,衡泰技术,杭州,17-20K·13薪,3-5年,本科,https://www.zhipin.com/job_detail/2c3e6e4a4277bbae03d409i1E1ZY.html?securityId=Fi2S6iT8ASttH-Y13cIw3AgLAxYB7EfZh4cS7mnVLSv6AEWZfu6Xe_UJyjhwqQoR2cSyMpNh6Eu1zAPkcFlpFP2vewsHaxyV5Nz9typJoQ6Q3V4Qi-ockMs1nC9PzuiCD24O5BP36Pci&ka=search-list-1yGQl9q2wIO.search.249
249,职位详情,WEB全栈工程师,幂链,杭州,10-13K,1-3年,大专,https://www.zhipin.com/job_detail/9ab074a002d524e403dz3tW_EVtW.html?securityId=Qzg58CeKcc3qm-Q1P_IN8Hw3byWbe9JvhINIPNpXe-xwu27Ur6hB5EjjH-x3f1dQXM5iaF-AGqhh1JflVdrfrM0pHHuL7z4DE6yRrURBAZWNNAofsE_uZeONDmm_UZ9b1skAy8NIY7Y~&ka=search-list-1yGQl9q2wIO.search.250
250,职位详情,全栈工程师,多象科技,杭州,13-17K,3-5年,本科,https://www.zhipin.com/job_detail/a68ddae5487979581nJ73di_EFRR.html?securityId=RzZyqPHi8QGuw-31S91HJHZGLvT7I5tnaVe_-HWFkiUYE7M16g8mqDrIKaL2UKJppqgTCmzCVGpKWP7zz4CME3mi6BAO_8JeUvgnfk54lTLc6WWvCpCmewadQxVA3_m2Ko0juRZncn0ekQ~~&ka=search-list-1yGQl9q2wIO.search.251
251,职位详情,全栈工程师,杭州毅莱,杭州,15-20K,3-5年,本科,https://www.zhipin.com/job_detail/649bce055a0590a003Z-2NW4FFdT.html?securityId=WdM1mKR9Nutuw-K1UDMs6uNFys5G4dje0IJdOtyCDVmevxWcBITS_JLAgPWsVwHT4ZT-f5jd0r1ffPlKIrfde7TqITyjH5pSehOkpx8m-V3I4CbKd6uajzau5huY9Xs60SUoUH7E79G-&ka=search-list-1yGQl9q2wIO.search.252
252,职位详情,全栈工程师（杭州）,凯撒黑卡,杭州,15-25K,3-5年,本科,https://www.zhipin.com/job_detail/161d7539ce8cf05a1Xdz29W0E1E~.html?securityId=3abXE8qBgCLS3-J19vxLwamS3_ZeocZnGV9CfNi6P3UfXNI3nnoc69K_7Ovvmssu5_NeUlOww101LGfhp41zHh5dC19uOobbycUjLKQx1Il-b12CGOZVMzq90kJGTsMFQ-4Dd_AHzQ~~&ka=search-list-1yGQl9q2wIO.search.253
253,职位详情,Python全栈开发工程师（视频AI应用方向）,轻象科技,杭州,16-28K,3-5年,本科,https://www.zhipin.com/job_detail/fdfbb67a580a1db503B_2tS1EltQ.html?securityId=sXwuUWXhDAw7--P1z1O6AX1oVAsGhFvixTcFdL5KcYTDiQV3aJaAxDmJhafJJgGguJFCZHmsrJG9z3MtvaEJj8vWHHzdW-vCV4081O9Mss3ajXKaQnvmzm-sz9xgvx-KwwHfgB0A7EUj&ka=search-list-1yGQl9q2wIO.search.254
254,职位详情,全栈开发（偏前端、TOG）,万维空间,杭州,13-18K·13薪,1-3年,本科,https://www.zhipin.com/job_detail/a1df13c6f507178703F62tm6E1tU.html?securityId=hYtDvabGEkSwO-x1w_nHpNXA_QmZQoAE5n0pWoHB5ErcrsvR7EEv4ceS6VaKoUvNuhm6fxfQKn2OHRqbmj0Au7ieGaFHWFMBX69MSXL7krCauZSpSzzHXxcQ5uPrbad21yHjaapRZps~&ka=search-list-1yGQl9q2wIO.search.255
255,职位详情,资深全栈工程师,亨塔,杭州,12-22K,3-5年,本科,https://www.zhipin.com/job_detail/6133baed780782531HV93dy6EFRS.html?securityId=IAdPQO5ECQJ8Z-11MM_06hY2ZNwFUky_Ekxbp1mBQiZqoaGubsTToJmPRswAe2Pe5rAKbMGHcO--uEZzGYhwh_rqjpbStwv_NShWxNGdoxeOcfllLQoEw0pNaU9Q3gNcENYGa480C9PqhQ~~&ka=search-list-1yGQl9q2wIO.search.256
256,职位详情,全栈AI应用开发工程师,天剧科技(上海),杭州,20-30K,3-5年,本科,https://www.zhipin.com/job_detail/c936a17cc21140b603B50tW0F1ZS.html?securityId=Eg7YMHxsBln4s-Z11DJtjvWjTH9fpTDN8jqS3IrK59DhkKILAW-HtD_5O-Il2I5Btl1blteDXP_VcKo_7LyLGu8X44D3nxlIoCiPS6JE-NOcd6zwvNYQhcSRKzfFMkYI7jkeu4SvuowU&ka=search-list-1yGQl9q2wIO.search.257
257,职位详情,Web开发全栈工程师-python方向,审智咨询,杭州,15-20K·14薪,1-3年,本科,https://www.zhipin.com/job_detail/0256c6b8e152c6bd1nV909-7EFJU.html?securityId=maKKPqbP4j1UW-51PRH-Gcq7mSULrunnQG39aRNY_t3N7TydUc69erNTuMnLPEqXWxtZeSaOg_S4sSgcszJUfSvcILfWv_odGv-GTnfyXEZ5wch5VZqNkTRzRBGBzbJkCNTEdJjRpX0~&ka=search-list-1yGQl9q2wIO.search.258
258,职位详情,全栈开发工程师AI,杭州凌渡,杭州,7-12K·13薪,1-3年,本科,https://www.zhipin.com/job_detail/e0f7139d82397c4303Z-3du1FlpV.html?securityId=AgLTZvEJGknnw-i1PYu-ZDcTDE52Q66eUe7jO-4FFqAr8eAQseQS9qWdgk8u1F0RS5mXhfrlI-EJi9GpREb78CKK0MtrZ0C8Gk6ySt7nor0oN75LiySGOwim7lRnwgJdxA0etwdBHCk~&ka=search-list-1yGQl9q2wIO.search.259
259,职位详情,全栈工程师,丰丰兔,杭州,12-20K,3-5年,本科,https://www.zhipin.com/job_detail/0bec6fd3315a65661HB_2tS1E1dW.html?securityId=kapGqdIVcxRK5-E15jX-gBCYpI9i0QK0JVerH989SkEZSe24GckjNguu2mSLC8OHycEpKUcK3OTnpQvG79u4LaCEFl-SqE9gXb0feeC4yFA7-TS-vUrWSXcsX7oe-9SvG5R__dOqRZ68&ka=search-list-1yGQl9q2wIO.search.260
260,职位详情,全栈web开发工程师,杰士达科技,杭州,18-28K,1-3年,本科,https://www.zhipin.com/job_detail/f0e700e9fa94ade61XV93ty6FlFT.html?securityId=rzYT25w9HLRzr-x1Dc5rTEdhYT0wil6FcS2trNH9cTtWqRijZkSoeKSDM9y0lh8gRQjua7Xj5GWrjF2m3X6BlLtKGu8ewr6unpF0wDMp0iZnhUyGi9IaqQbb-NXbQBmrOmEOUQ1Reg-quw~~&ka=search-list-1yGQl9q2wIO.search.261
261,职位详情,全栈工程师,杭州融新智能科技,杭州,6-11K·13薪,3-5年,大专,https://www.zhipin.com/job_detail/1e4279fe051909451HB83NW1ElVU.html?securityId=tlsDTdaDgYIe_-L1jVeeM9Dl-papNnTvMV-xKoAfHw8NR1BtwvsalqeT1j_tZz6z6RHYD53Gi6g4EwwjJlriVaJIx6Q4eK7fnbOjbstcLt6FVn6RhyjTbCzYkL5ognbtH-swVnDeIwXScA~~&ka=search-list-1yGQl9q2wIO.search.262
262,职位详情,高级全栈工程师,延边空谷之音文化传媒,杭州,30-40K,经验不限,学历不限,https://www.zhipin.com/job_detail/b9668ac1f46da27203V73ti5FlFQ.html?securityId=W604VD4xVvqV4-91wWxIpbo6wVgSJ_P71RAJngKMQv5LQ6lOGEEOPUbGqKxR4XgHjQdB9GHeFuqoLm4bukKU7EiInEWVzhm6Zko5Mznx1z5KcA7KOR5PjqG5etelXDI7deiaN30fA54Ldw~~&ka=search-list-1yGQl9q2wIO.search.263
263,职位详情,高级全栈工程师,尺子,杭州,14-28K,3-5年,本科,https://www.zhipin.com/job_detail/bb18186c928873f31HV73Nu1GFBW.html?securityId=AMhep2wyUC95P-K1ClnqZuYsfKVa2FY6M-xjnqiLvrbPgUscwoNqY7ktTXfBzG1VfpzU_RKYhCEN-oBBt74IqBb3KOF9qchhVKTFaojY5UxP-ychM6gvdgU61SGmnU8q6v8M5fdZ8AN7&ka=search-list-1yGQl9q2wIO.search.264
264,职位详情,全栈服务端,但说科技,杭州,50-80K,经验不限,学历不限,https://www.zhipin.com/job_detail/05474d05c7d8da3403Zy3N69GVRQ.html?securityId=uupb7fQJwYqho-_17EOTXNHIDTiysRFOla9QJHlB35ZW1KxoawrMYgmOxt7EUjSiTD-4-nX9bf-CTsXu4jluHFCgTj23Ri3EVMY5vStHzBg5s3uzUU7sPuT57y43UGNPdMRsm5eBRjhYZw~~&ka=search-list-1yGQl9q2wIO.search.265
265,职位详情,php全栈开发工程师,浙江青洲计算机系统,杭州,18-23K,3-5年,本科,https://www.zhipin.com/job_detail/071be31e536352c103F53Ny-FlRT.html?securityId=TkPESfi3HU70w-b1FSD0KaGWcwohrNzu2IeTN-jctbQ4RPfsaAhCxuIrMKlApsgyfkOTS-7Ujugd2H52iEENzZLTNp2VuthdiyLK0LR8F97477F0HBAZ2taN1yA6yMhRc-uU_0Hiwqpw&ka=search-list-1yGQl9q2wIO.search.266
266,职位详情,全栈开发工程师-顶级AI公司,某大型互联网科技上市公司,杭州,35-65K·14薪,3-5年,本科,https://www.zhipin.com/job_detail/0273d0c9a946fd0f03J-2N2-F1NQ.html?securityId=tLevF9-nbAbO3-z1stcEU4Hs8bQ31m2v2fAtiIjoCvQNOGcUzd6ZarcZN9pMKtgrUR0ButawqH_PwoOLsIXuY-pwGiyK997LLFv9WtoC1pRORqmGG31MHpG3lWblhmXL9dz-4DM~&ka=search-list-1yGQl9q2wIO.search.267
267,职位详情,全栈开发工程师(LLM大模型）,讯盟科技,杭州,30-40K,5-10年,本科,https://www.zhipin.com/job_detail/f3a074b8d4071bf31HF_09S4FVJW.html?securityId=jlIbl73f55Q7y-P1RFJfmEgguNWwKWErz3oioEvOyLXWSAbSh2iPrVIagjx34q_0SB9JP3lHdrZJWymWcr2V0g7QE-Dga_X37t7tZTcfdgjS5hxgZfdzD5EL7sfjBjOJV3ePlKgEUw~~&ka=search-list-1yGQl9q2wIO.search.268
268,职位详情,全栈工程师,杭可,杭州,9-14K,1-3年,本科,https://www.zhipin.com/job_detail/b1b73508e45064071HR_0t-8GVdW.html?securityId=aD4ZaaQewjx87-e1qp97i4miVrhRnRZwfJALeQY8-7Eex0AbuJ7rARGKaIgqMS0wtuokjoNHqK9LZIHQQVswi6bYXrlTJAAquDjK-oUE9fOi7oM3zmvv-ppVc5VE4mDnbKraGEnek3Wf&ka=search-list-1yGQl9q2wIO.search.269
269,职位详情,全栈工程师,阜阳百算智能科技,杭州,10-15K,经验不限,本科,https://www.zhipin.com/job_detail/343d73c70da5e3611Xd52tW6E1dT.html?securityId=XAqFySM31TfFW-G11uhI12KqPR8lQigVtZU-UjJ-RWQfqCaNQr3lnutI-8mIuq1peHzfmKG3zHPdRNRb9dGp_VxsCQzXUPM7dAxbIbx17WMX6KBUDRhRU4WPal4ifz-9n7zBM8HJZwJxVw~~&ka=search-list-1yGQl9q2wIO.search.270
270,职位详情,Java,辛氪,杭州,15-29K,经验不限,本科,https://www.zhipin.com/job_detail/e69d3be4d92273141nZy3t20EFRZ.html?securityId=2wKwRIZ7NxDcj-Z1Ltngc8hsXJ8SfaOzuEeLhDhv1e1ThqIQS43nWjkXuAuU8YT3wHSt0IJRZoZ5F_OgtNOJY0W4ByvLLC4-udLJ3iLeBpPcJYhhRc-hXYDhiacom1kxdNJvW4qB5hg~&ka=search-list-1yGQl9q2wIO.search.271
271,职位详情,全栈工程师,百杉科技,杭州,10-15K,5-10年,大专,https://www.zhipin.com/job_detail/9ae3319012dc19c11HZ72N64ElRW.html?securityId=uxh50LaQjxSnD-41UbBHkoyieEOq2s5ky-tlutH9sJ5zuQ3ofzVkVHYK-JtiawY4s6X-iTeW0kzVz3asTDMDC6tk-VeAF8Z1PfAlU7eWPLwt9T481uiIavUETRc_gZrIPMBiXyQ3726UWw~~&ka=search-list-1yGQl9q2wIO.search.272
272,职位详情,php全栈工程师,风起传媒,杭州,12-24K,5-10年,大专,https://www.zhipin.com/job_detail/82a1c9eca81d7c0b1Hd829q5FVNX.html?securityId=XbZVFO-l72Jsd-r1O__3MnPII3L4idUiaqTLgTpoHGsQAalXJr4d1Bra6D4TT_wUQg1pYDIyO_UOaF6gyskTD7KaVMyQP75zWRyBXr5G6_7wSsdA4JeMHPq-_6w-ofKnH_Nz6OeM3t5f&ka=search-list-1yGQl9q2wIO.search.273
273,职位详情,高级全栈工程师（React + Java Spring）,杭州与光同尘影视...,杭州,18-22K·13薪,5-10年,本科,https://www.zhipin.com/job_detail/1a29da03f837849a03Fy29m7F1FZ.html?securityId=4kVjitvHvky2i-O1GcO6Vap2CA0NnWgJaX66C79QLER7uNzYGMjGaNG-AFVOhFnAnrITWVoq2VK_xFIB4EknEJvjSR1dvDcOin9GXcDnofk_cnY9kAdwTeThszXn-pk4FHqc2slVQWqV&ka=search-list-1yGQl9q2wIO.search.274
274,职位详情,PHP 全栈工程师,杭州未零,杭州,12-15K,在校/应届,本科,https://www.zhipin.com/job_detail/85a24a96da5eec6d03J43N60E1tY.html?securityId=6Ag7oUkWxjaok-T1hhaeqzE15O8UBK-ixDZfvMIa79F0WOMCWHCXXLOFQljxawDw2oI9Vcp6i9HowxfD_7xjWe0DOdo9lUWuKiQF_2yRhMorPfJKZGBWr6En7Z2tVGbVlUnxubnsShZxoQ~~&ka=search-list-1yGQl9q2wIO.search.275
275,职位详情,高级全栈开发工程师,北京某小型信息安全公司,杭州,27-40K,3-5年,本科,https://www.zhipin.com/job_detail/c173e409e1fc358c03B42969EFdV.html?securityId=Ki-iNS6wHWqbw-I10bBNKcdHs4T3e94du-LwfSmrIiYZtktiZw-6MRea96Mh90zX8mLW7n91gQmALH4Fz1Xz2sUVjhMBW3vFmTyMuf49kMPmvzVkFTHjkjw9dbPOhJGORMLECqJJTWDo&ka=search-list-1yGQl9q2wIO.search.276
276,职位详情,全栈工程师,绍虞数字,杭州,450-500元/天,5-10年,本科,https://www.zhipin.com/job_detail/5e7ee3ed7bdbf1fb1H172N-6EVtY.html?securityId=xyRz9MvyMwulY-B19Nl5mm6ZJn7NqIkom_YXRXn488AEE2z7jccfRvIeE08avrubcDxBDl-bL4458x8eXOJO8GCIQCTDRXEOVn3jj-8Zi3oXpgQA45tm8XQ4C7m1PM3pUf5LrFuJZ9JF&ka=search-list-1yGQl9q2wIO.search.277
277,职位详情,全栈工程师,杭州杰歌科技有限公司,杭州,8-12K,1-3年,本科,https://www.zhipin.com/job_detail/d146e9bb3e5bcd9b03Bz09-9GVVS.html?securityId=npcYBtqbu10w9-q1SKDbffRBF9J17ukwHdi12Ln0Kw0zxLgWWBALM4sMZSA4GJS0wCOqX3ESudiEtwYeHcDp2MIY5dcYRCrfI-1pLnLdb41eYR0_oAX8Ur44To4AfG6Njeqbv_MFEdfUKg~~&ka=search-list-1yGQl9q2wIO.search.278
278,职位详情,初级全栈工程师,杭州多安,杭州,6-10K·13薪,1-3年,大专,https://www.zhipin.com/job_detail/d3d6e6687f5f311e1Hx-29q9E1VR.html?securityId=cSgT2r1ToFCdR-n1iU114jy46ZuVCsgPQQMNuSwaUsbDvSwXPRbhyDkH_EECMbv8PQX1RZ0fa7qlEhptzosYMRVz5Ik-36QZoC8IuBNyK81d8Sdxj31yJ7_RT2lOe53MZvoh72gZJUCJbg~~&ka=search-list-1yGQl9q2wIO.search.279
279,职位详情,全栈工程师,信公小安,杭州,12-15K·13薪,1-3年,本科,https://www.zhipin.com/job_detail/c87b3dbe4524aecc1HF43dm_F1NR.html?securityId=TwTE7qV2bI6SO-W1dGqQMGelaWwqhE8RgFiv9VN4yFC-2dUxHEdCPFkFqsmiUv7JL5hrPkP0xwcsA_mHvjdgMZim2rCNUFPEYZuJfElvcCDMZCZNxMFx_K_eyTuwALJYV8AA5PVJ7cU~&ka=search-list-1yGQl9q2wIO.search.280
280,职位详情,低代码开发全栈工程师,杭州怯薛卫队通信科技,杭州,12-24K,5-10年,本科,https://www.zhipin.com/job_detail/ceb6c9fe1855235703d-3Nq6EVZS.html?securityId=S0E5AA9NkczJ--C1qOo3XXWKLvz3Wy3qGUk9JLIo4vzQeDuiCoprDUpG_hR6J4VACu5AfNNwpVTU8_01GCUTckRWLxh4PT0i8hB4RVGHgNGRBOWeO29BLeOaLP5aeeOgqcuhCv21bwJDSQ~~&ka=search-list-1yGQl9q2wIO.search.281
281,职位详情,ai全栈工程师,杭州纵狐,杭州,15-30K,在校/应届,本科,https://www.zhipin.com/job_detail/72be4537f973df9003J43du-EVFV.html?securityId=G0iRzXlPfmR8E-k1XsGkcdcwHbEcTohaJQGsRgmlK4FPNqp6UOAHisoosPPZxXtjlSJwR3asvwEumuC9mcEMOy4AON8bPoRL_4gBjCj72ooT1NMMw0g-c-6By79rDg9VfmkiQema-wUzhg~~&ka=search-list-1yGQl9q2wIO.search.282
282,职位详情,核心业务开发｜全栈工程师｜数据平台可视化,某计算机软件公司,杭州,40-70K,5-10年,本科,https://www.zhipin.com/job_detail/00a5206bd9ecb97b03J62NW-E1pS.html?securityId=9G0byd-YTh5IT-n1xnrQFxCfdPKVzGI9ATo0U4nlvs56ll3w8MitAvutU7DK14l1dhQD71zk8THp1wvhslxCCdA8U-vn7fO9uvwAt_lzRAt0ndoYIAKDxuSr4AppiI1XmMRHqcxjZbo7Ow~~&ka=search-list-1yGQl9q2wIO.search.283
283,职位详情,全栈开发工程师,某企业服务公司,杭州,30-60K·15薪,1-3年,本科,https://www.zhipin.com/job_detail/c7a8654bb31438741X1929y0FFFQ.html?securityId=W2lzgp-jMnreB-_1nFQJFWpqjbyhLAzpO4WfcycPOzvIPtX5Fk_Aapaf2LR59qTqVsM9JOAHcp6E1RqOSMxZsfQkHRffcKl1E2OKwIg6WY-qBrUMJQJaA6EFwHo1u2CgyVLqcoP3THDvlA~~&ka=search-list-1yGQl9q2wIO.search.284
284,职位详情,全栈研发工程师,正天宠物,杭州,8-13K,1-3年,大专,https://www.zhipin.com/job_detail/ec93e1ffe1a43bdb1XJ62dq0E1RX.html?securityId=IigdH1ZyNQCIs-M1FNgEMngiQTyCYgIzod7VQGz__z6zBO47BA6f-Rr1qLRMzFn9MtihMyAxcEzwTOZb3dx_wqISKQ7gTFpl0Rr0fLIdEFT68A64nCeOUjdUm5uJfTzyibAtd-QW4x9f&ka=search-list-1yGQl9q2wIO.search.285
285,职位详情,全栈工程师,北京鳄梨智面科技,杭州,20-40K·16薪,在校/应届,本科,https://www.zhipin.com/job_detail/c20e9604c02c355203dz0tm7F1dU.html?securityId=_WtA-jGQtC4SF-Z17FV1Bafp4ZfMCtWBlTpa2c24tKyK3rGYb-90d4MRk1HuVxEKcjsGy1SUy1331iTruzOT5bz7VR24GsYucpmZ5kOQawmrh5N5cufr8qiXnqOlJaEVbBwdv_forx4blw~~&ka=search-list-1yGQl9q2wIO.search.286
286,职位详情,全栈软件开发工程师,起点通信,杭州,8-11K,3-5年,本科,https://www.zhipin.com/job_detail/ed97af8356d02c2603V62N24FltS.html?securityId=93iuEWT7FyeWM-p19yptkWXI0fjD9TriPe79UOzkkxhuZ3P7WUqVva92Kd9y4jZqhJqhDFr__4OqgZAVAaBkOVZ_gLce4Yr9lAxTepsCfWoHAe8iavf3zXEfXaAdtbATMDlHj-9fXCdCvA~~&ka=search-list-1yGQl9q2wIO.search.287
287,职位详情,中级全栈工程师,浙通服,杭州,10-14K,1-3年,本科,https://www.zhipin.com/job_detail/32d545f6233a4bdd03V53968F1pV.html?securityId=LjxjJ8JKc826W-M1uI8vNv_JUcgIGakQW9BsH-5srLt15tKBjuoHiO4GZGCf85gvhvvRXkOS90TXmvjemdLEviCJ46rGclaBom7_95dNOlUyiVBLp4twMbv85DCkcUkKe7gxNY5NNos~&ka=search-list-1yGQl9q2wIO.search.288
288,职位详情,AI Native 全栈工程师,交易哲学,杭州,20-40K,3-5年,本科,https://www.zhipin.com/job_detail/35e17ec1306076e703Fy3ti6F1ZU.html?securityId=SLl3TR-wzr7Kk-P1L1lgwOIpx7BgtQ_TxOaeDeCcJf25eR4iWTFDbUn9-ao6FvzK4QDHuls67pvPXhdDlAihfWjjEHHfGB9iB_Twed86fpy6kOUrOL9CkkUbnOlrNrKlWDw4RUNmU4yVjw~~&ka=search-list-1yGQl9q2wIO.search.289
289,职位详情,全栈工程师,杭州双梓星网络科技,杭州,8-12K,经验不限,本科,https://www.zhipin.com/job_detail/4bd5892737cd38a303B829u5GFRR.html?securityId=87KilaYVHkv00-31jX1_Sm6CkQhZE3bpEAx4IC3sGiKq_2wkeAE8Xn576ufZkkfn4nuj3X2_ebbSBoBmn0KwgGRyCW-oGaE5f_CIqhIr8Xyqh6fI8EY0Ct2FVwRT2R2RtpNb7Vw8NAWfSA~~&ka=search-list-1yGQl9q2wIO.search.290
290,职位详情,中级全栈工程师,三花微通道,杭州,12-22K·13薪,3-5年,本科,https://www.zhipin.com/job_detail/ba64df2c95d2d7cb03B_39i6EVZW.html?securityId=jOEKxErrb9wqm-c1g9hOdDG2IKDLKHdIxQ9phGYXWU0QFa426mLZWsgNkGjuDVTicuWRSG3yO3AcwDQeT64eu2DEhjQcLHUsnfXPRmM5GaAiTNHXH34wPNrXh5NkOFuDLF4d9jma0w~~&ka=search-list-1yGQl9q2wIO.search.291
291,职位详情,全栈工程师,奇禾网络,杭州,10-15K·13薪,经验不限,学历不限,https://www.zhipin.com/job_detail/4c1ec3070d23bfdf1XZ50ty1EFRY.html?securityId=AfCncTcDFKQUg-b1iM6zHe1pzYvEVwiQb51c1aI-l5F7_kZGLWQmMlIeU0eurOdfs7vYETO98vgFmWbwJ7WFCZWsryK3SRDnxrPSyLOoStnvTYgKLYVBtVmjIBMQBYPn9PiC7DElOlSp&ka=search-list-1yGQl9q2wIO.search.292
292,职位详情,手机厂商快应用开发（全栈 兼职项目),杭州店飞科技有限公司,杭州,60-120元/时,经验不限,学历不限,https://www.zhipin.com/job_detail/48d9f3f9dbf107451Hx529S4F1BQ.html?securityId=pduidTLS_8FlL-q1wgtMjyF1DbAX2sBYcSHi5vzzlPTdn1-4vzJSmhMyY8pNrgS0_4eNUSxwKmCX-3n0RBbmvQ_0v4JdXWyP4aPuloFkAUaSQJdU4f77gtOOe-8ch__ek_SIzxbImgiEhg~~&ka=search-list-1yGQl9q2wIO.search.293
293,职位详情,高级全栈工程师,寰映信息科技(上...,杭州,11-14K,3-5年,本科,https://www.zhipin.com/job_detail/84b4e2c5aaa5f9ad03B63N-6EVBT.html?securityId=a62i-RQgh1zvJ-s1tD1k5vrTYyuEE2BfhVqqSbZzeWbBt_2fCSDIzOlinnk8FIqrK8vtp-tXqv39IpzoSyIYbZwn-S8BjRoe1gWEjzECUtRs-FSoO9aAp7RNSiPdZ9Vk7K3XxQIjT6I~&ka=search-list-1yGQl9q2wIO.search.294
294,职位详情,全栈工程师,博亦远科技,杭州,10-15K,3-5年,本科,https://www.zhipin.com/job_detail/404cb339d0460a9503F-2t67EVpQ.html?securityId=G4F90m7t17kd_-S1kRSIL92anQlhdq-DkYMf5VosoQxxYiG28bD0KC_JpC3JsyDRg8hOcyPB4lJuVVeA6h5bIsKDKL0A3HaY9bEL86NFXziSJKelTfSGjtqTLdSsNJHMoOOojBGPfQzw&ka=search-list-1yGQl9q2wIO.search.295
295,职位详情,小程序全栈兼职,微风口网络科技,杭州,20-25K,5-10年,大专,https://www.zhipin.com/job_detail/ea3dc01b9c8add5e1nR82t--FVVT.html?securityId=My4BHq_VYpf7x-x1pAiJQa_Isxu6j7TM4ihVy6o62s1PRPHMUiIo2FWNuHC6x4XBpdoSTv6pOgReQptB3v3nW8NT6cLM0QmeA_7HNgOonLyqO0KqKCUv3TbCBpQA499aE8oDVwkWCg~~&ka=search-list-1yGQl9q2wIO.search.296
296,职位详情,智能软件研发,浙江省北大信研院,杭州,15-30K,经验不限,本科,https://www.zhipin.com/job_detail/f930698bc8376e0a1nx52Nq8FVRR.html?securityId=-w3e6DQ7InT2N-X1PhsPCAMXoFqnUojLRqMzRk9ZbNvwgXKIGU33JvQ_6q_XKfkDwc4ccoxnj2RjqpsDgMPBsKIQpsW_VHpwJ1bSifRMZknB9GMYA7GHvbV_trfRjzBta6SnWU3usHY~&ka=search-list-1yGQl9q2wIO.search.297
297,职位详情,全栈工程师,万思奇,杭州,12-15K·13薪,5-10年,本科,https://www.zhipin.com/job_detail/f3a5d3a177a2bce103Fz3dy5GFJR.html?securityId=zo8ZNV2Vx3Rv6-J1eGy1QxP75z3MHntCvABS2lwltxWhPtaL4Y0E6Hmi3t_5BTVz8M1tZemgbt7hqf969bbg8_5INdoJuXxmpPlueAvYVMy5BtgksU34w72urzCAS8AbpdzQKTOXNIqW&ka=search-list-1yGQl9q2wIO.search.298
298,职位详情,全栈运维开发工程师（校招/应届生）,杭州瀚云动力技术,杭州,12-15K·14薪,在校/应届,本科,https://www.zhipin.com/job_detail/e87d7e659b942fa703By2Nu0EFRQ.html?securityId=oOpsuW4vF302V-N1gIZsZr0DJpBjj8TFk0PgdqKp3FoFu-E700TjWEzPuR1jXbjwliaHbWPBxf7vRY2lcqpvRFbeFJOKfRBslLKT0l0Tz4Oz3jWaZFNsmGoC7xvILME95PMxCrYFddLV&ka=search-list-1yGQl9q2wIO.search.299
299,职位详情,全栈软件开发工程师,新农都,杭州,10-15K·13薪,3-5年,本科,https://www.zhipin.com/job_detail/8baef68515d8814c03F92d64GFpV.html?securityId=CHFkbbsVFwEFL-Y1zzLUxqaq2lDYHo_4xpyvKr2efSJJDqPmSANXBur3ONfk02kgBKsRgor5RkbOpdtEoaj7bt9P2vgXb3Gol5gh-Vt8_ScOYJrWFBw53I5yHQi1YnmUngM46I213Lj7&ka=search-list-1yGQl9q2wIO.search.300
300,职位详情,Java,辛氪,杭州,15-29K,经验不限,本科,https://www.zhipin.com/job_detail/e69d3be4d92273141nZy3t20EFRZ.html?securityId=xIopdvh99emAJ-J14Tg2KDcU6BP7iSjOhX8m0eGdqtvCF2un687NxNpaSxwYsndf0JpHAnveGGigbJ5n4Q2mS1CJG-i-cyKLd_cHr9ETxIsv8CjLo0nEBBhaoIBSJ0aZeUqHedVsgSc~&ka=search-list-1yGQl9q2wIO.search.271
301,职位详情,全栈工程师,百杉科技,杭州,10-15K,5-10年,大专,https://www.zhipin.com/job_detail/9ae3319012dc19c11HZ72N64ElRW.html?securityId=Y4dKPsBYRtxDc-m14iuGYVLN37xTw4NYJxCNW2KYC_12KOGpo-cig9gsJ0xpWWGVA5dFfhZR2HIPV0UTKphsqvzIFQ-ZGVQFITi7WdT8h2teYuUEz0vW4FxkkF4Uv4qexiGhed8MY643Tw~~&ka=search-list-1yGQl9q2wIO.search.272
302,职位详情,php全栈工程师,风起传媒,杭州,12-24K,5-10年,大专,https://www.zhipin.com/job_detail/82a1c9eca81d7c0b1Hd829q5FVNX.html?securityId=yXvKBs1ZwhAgZ-d1oBadBG6bahCAXvfPFGehf7hW0P0s7BcTC9zRgM6S6ELRNx6_CeiYvX8MzNSd54y-a9QTv7a7girwF-J0QS395QXMHYiRpi-KTQu_3X_3wYQUV72vXSPIytjAxjhF&ka=search-list-1yGQl9q2wIO.search.273
303,职位详情,高级全栈工程师（React + Java Spring）,杭州与光同尘影视...,杭州,18-22K·13薪,5-10年,本科,https://www.zhipin.com/job_detail/1a29da03f837849a03Fy29m7F1FZ.html?securityId=eDOwdqL3aD0RC-X1PYSqlA4viBWv8p1h4HCbJnSbtsbEvlFdskN3GvEPJZeaJZE3ayBdjt8b8cHOTXsd5YbihDODuFSiDN2JZIm8aeBcPzi1hlZaOHphIi6euRZPHtIPZDDA0EcxcKvz&ka=search-list-1yGQl9q2wIO.search.274
304,职位详情,PHP 全栈工程师,杭州未零,杭州,12-15K,在校/应届,本科,https://www.zhipin.com/job_detail/85a24a96da5eec6d03J43N60E1tY.html?securityId=bsECkYFSbBvHv-n1I1UAl_IVJr8J8rHHxQn4p6SVz_kCGepzPzVGy8g7OEWlBPno6603jXOrEfdPVPQ4Fo9eD9Jmc-DvFBMJ7Ip1q73C0xgJdyq6wfnzf5frop6GAlbt9tL-tl4uXLvWdQ~~&ka=search-list-1yGQl9q2wIO.search.275
305,职位详情,高级全栈开发工程师,北京某小型信息安全公司,杭州,27-40K,3-5年,本科,https://www.zhipin.com/job_detail/c173e409e1fc358c03B42969EFdV.html?securityId=EQdy9QwjKC7ok-A1Gaypr4bNOogiXb2rm4fD17ObcffPjoMdAv28UwwxXdvh3tG2qKh6swKxUnoDCHfIAct38VSmGOi2sIOxrvGxa5mA6utu0wudSHWSFMRNe6rcaI9gXUMuSl5L0VMW&ka=search-list-1yGQl9q2wIO.search.276
306,职位详情,全栈工程师,绍虞数字,杭州,450-500元/天,5-10年,本科,https://www.zhipin.com/job_detail/5e7ee3ed7bdbf1fb1H172N-6EVtY.html?securityId=7cBrEwSchckF4-T1ASUcVopy_vwMdtIbViVmXrXNXv1Vdcwnk1zKMXwY6Dn6du3Z8kF_6Ry6H1-1v-VeoIWdp7BduRktySgymXbv4jSljzwE39Kk5aunPmYGbaEqiFonUcgmAiPfCjOC&ka=search-list-1yGQl9q2wIO.search.277
307,职位详情,全栈工程师,杭州杰歌科技有限公司,杭州,8-12K,1-3年,本科,https://www.zhipin.com/job_detail/d146e9bb3e5bcd9b03Bz09-9GVVS.html?securityId=BHtT33zOmCK4T-g1o_S-TzfFMyiDrmTwsV6rixojfr9ybSL-bBm2-d4eggDC67uWyI0VWgVHRgdGHYM-4A3hr9Ehpn1ky_CXmVZBeMpRFcI0XitZH_h-kYSkItlUJ8-qPILt-zYAGhyIKQ~~&ka=search-list-1yGQl9q2wIO.search.278
308,职位详情,初级全栈工程师,杭州多安,杭州,6-10K·13薪,1-3年,大专,https://www.zhipin.com/job_detail/d3d6e6687f5f311e1Hx-29q9E1VR.html?securityId=oDsb9QqJWbLEK-Y1eNROAsuEppYdNSIAyTne4TmClxvfoRaLtl7WQrXrXXrf4y2EAfk3PTC5IVrZTrDA13g1DIv8sh5931zcZ-EgPFX7-VsNFyLt00YLASPvrN9Q-yyPungT-MKA7h_piw~~&ka=search-list-1yGQl9q2wIO.search.279
309,职位详情,全栈工程师,信公小安,杭州,12-15K·13薪,1-3年,本科,https://www.zhipin.com/job_detail/c87b3dbe4524aecc1HF43dm_F1NR.html?securityId=dPx6sIgCi8vRH-h1CCuQh9eWWyBisDHvvdkRZjYqcHiLB7hGkawzC6KwePQh3AB4Dtv6VOYKOfWxmKV3wbur_pE51NXoJsbh6mNpjzf6pvY_24A6ZlIROrgqYdbkx-3to6rJa4A_VBQ~&ka=search-list-1yGQl9q2wIO.search.280
310,职位详情,低代码开发全栈工程师,杭州怯薛卫队通信科技,杭州,12-24K,5-10年,本科,https://www.zhipin.com/job_detail/ceb6c9fe1855235703d-3Nq6EVZS.html?securityId=tXmSzxpSjQve4-v18pfYaUi1BmriISvu9Xw18Mdjcn1oA8o_EQcS6redNdH93YqIp-fbO8y4U7mRBQ1mNS3JIrG6F-GvoSTeQfeOmFKVVv0EyDJuwYaqCMEfTeffM9W9Shba7YlbcwHZEw~~&ka=search-list-1yGQl9q2wIO.search.281
311,职位详情,ai全栈工程师,杭州纵狐,杭州,15-30K,在校/应届,本科,https://www.zhipin.com/job_detail/72be4537f973df9003J43du-EVFV.html?securityId=TmH0JU1KDFgsA-O10a5z0tr3SEQVPPkLe7L_VojxdbQYehwE1aV8ldAxkM1L-Rli3XuSqLPgcCGymbuSqh289Q0ASeDsoRvgz_XVCwC89ArSEGbIC3OrcF8Zq1AVGK5dk_4w5NzWJs8A3g~~&ka=search-list-1yGQl9q2wIO.search.282
312,职位详情,核心业务开发｜全栈工程师｜数据平台可视化,某计算机软件公司,杭州,40-70K,5-10年,本科,https://www.zhipin.com/job_detail/00a5206bd9ecb97b03J62NW-E1pS.html?securityId=wv0cH6m5xl2Ip-A1c8GQIaH7_c5UcDLWx8oXErF6djlmn65_pxRDVUlN_cDOf1rfUd0MwVD0ftt4lLt1m8x1rfbrTmvAX0axK_I5kiPoxCz9qvbzW19cQDz8XbumNqbHvhYld4NWdG9QpA~~&ka=search-list-1yGQl9q2wIO.search.283
313,职位详情,全栈开发工程师,某企业服务公司,杭州,30-60K·15薪,1-3年,本科,https://www.zhipin.com/job_detail/c7a8654bb31438741X1929y0FFFQ.html?securityId=8Gt9cmXTQg3d0-R1lzDq1m3RR31vrh0Dkcqu7cgXNONTBI8CN8cIYfyyvCXJOevaEey01bvxNFVe-F-roXspIYOc3HnDRW8SOyigRQVZ3ubM2DNDgwfANo3lPjzXN0TH3MOlVJDQk2C3fQ~~&ka=search-list-1yGQl9q2wIO.search.284
314,职位详情,全栈研发工程师,正天宠物,杭州,8-13K,1-3年,大专,https://www.zhipin.com/job_detail/ec93e1ffe1a43bdb1XJ62dq0E1RX.html?securityId=Pvzp2iQAwWkBx-Q15wxxpYb1t985uqlk5phhk0kg1uXKFr_ByEByi6hMh3e0lW0yFQM2KLtaRlw-7YlXNy26ZjGo1HPihe4-8B4LZkbmdpKbx2i_7X52607zrz-_hH7-hC7M4iDiv6xt&ka=search-list-1yGQl9q2wIO.search.285
315,职位详情,全栈工程师,北京鳄梨智面科技,杭州,20-40K·16薪,在校/应届,本科,https://www.zhipin.com/job_detail/c20e9604c02c355203dz0tm7F1dU.html?securityId=-azeCejSlLw8o-j1XVWoz3JkEFmkGTZH4aSg5HDl7Oo9QBYvMHld3jGFEQn9KwTeNJawl5MxOXVje3fDPw-2GM4a6zLvVv7erKPbZVedprBLYSH5tqPW00b1FHRyjRt0rYLbk4buDjQerQ~~&ka=search-list-1yGQl9q2wIO.search.286
316,职位详情,全栈软件开发工程师,起点通信,杭州,8-11K,3-5年,本科,https://www.zhipin.com/job_detail/ed97af8356d02c2603V62N24FltS.html?securityId=XGqxAPKrRUTin-y1SMYYGCyjNJ0Y15Dvyw30SRYdOyS06e-Pj2Xyr-_Qdj1O7jEyhGLhSD1KSEhXgfVEzBb0CvC_qD566JH0xDQg3xz0yv95pOcRcoHHWvU1k_ikRNyeUIzTxtzum33iVw~~&ka=search-list-1yGQl9q2wIO.search.287
317,职位详情,中级全栈工程师,浙通服,杭州,10-14K,1-3年,本科,https://www.zhipin.com/job_detail/32d545f6233a4bdd03V53968F1pV.html?securityId=TUroHBCNjSeQY-E12A-1C3vxEdmXxUje_EOY7UHwLubJGEMCCUSMBSnLfdA1-a0t8QiijAuDbzrH0zZuDyakqMMsXqhD7tjikrhUq8ktyj_KK5a__y3D-IpCubXE4N_Xqw0HrC6RyeI~&ka=search-list-1yGQl9q2wIO.search.288
318,职位详情,AI Native 全栈工程师,交易哲学,杭州,20-40K,3-5年,本科,https://www.zhipin.com/job_detail/35e17ec1306076e703Fy3ti6F1ZU.html?securityId=Ae3GXwIznblEz-d1XB0GTwmR5pX2Y8VRnOnuCKBcoGrkWJT6GCp_HSLr81YQS9dse2Lmn9jYNdnClnRgF62JYxCgBxA04Es4Z1PIsaMCVFqxglDBzFqPlQjaHdqLXcaRNiOas7chjPH8qw~~&ka=search-list-1yGQl9q2wIO.search.289
319,职位详情,全栈工程师,杭州双梓星网络科技,杭州,8-12K,经验不限,本科,https://www.zhipin.com/job_detail/4bd5892737cd38a303B829u5GFRR.html?securityId=s2Dyxy6FOXZIS-i1fzj4iypP0g0S0SM7Rym5hMIj8wUAInG6x-S5JqzE9fBy4a8f_OXgM7UxwJ9qXKKa3kHWAryLymLi_7crMNvuixa7iUlVvl9gzLgHGtm6dx7Rk44WgBw-qnS8_2mp3Q~~&ka=search-list-1yGQl9q2wIO.search.290
320,职位详情,中级全栈工程师,三花微通道,杭州,12-22K·13薪,3-5年,本科,https://www.zhipin.com/job_detail/ba64df2c95d2d7cb03B_39i6EVZW.html?securityId=YFUDZmq9KEtBA-Y1i0K_vEFiBing5abq7zxG-56XTKkbL462Qap1TWUr4_jwZuIwm_pLiopvXhSiybubjrlReyZUOiVrFUgLVURrEctqPfEjFLiFl_J8CeQ2kb2SVvEsM7buHHYWGA~~&ka=search-list-1yGQl9q2wIO.search.291
321,职位详情,全栈工程师,奇禾网络,杭州,10-15K·13薪,经验不限,学历不限,https://www.zhipin.com/job_detail/4c1ec3070d23bfdf1XZ50ty1EFRY.html?securityId=cKKGEKeAo6TfR-z1ff-njDeVmaah4ZR0G-eZgrlh3rGSzB85EDf6_q1_DzXev_zyVyWKQsbc6F0HBhZltyKGI11GAXTbpDyuY5JAhPOEZH3rgwsLoe12XC7LojHdypJNRW8AoY9KsISr&ka=search-list-1yGQl9q2wIO.search.292
322,职位详情,手机厂商快应用开发（全栈 兼职项目),杭州店飞科技有限公司,杭州,60-120元/时,经验不限,学历不限,https://www.zhipin.com/job_detail/48d9f3f9dbf107451Hx529S4F1BQ.html?securityId=nJQRgSStXL9e6-D1YH2N20lLFQgERhQrbqQIOXv4jmr304-r7IXCJpnC95NPQdbME1cD-lZzyGCQI1qO3eIqshM1qs6WVRW472aRvtGVdtGnlIGM43h4sGpVj2lFMTswPyZos5_EfGhJ8Q~~&ka=search-list-1yGQl9q2wIO.search.293
323,职位详情,高级全栈工程师,寰映信息科技(上...,杭州,11-14K,3-5年,本科,https://www.zhipin.com/job_detail/84b4e2c5aaa5f9ad03B63N-6EVBT.html?securityId=KxrCWlbQATd3F-Z1wGV5GGUJmjxxwG_0mAHwAcyosRRDNvOusgX7tzc8KnpSWrGpDXbG297ObmIhqVigoQpzleMAyWW857_MRGGBr0HdY9GjJ-MaPMe_dC3l7EXM5o2Ez7GTv1L_218~&ka=search-list-1yGQl9q2wIO.search.294
324,职位详情,全栈工程师,博亦远科技,杭州,10-15K,3-5年,本科,https://www.zhipin.com/job_detail/404cb339d0460a9503F-2t67EVpQ.html?securityId=OeTUjR5p96pV6-t1Yyqaf9wqhKFnjp-b3yjXcQb2KoYMRon9vsSQH73pkAV86jiZ_LuAvGwfTW6MxZ34I2ToBEIbgQnd1hWrh48RuuPxfV0uQRvg2o80bTmxOk2ZRAmHXbzGmbZOyrVz&ka=search-list-1yGQl9q2wIO.search.295
325,职位详情,小程序全栈兼职,微风口网络科技,杭州,20-25K,5-10年,大专,https://www.zhipin.com/job_detail/ea3dc01b9c8add5e1nR82t--FVVT.html?securityId=9XWx2PfACJ81V-U1-hpXmyMCNrXn5NvXHcrdtFXNdLxnd8jnbMMCOlGnZ-xyJIhIKO5vJD58ZL1XVN4UP8PjOH-XSzX5JCl_TGjCKouYyETf9hXipVPgOZgHX320jDL7zyVcKkc6Vg~~&ka=search-list-1yGQl9q2wIO.search.296
326,职位详情,智能软件研发,浙江省北大信研院,杭州,15-30K,经验不限,本科,https://www.zhipin.com/job_detail/f930698bc8376e0a1nx52Nq8FVRR.html?securityId=A3VRrijd7OtjD-e1D0PKVlv_W3XucKCue9DmJCb33lF7s5CNJd1vgC8bqx2kUZ0059kh2C54suU4bd0ge0eU9TjzpwegeAYJTN8aix9W3RFMbQleqRshuaCxUr_NCvXf_V61_VG2xJs~&ka=search-list-1yGQl9q2wIO.search.297
327,职位详情,全栈工程师,万思奇,杭州,12-15K·13薪,5-10年,本科,https://www.zhipin.com/job_detail/f3a5d3a177a2bce103Fz3dy5GFJR.html?securityId=5C8cTtue01cYD-z1N0EvxeZnrXz15Hj5X3tPwPeZXLM1iD2TKn9ir3rcIjw3DPWJT8dWZgn0lQeQ1uEbyjq-4wyT-aGTvStGEBlNfnyrHx7ZPQJ0KcFZf8E1gIYLpz6R7lyuC_9miEM7&ka=search-list-1yGQl9q2wIO.search.298
328,职位详情,全栈运维开发工程师（校招/应届生）,杭州瀚云动力技术,杭州,12-15K·14薪,在校/应届,本科,https://www.zhipin.com/job_detail/e87d7e659b942fa703By2Nu0EFRQ.html?securityId=ks_aghSQsqayI-P1hcWCj5izMCQpCRHJdv6-5mTLqzPJeY_O2oI6pXsZUSx7scO1zm150V2QZP2vKjjcCWgH8J6VqHCIKNOygiBpYvgibGAb_V_jX_rLPpy1ityZDuOlrv6z2ASSWkrv&ka=search-list-1yGQl9q2wIO.search.299
329,职位详情,全栈软件开发工程师,新农都,杭州,10-15K·13薪,3-5年,本科,https://www.zhipin.com/job_detail/8baef68515d8814c03F92d64GFpV.html?securityId=0KVXzbapWeKLk-X17JZF6J8klBV01NBdxB3vcCo94--WCr0wATuSayXgCAiuvSPWcHPEoP0aF2JrpSNqWsD2jK3S52NiF31TBXG6L1ZEUsoIi6CIizwq2S1K2gU3KOQFDc1BE9klXxHm&ka=search-list-1yGQl9q2wIO.search.300
330,职位详情,Java,辛氪,杭州,15-29K,经验不限,本科,https://www.zhipin.com/job_detail/e69d3be4d92273141nZy3t20EFRZ.html?securityId=_HipW0fyaAMug-j1Y4AnCUfl2EpZm6cSmkFnPgieDAxzidDTnGJ2VDP7IKQlKqV5_1QoU-ZeUUVRRGPDFwvwYKjjt0fncJ158X801BSb4pnAgU8yn1EIPG-ctVUMJWORhKJBhhSORhc~&ka=search-list-1yGQl9q2wIO.search.271
331,职位详情,全栈工程师,百杉科技,杭州,10-15K,5-10年,大专,https://www.zhipin.com/job_detail/9ae3319012dc19c11HZ72N64ElRW.html?securityId=ecOC_xSj79R4v-Z1lPm57bMRjipe3rcOtClF81E5jkDVTRlJO1OolBBthtZPH5Hpxe2aeHe21anHF7VbDK8yJf-gzaECeHOO4kvOYvxSWKAO8mTWFlEO2BoOokTneHw5bo7pSowsPPwYBQ~~&ka=search-list-1yGQl9q2wIO.search.272
332,职位详情,php全栈工程师,风起传媒,杭州,12-24K,5-10年,大专,https://www.zhipin.com/job_detail/82a1c9eca81d7c0b1Hd829q5FVNX.html?securityId=Wjk4lygHNaxoU-V1sFYLqF3n1-SR9MzZDxOzQhCOCViWJW5wJhgfO3vb2ow8xnuSdNkALfiyS57jOvq0kGeQthCONlzm4-vNnXjn3KjlsUYFBhBkTgMtoFfGX1YT7xb58YDo2dpJ5ZHr&ka=search-list-1yGQl9q2wIO.search.273
333,职位详情,高级全栈工程师（React + Java Spring）,杭州与光同尘影视...,杭州,18-22K·13薪,5-10年,本科,https://www.zhipin.com/job_detail/1a29da03f837849a03Fy29m7F1FZ.html?securityId=X2El1PYOZtEVM-_1KUYHBGxviT0gziwtPy88ZZZZOMguTCDazyVo7IddDl3y_6SkMvz0eTzAkCUFpP8Ptfvb0qCZDY1WVF2N3-8MY7c0Dbc2TPzM7Ac5-sU87YxpP1eIoV8v_uwMFUXz&ka=search-list-1yGQl9q2wIO.search.274
334,职位详情,PHP 全栈工程师,杭州未零,杭州,12-15K,在校/应届,本科,https://www.zhipin.com/job_detail/85a24a96da5eec6d03J43N60E1tY.html?securityId=A66Vv9H4fplG8-B1zJOr5MbLOSdym5Z4NVvRd57mY78QSUFqEf4OTTMQMe5irjDQr6ksGKuBzASrILgOZPVByt0pIbSPiA2cvNNlh89b3Gs9A4nJqd6DC7DZkZC3od9BnEF4I-FF2jsMgA~~&ka=search-list-1yGQl9q2wIO.search.275
335,职位详情,高级全栈开发工程师,北京某小型信息安全公司,杭州,27-40K,3-5年,本科,https://www.zhipin.com/job_detail/c173e409e1fc358c03B42969EFdV.html?securityId=Y2sYVao97VftT-f1RsCr8n4puzuE0lGZAFEfzz2rXqz9tssgY90IynPx2dXfdQh4AU_ESXyrUwlLdSwbEISAaue0UxSkPj7wyN6TdSzoNoHRcYerbevLSLFHWUcTKmAW-3By8MbI6gzr&ka=search-list-1yGQl9q2wIO.search.276
336,职位详情,全栈工程师,绍虞数字,杭州,450-500元/天,5-10年,本科,https://www.zhipin.com/job_detail/5e7ee3ed7bdbf1fb1H172N-6EVtY.html?securityId=z1f0IPTLynbOl-y11oCaLzhbaJS51QnwPQxsF1aznCnI7v4qnKJHu-BHpeigEedx3_lUWgdvF5pwvuzYJvU48wvCJOcwmJhA50g6oJDmYFyJqPjHiplwpLQDaRXQ6Ovv9JbRGUqQZLys&ka=search-list-1yGQl9q2wIO.search.277
337,职位详情,全栈工程师,杭州杰歌科技有限公司,杭州,8-12K,1-3年,本科,https://www.zhipin.com/job_detail/d146e9bb3e5bcd9b03Bz09-9GVVS.html?securityId=QgldvgIgeoNZT-d1leni3M7aLGU8idvtRtFeqbmo-3R3Wt5N2jP-Te7RYnCcrzu8TE6Nbhgbg7qchZqfvO9h-n2oc8ph1IYQs-6l-8Y45xXq6gs9t_D32vinalzUAqp1mmTlNSY9yQ6UKA~~&ka=search-list-1yGQl9q2wIO.search.278
338,职位详情,初级全栈工程师,杭州多安,杭州,6-10K·13薪,1-3年,大专,https://www.zhipin.com/job_detail/d3d6e6687f5f311e1Hx-29q9E1VR.html?securityId=T4nN1AgmjfT4o-N1_UyynPgNLNdksdgp5ylGDxnB1FQaaB6LGL0rdnjItEpHjhv-sLEX4IMvwb7dEJbjXO9VWhI9xbK4uhzkntjUJ22PWPrmQUIjOWvML7igccXc9rIrJYs9wrXqqn6-Gg~~&ka=search-list-1yGQl9q2wIO.search.279
339,职位详情,全栈工程师,信公小安,杭州,12-15K·13薪,1-3年,本科,https://www.zhipin.com/job_detail/c87b3dbe4524aecc1HF43dm_F1NR.html?securityId=IQuHJaaA6gN4O-A1bdcAT7IdhTOz5ZhYFvy0KoX3TMbUW3Cnc1w1GSVijzDtGqDuq3iQuIU1d3FOFoLIvwWqlyoqgP-T6gTDZIxVMp2pUZ3CJ2ZZQkfyswbP1TsmmtckU6iXi5pzyCs~&ka=search-list-1yGQl9q2wIO.search.280
340,职位详情,低代码开发全栈工程师,杭州怯薛卫队通信科技,杭州,12-24K,5-10年,本科,https://www.zhipin.com/job_detail/ceb6c9fe1855235703d-3Nq6EVZS.html?securityId=QDk3PISd-zqOP-31MdMk48C3rHqpym6jRhmh4G3M-YIkgHVzKVev-NgX8Q5EMqfGZ_4niMxaDyEdg5FOHBGT51Yjw5nAc7KQZwzYIPx6FqOeNC7g2jF-1vT9Q5MnoCQveVRhTrxa0vZ-dQ~~&ka=search-list-1yGQl9q2wIO.search.281
341,职位详情,ai全栈工程师,杭州纵狐,杭州,15-30K,在校/应届,本科,https://www.zhipin.com/job_detail/72be4537f973df9003J43du-EVFV.html?securityId=L71kXKwHiZgsj-t1x-pDu1EZBUKlArAQakfAF_tU0F5GEhBwYkGJwLgjotqDgllyAmvMaovyKK3qeH7TQJMC6rzyLPQl_BZe5g3LtFcKBpfnRbFgH47qE_xyRMEBUJNstqayAaIU2kUEaQ~~&ka=search-list-1yGQl9q2wIO.search.282
342,职位详情,核心业务开发｜全栈工程师｜数据平台可视化,某计算机软件公司,杭州,40-70K,5-10年,本科,https://www.zhipin.com/job_detail/00a5206bd9ecb97b03J62NW-E1pS.html?securityId=xOtuGKQs4Y-tR-g1FSTolsqZHXg_3JK5-UyiDTSxzFbKjR06M92GBuFhQ2JpDwktUYbaToeTZ06K9OeKu3XeyXXVgERVB1nonpOurocxA3a9PoxXbzxRPDg9n9ENdsZhaQdJbOej9JP1ZQ~~&ka=search-list-1yGQl9q2wIO.search.283
343,职位详情,全栈开发工程师,某企业服务公司,杭州,30-60K·15薪,1-3年,本科,https://www.zhipin.com/job_detail/c7a8654bb31438741X1929y0FFFQ.html?securityId=h5q7evPTftPTg-k1kL0WUoNS647r9DFpSUSxhLkbrW8YRlt68_H63XRrlEwofd8XWndF2NORvZ7BQqJgYCzC2RJIPwJ2uZcbPEzTbSNFOuNncqTEWKTPd7O1SNNZIOhc5m-rY-rURqfIwA~~&ka=search-list-1yGQl9q2wIO.search.284
344,职位详情,全栈研发工程师,正天宠物,杭州,8-13K,1-3年,大专,https://www.zhipin.com/job_detail/ec93e1ffe1a43bdb1XJ62dq0E1RX.html?securityId=Dig2jp-5LuyQA-o1CnuDnVOdjvmVgFMJp4BI7h6Dx6i6fPY1P3HPqjl0kuziinHEFDh8wFJ1KPWVaLQhgNzgS9344mW_qWcXus6NwAFSWuiTZTToy5jK39LKn85KvkM5taQYdy87p0oy&ka=search-list-1yGQl9q2wIO.search.285
345,职位详情,全栈工程师,北京鳄梨智面科技,杭州,20-40K·16薪,在校/应届,本科,https://www.zhipin.com/job_detail/c20e9604c02c355203dz0tm7F1dU.html?securityId=kfIDQEf9Jlqqg-D1q3oDfXfhawyueao2dzh4yRdHaW6ugh4sKa83tkMSXuH9UYgfMZzd3-m_R7UNSg8uchisnTSTAWtO4p6QzKihILBe1I7PaafUG5UphaO82t43lY06N9pxOiWfCFYsTg~~&ka=search-list-1yGQl9q2wIO.search.286
346,职位详情,全栈软件开发工程师,起点通信,杭州,8-11K,3-5年,本科,https://www.zhipin.com/job_detail/ed97af8356d02c2603V62N24FltS.html?securityId=xXxzBMTJtTV7D-R1nNaG293tAD6pFPc7GyG2bjL9VZ2hoNEMkAwWPNsjJu44ivbwV3LruZN21a5uBWeVS_UjX9s15vCy-LXwpsNnJjwoq8KKnPMkgKwGJBd6XKCGcHroOYp88qoO8Z5xGQ~~&ka=search-list-1yGQl9q2wIO.search.287
347,职位详情,中级全栈工程师,浙通服,杭州,10-14K,1-3年,本科,https://www.zhipin.com/job_detail/32d545f6233a4bdd03V53968F1pV.html?securityId=v5naMpAxgsSvq-k1zaH5iVGdQZxG-WxtFWqVS3E6vEK8g_0BwuhTHbGS-DAvmlw_BTy0gEhVYPurhfFHoGborpXmcNsJifedsstWAFNOYtymaP4dOT5naeP7yuoF2h6u5-GymNzf-1g~&ka=search-list-1yGQl9q2wIO.search.288
348,职位详情,AI Native 全栈工程师,交易哲学,杭州,20-40K,3-5年,本科,https://www.zhipin.com/job_detail/35e17ec1306076e703Fy3ti6F1ZU.html?securityId=qMFMsRDaKjnyQ-a1eBxqY2uWTu4oRnGU9Y4G0n_tLCw6VyIthlE3CpIutGpke7xs1UVvmrIx-I5dLQipRHnEiHgu1ThimdVfnnjprh9tuTaAwtWE_AIsFAmNOHr5EI2V4_18BCUEMUsOog~~&ka=search-list-1yGQl9q2wIO.search.289
349,职位详情,全栈工程师,杭州双梓星网络科技,杭州,8-12K,经验不限,本科,https://www.zhipin.com/job_detail/4bd5892737cd38a303B829u5GFRR.html?securityId=TChvqoQ4GDiZs-Y1MW4xcOvvMAcVQlZhU8G9IeYXmsUqh_r2VAtkIRn_JoUic__84QNqk0bdUD780G8tWK5fDbj_-IMRPddGZn5-NKz2ALPhGeS1DM4a7Z1v4ubKSfUpnzxiSDuru2R8ZQ~~&ka=search-list-1yGQl9q2wIO.search.290
350,职位详情,中级全栈工程师,三花微通道,杭州,12-22K·13薪,3-5年,本科,https://www.zhipin.com/job_detail/ba64df2c95d2d7cb03B_39i6EVZW.html?securityId=2OGJv88vDCQor-v1ZMO6XrFsTdn4MnbLdVZtldoAuMcYgI3yDA_Hxra4AKANERr4P5I_PGLh4TNB0h1b6W3zjjxgbrJwWNrvgxtN08wXXoUlbflJQh7pMRXWtA4cBuky1RVDDidvTg~~&ka=search-list-1yGQl9q2wIO.search.291
351,职位详情,全栈工程师,奇禾网络,杭州,10-15K·13薪,经验不限,学历不限,https://www.zhipin.com/job_detail/4c1ec3070d23bfdf1XZ50ty1EFRY.html?securityId=gKlu3uBsRPTrz-m1-N21tNiEpgeSw1npEgOA3mKZshFMh9fD_zqquxFaWiiD-Oj0CZXcTphgRkGa1i7j1LgZag4Fi-yw4-2US90j-nMlRO3MbKPtOk4Ky-he3N4-G8TukK_pYQBWA6zC&ka=search-list-1yGQl9q2wIO.search.292
352,职位详情,手机厂商快应用开发（全栈 兼职项目),杭州店飞科技有限公司,杭州,60-120元/时,经验不限,学历不限,https://www.zhipin.com/job_detail/48d9f3f9dbf107451Hx529S4F1BQ.html?securityId=hdSGHL7Qka9i5-T1eUNWnWY9zCZgiBYNgYVEgkAuXeXd5o1frP_IVx46Ru0bTswAUwabBK1ZcGHfvx3gmATG1IduAAE-MG9IpZ9rHdIGaM7pagVlgR6fyBDxJbET6OmXnNb3aFsAigP6UA~~&ka=search-list-1yGQl9q2wIO.search.293
353,职位详情,高级全栈工程师,寰映信息科技(上...,杭州,11-14K,3-5年,本科,https://www.zhipin.com/job_detail/84b4e2c5aaa5f9ad03B63N-6EVBT.html?securityId=4PELEQWCEzgf_-N1zWmdkPG0pnNZ-MI1sxEdAd1lbTZaMA0Cw69JPUFS_3JjolYULC9Z72LSZMQzGBhqML4-i4L3D0m9RIMGvf_b_QQKuIfKvi2BXplTk07DdW02lK7g3FHiO5th4LQ~&ka=search-list-1yGQl9q2wIO.search.294
354,职位详情,全栈工程师,博亦远科技,杭州,10-15K,3-5年,本科,https://www.zhipin.com/job_detail/404cb339d0460a9503F-2t67EVpQ.html?securityId=0bmz8NlDyY1tD-Q1Gf8lgctG2_H4ZYerSQ88GAHzkgNu__XJ67ajKrmLgzxY4i4qy2ygWY53BYFZLsAY5TN-8iz8cfAZG4TCV4ihIpyjsdrq2THFiGYHbPJGrPB4E4V1XB-V82Lh7fmw&ka=search-list-1yGQl9q2wIO.search.295
355,职位详情,小程序全栈兼职,微风口网络科技,杭州,20-25K,5-10年,大专,https://www.zhipin.com/job_detail/ea3dc01b9c8add5e1nR82t--FVVT.html?securityId=-584nS3xvwFPT-p1_StNxj01rale2yq4z-m3DC8lRKwfHE3gGcypOXrisyzVycLCrwI5Dl6LR5WDIvCOZcZi_cshd_KC66BMH2_0kjvP8Py2w5rLgrXhCTA2tMXRBhrB8dGOgyl7sg~~&ka=search-list-1yGQl9q2wIO.search.296
356,职位详情,智能软件研发,浙江省北大信研院,杭州,15-30K,经验不限,本科,https://www.zhipin.com/job_detail/f930698bc8376e0a1nx52Nq8FVRR.html?securityId=GjWdGsunNLkId-d1crtCNSK1iiE_-HQdHBE0m7mLrDGqF9wVfzTXbYO_fGzLqBLWfm6MOdxCZyBqPHAmrJeIZLHpNLZa_NNxd62_vVfEibIsONwvUEJpiL0sLyyBaGkQE3nlJdpdqY8~&ka=search-list-1yGQl9q2wIO.search.297
357,职位详情,全栈工程师,万思奇,杭州,12-15K·13薪,5-10年,本科,https://www.zhipin.com/job_detail/f3a5d3a177a2bce103Fz3dy5GFJR.html?securityId=y5Lf3lOJnASZq-r1qXs7HgRdwyigRO7eqB3iUjM_liu5m3vVYB1pNfe7ZDrHw7pbu1W41q4NYWzp3FG83SN_w-bt1wG_FWIjSpCA5Z3PsqWnTVzqwJPtyhQI0-BtOR6P50Gow3QTq0jG&ka=search-list-1yGQl9q2wIO.search.298
358,职位详情,全栈运维开发工程师（校招/应届生）,杭州瀚云动力技术,杭州,12-15K·14薪,在校/应届,本科,https://www.zhipin.com/job_detail/e87d7e659b942fa703By2Nu0EFRQ.html?securityId=jQ60o6O4Odw5N-z1GJMnDM_4QIiqoYcC_FpXJK2btfHZPNZNUpVKgqfa1hfOLNUsYyoWNTt9eRdayu2FPNXc7MOpIWm_FTY4NO737uZnW-nkB0FOpW9rBWRdecJCCRD6MdqYV_rUZ7e1&ka=search-list-1yGQl9q2wIO.search.299
359,职位详情,全栈软件开发工程师,新农都,杭州,10-15K·13薪,3-5年,本科,https://www.zhipin.com/job_detail/8baef68515d8814c03F92d64GFpV.html?securityId=mevjVZx5A82Lc-w1ZtgqRv8MqcUwSsM3CoJ0CTm5CjPG-P7brGMy4aRN-ckjAzgyW57zJR9aDrBok2Ck0u8twWm8R47xGhli90pkepHLeqsORSXu_34JbYISYVjbfH_9JTqFt7u6-Bd_&ka=search-list-1yGQl9q2wIO.search.300
360,职位详情,Java,辛氪,杭州,15-29K,经验不限,本科,https://www.zhipin.com/job_detail/e69d3be4d92273141nZy3t20EFRZ.html?securityId=93OUhsbAJ3L44-P1SY8KkRg6wNZuwyRrviWB72zcgWQO8z3jkH5l-P8Kas1jjpN-CdJZNhYnyv6bX9rbSCrHJpDiGU_NGeXR_NTpuKFuxU5xBvJYjwHzXVOncZ3T2nh2UjO111D0COA~&ka=search-list-1yGQl9q2wIO.search.271
361,职位详情,全栈工程师,百杉科技,杭州,10-15K,5-10年,大专,https://www.zhipin.com/job_detail/9ae3319012dc19c11HZ72N64ElRW.html?securityId=ZfDMhGDjFgxmc-C1q3QITDdXgV1t4P6SC6ngarRyQBCaQbKs0n-s04K8-QxgoFY9Ki7tuA8srpY3qkfFY2yKLDnASZhBdVJwEhAptxAcjA8KZyeqm7hJRDIHtBK-nM4bT_NAkU8ak0WEsw~~&ka=search-list-1yGQl9q2wIO.search.272
362,职位详情,php全栈工程师,风起传媒,杭州,12-24K,5-10年,大专,https://www.zhipin.com/job_detail/82a1c9eca81d7c0b1Hd829q5FVNX.html?securityId=Br8J7RQ3Dm0eJ-T1C1q6H9uSA6Ak1a5TnlRocq-XMjlI2NPDThjhvarkOX7mX_dwYu43iN9uhHyvmqx-H7W1pvyxKU91KMxaCRAO_5I-GMEdu6cbuvHZqFm6gXAJ_p5Ex-4KGUhO22qj&ka=search-list-1yGQl9q2wIO.search.273
363,职位详情,高级全栈工程师（React + Java Spring）,杭州与光同尘影视...,杭州,18-22K·13薪,5-10年,本科,https://www.zhipin.com/job_detail/1a29da03f837849a03Fy29m7F1FZ.html?securityId=1WUTJx-Wl3ChB-e1w0fRRCUiSxEKL0pqyuvYsroJt1sRmhfHaYM6cdvQtbmXExiYFXdMJGCdPDST8QjYI7mFYJaJvz325driw0TNvVDRcA7Ut8s-7uuSGTgSugcBu8Yo_IUtG7mnLE8u&ka=search-list-1yGQl9q2wIO.search.274
364,职位详情,PHP 全栈工程师,杭州未零,杭州,12-15K,在校/应届,本科,https://www.zhipin.com/job_detail/85a24a96da5eec6d03J43N60E1tY.html?securityId=wQspv6C78FZYf-Z1UlkxPEQhZYdg2lixciPm3qz9taC9elFtTgOvnirO9Gir6WuhWAsfXeVKdZweMIo36rl6-W27yB4IpBlgOQ2HL8TraKnPNVbNfDDWgexIeS5jptCzy3zU2QX_kEwDzQ~~&ka=search-list-1yGQl9q2wIO.search.275
365,职位详情,高级全栈开发工程师,北京某小型信息安全公司,杭州,27-40K,3-5年,本科,https://www.zhipin.com/job_detail/c173e409e1fc358c03B42969EFdV.html?securityId=Ihwha7pIUQF2S-T1f5lTPahq8e8l5niTHa6KZaSDQrgK9zL-PDdZc-Kh7wBYN_UAiJdiVtDiw8ULGD3yWp3yZpYuCauh7_xEipKMnk7UM5FdwwDTPBmU7w4k4s-VsZ9g3CgTFPB6yzVs&ka=search-list-1yGQl9q2wIO.search.276
366,职位详情,全栈工程师,绍虞数字,杭州,450-500元/天,5-10年,本科,https://www.zhipin.com/job_detail/5e7ee3ed7bdbf1fb1H172N-6EVtY.html?securityId=Z4ejsmgBOJ0Sv-o1O5DnKBKtJmApWshirikKDXq0d9U844hRzb5d-QCiC72ikemMg4Ur7IWCJhTb25sIaAj0fCeG4G0oVMy-J5yd4snUnRUOg1i9fbqk8HmKfJfcbALFFxaon9QmGjtU&ka=search-list-1yGQl9q2wIO.search.277
367,职位详情,全栈工程师,杭州杰歌科技有限公司,杭州,8-12K,1-3年,本科,https://www.zhipin.com/job_detail/d146e9bb3e5bcd9b03Bz09-9GVVS.html?securityId=uFPzLHzLAQEZL-i1ouXf8voJlAVnGGRUn83HsWFWmxUyvEIQXOtHwpnHBUXKrbOvN3OizR182znfQyYfIgmfVUd0xG-4Zb16eU_JmdtVCSihrOZw8ebh5J9k7FiQtxmKztSBh6KRv2HQRA~~&ka=search-list-1yGQl9q2wIO.search.278
368,职位详情,初级全栈工程师,杭州多安,杭州,6-10K·13薪,1-3年,大专,https://www.zhipin.com/job_detail/d3d6e6687f5f311e1Hx-29q9E1VR.html?securityId=7kuT-XbWfArwF-y1mLonaGo6TlNa9BYchgm0eVmOrX0zX_1SRp_zd85ImyzRkMfnGwAdxUX-0Bmx0-3YUZZBDlO5HRMRAIEv4Ouxv7b9jpyaVglY1bSbZbuLbLWClot3xEMnuwplXS2UDg~~&ka=search-list-1yGQl9q2wIO.search.279
369,职位详情,全栈工程师,信公小安,杭州,12-15K·13薪,1-3年,本科,https://www.zhipin.com/job_detail/c87b3dbe4524aecc1HF43dm_F1NR.html?securityId=Dzs3JqMBbjO7b-Y1sT_2kiQfKZYhHR4wa6HRedttKzc96pkSlQU1DJ3Xg7XH6EOPCbt5H8NpCpZK-UX-iQTn15-7M--Qgt6fbdc6rZH1DYF4lbNcwdKjgQCtFW4EDivHHb7T0a3HrW0~&ka=search-list-1yGQl9q2wIO.search.280
370,职位详情,低代码开发全栈工程师,杭州怯薛卫队通信科技,杭州,12-24K,5-10年,本科,https://www.zhipin.com/job_detail/ceb6c9fe1855235703d-3Nq6EVZS.html?securityId=fpK8DlxsaXfDt-E1KIZt8moQ6nIIwLMj8lm5pBXAz8IPPaVpjqacYt0pgOoRSl7wPuSWZPezVSH9kiA-POhbjA5LGLKagUhoQ48cpbvk0265khqyixrWq0npsI6mNoAMC_aF5Poig3TyCg~~&ka=search-list-1yGQl9q2wIO.search.281
371,职位详情,ai全栈工程师,杭州纵狐,杭州,15-30K,在校/应届,本科,https://www.zhipin.com/job_detail/72be4537f973df9003J43du-EVFV.html?securityId=2M9an1Fk2zZ7b-y147LsO5tMsCaM4B6ImvUb-y6AOi5pVUKJTFzTjlfzGTaIvwj5M63Ib6qEUaDkf7AbzKOpX59Sn3sduqHUI5ZMGXlJCAFARbvC5ZvDjaWYLfHNmB53H9PgAFPTJfswKQ~~&ka=search-list-1yGQl9q2wIO.search.282
372,职位详情,核心业务开发｜全栈工程师｜数据平台可视化,某计算机软件公司,杭州,40-70K,5-10年,本科,https://www.zhipin.com/job_detail/00a5206bd9ecb97b03J62NW-E1pS.html?securityId=eMuZe69XuxxTd-C1x75xp_2b3FplD7UNE4aDpyLH48JpPe1S2p1qN8LDi-LaAijLsFHUl1T3mOe61o8LG-CI2pQ-ryCI5Fs-vrXYyhWlYBed-luNmTDTOK9jzH7Pd3HC5EJbKVFyEolU2w~~&ka=search-list-1yGQl9q2wIO.search.283
373,职位详情,全栈开发工程师,某企业服务公司,杭州,30-60K·15薪,1-3年,本科,https://www.zhipin.com/job_detail/c7a8654bb31438741X1929y0FFFQ.html?securityId=_6OR3a9zRxg4X-N10C-JD3R2tTlPYv3o0mQvsKngWUiLnqk_mrtv68zFazd5AgB1K302GFvueGtqNWoCbQc89L4fLwnhKtslHiLDRxuHuVzh7RbT495VqnR4BxjVEIA_DpoBdDZaaba3lQ~~&ka=search-list-1yGQl9q2wIO.search.284
374,职位详情,全栈研发工程师,正天宠物,杭州,8-13K,1-3年,大专,https://www.zhipin.com/job_detail/ec93e1ffe1a43bdb1XJ62dq0E1RX.html?securityId=zjV9OINpByPEz-z1p3ETqRV50eeniQH6BWQo6-NWAvUkM5CzUwXgaEFEqirNbVuU8c29sFuQxs1CFrlJQ6eHu-0EdjOAYKIwfBxwnKk_XTOIH-2RzEiKCYIYF8Hgu2huNScobZP7gdlg&ka=search-list-1yGQl9q2wIO.search.285
375,职位详情,全栈工程师,北京鳄梨智面科技,杭州,20-40K·16薪,在校/应届,本科,https://www.zhipin.com/job_detail/c20e9604c02c355203dz0tm7F1dU.html?securityId=4XJPCnNyJ4OTl-n1RqIgygG8gOAk7TNkVwmJaaS57qpEz_LtCD2d1Ynict7l8h9VbNQQP5PL1USik1tf2ou7NCOrUc6B37o7r1GVhWOQIb7hBvC-vevTWkF-t--oepIDnSH39mi4YBaW2w~~&ka=search-list-1yGQl9q2wIO.search.286
376,职位详情,全栈软件开发工程师,起点通信,杭州,8-11K,3-5年,本科,https://www.zhipin.com/job_detail/ed97af8356d02c2603V62N24FltS.html?securityId=o3-fZyebH8gW2-B1ykhqf8ju8YLQDkhaP9ovRlyWtIxojpDH6dgy_jgGdm2--oIMV7ELvQF61smpJKFnkz42GC5thhbwh0nkQ2DYugXMdVEbZxm5C2rpPq-eLMZ3fuRk1f89TXMtFeiEZw~~&ka=search-list-1yGQl9q2wIO.search.287
377,职位详情,中级全栈工程师,浙通服,杭州,10-14K,1-3年,本科,https://www.zhipin.com/job_detail/32d545f6233a4bdd03V53968F1pV.html?securityId=7m3X_qZMalv5h-V1dNBGSgjAA2W4VOSWNUMt8IDnUVYI9RTBVcK_JgNaO0Lzbh-8qAtRg9odI5l9u6m3xITggB5oV9Nnilp8NvYYWcAsukAXYs73ggI9vxepLbEQ4k3PI8eRW3RbHbQ~&ka=search-list-1yGQl9q2wIO.search.288
378,职位详情,AI Native 全栈工程师,交易哲学,杭州,20-40K,3-5年,本科,https://www.zhipin.com/job_detail/35e17ec1306076e703Fy3ti6F1ZU.html?securityId=ouEWamBH_XdnD-l1ktJ_B5-VyrpbMra0NX6FFiMEJXt3T_aQQyTtI38a-Oct1VGraRmGw8gWYTvS60mMJpPKiEGvn5hOnBaM3crUaim5TAskJeDNOjWPnpWGGZj8l6DRiBZomZj5Tg25gw~~&ka=search-list-1yGQl9q2wIO.search.289
379,职位详情,全栈工程师,杭州双梓星网络科技,杭州,8-12K,经验不限,本科,https://www.zhipin.com/job_detail/4bd5892737cd38a303B829u5GFRR.html?securityId=We6GulDwIqgQk-_10f4fO6EwzfWBbpDcYcvSRAjmavb0LkwIID2gWH-KDkl5qzaZKvkT8YzRGAcGqR_vkduyQ0A40XaM3UtDAQHLdbxgD_SgwdkKP8oBaMQ0ZgNr-mQWQuF_gj_e9aqXaA~~&ka=search-list-1yGQl9q2wIO.search.290
380,职位详情,中级全栈工程师,三花微通道,杭州,12-22K·13薪,3-5年,本科,https://www.zhipin.com/job_detail/ba64df2c95d2d7cb03B_39i6EVZW.html?securityId=JtcHgCM3ax7hV-R1u5GhbAcnF_A0MYvCcm2whTScEAtXbiG5-GlFB-4aaqV0cMYChP1HC-mkjNQ0f-sTCYiCzBip63vo7L_jk3Cr5OKWbef7_JTG3TBdDMS95_BPV8B_gQi3Y1l4NA~~&ka=search-list-1yGQl9q2wIO.search.291
381,职位详情,全栈工程师,奇禾网络,杭州,10-15K·13薪,经验不限,学历不限,https://www.zhipin.com/job_detail/4c1ec3070d23bfdf1XZ50ty1EFRY.html?securityId=xrzOy7vLUexHO-f1hD-mY5V1o9-My4SmFANVtsF4pQ0_Ab-PXu7s2VaZwVKeqxAgU6R7-xFjAi4Agg9FXivBs8jGUjx0rh8zhLrMiNzL4zIilDAxNXN_fyiRA6bsmXWMAhUnuQ2qEOXH&ka=search-list-1yGQl9q2wIO.search.292
382,职位详情,手机厂商快应用开发（全栈 兼职项目),杭州店飞科技有限公司,杭州,60-120元/时,经验不限,学历不限,https://www.zhipin.com/job_detail/48d9f3f9dbf107451Hx529S4F1BQ.html?securityId=wk9sROSBqXo2E-a1p_pOMpLXnFGxnhUX_DSuS6Po6APvrokv6YoTrwRgpWzPwRAu4po6BntjMSZyDMl6lzrIe-M4oy2WpMss44wHpgfKhEDXns7Tw0X5yY3b4mPVbVISmgMeqO21GFnfog~~&ka=search-list-1yGQl9q2wIO.search.293
383,职位详情,高级全栈工程师,寰映信息科技(上...,杭州,11-14K,3-5年,本科,https://www.zhipin.com/job_detail/84b4e2c5aaa5f9ad03B63N-6EVBT.html?securityId=o6gEVQRvO6TsV-r1mctUeUX2I_uBum2rRzEo_-W-HI0TT664y5wGva4PH3d5rnk6ek0m_Jb_KByZuR-Tjhnuva2RZABIcuTWllxTzTxXSSz24QHnnqkjunj933I6XSWRIdoWlHWDark~&ka=search-list-1yGQl9q2wIO.search.294
384,职位详情,全栈工程师,博亦远科技,杭州,10-15K,3-5年,本科,https://www.zhipin.com/job_detail/404cb339d0460a9503F-2t67EVpQ.html?securityId=d6MZAVI4OCbq0-G14rBDL4vlS0IiKRSvloSRpDQNSyQwc0C8J2aq39b_kwYesLWfapXruHW-5Tqp8mD8kxuuC_YdAZQHF7CKZOz7KsTjiAIreK3kvSLosTqSWfSciJL_Lx3_Hoqhl2Hb&ka=search-list-1yGQl9q2wIO.search.295
385,职位详情,小程序全栈兼职,微风口网络科技,杭州,20-25K,5-10年,大专,https://www.zhipin.com/job_detail/ea3dc01b9c8add5e1nR82t--FVVT.html?securityId=3fpJSRDFCZ1XV-Z1HH2oWBjL-SwlmafBvobqWYXc1IMKT0aLUxIAHxStgVqyRMI1u4k9_9dE1gGNkQOUtKcgSSB_n5BqZeyyPbnqwIio3Lirqk2wrx-oL11m8WL3JPnLR6mfzhJl4A~~&ka=search-list-1yGQl9q2wIO.search.296
386,职位详情,智能软件研发,浙江省北大信研院,杭州,15-30K,经验不限,本科,https://www.zhipin.com/job_detail/f930698bc8376e0a1nx52Nq8FVRR.html?securityId=tFITriESpGYFL-n14U0-Gq0t7lwz1hphC1Vkux3WgXOoQVwEoyK8f-8tJK1CArDy1abMjBNkrmTbKvHuwOROBuuvxIHxF4syEbT8AfNtsFyhjWwuTiXXGe3nwcRIcy_g7olHuvp5DRs~&ka=search-list-1yGQl9q2wIO.search.297
387,职位详情,全栈工程师,万思奇,杭州,12-15K·13薪,5-10年,本科,https://www.zhipin.com/job_detail/f3a5d3a177a2bce103Fz3dy5GFJR.html?securityId=8Fjiw1WY8SvIz-G1g2FLR_hMlUQtIJAfmzIzVXL_zAxh6zZCk4_6JS524QV5s9C6GUzQ1V56DnCLTSplSeHedeTKCdvBQ9g_wvHkZ6R8TCbMLl_ksbfTL9DXMDt5c6YcOh1pbODh9fzu&ka=search-list-1yGQl9q2wIO.search.298
388,职位详情,全栈运维开发工程师（校招/应届生）,杭州瀚云动力技术,杭州,12-15K·14薪,在校/应届,本科,https://www.zhipin.com/job_detail/e87d7e659b942fa703By2Nu0EFRQ.html?securityId=LBut8ewyyxKfv-H1INmq2QDeqvyDtqywNgoqUSV9KfO1QU7CVa4Bn5PpIIvLegrWXRwtA_jDYsHXHnQEnQsUUN3kUbtVSirDG0UbdaUQ8HA-Ai5NYxXPcEdx8N4abfA4-uhqMQZ1qYMq&ka=search-list-1yGQl9q2wIO.search.299
389,职位详情,全栈软件开发工程师,新农都,杭州,10-15K·13薪,3-5年,本科,https://www.zhipin.com/job_detail/8baef68515d8814c03F92d64GFpV.html?securityId=3Ha4ty6WZlwUQ-P15ojwgebxI7L8opLoEs-z2a1UJf13XChqnjKrazxxDLVs7sis0yeSDGEhPUxyNlJ1dRGceoGJWukM79TXxr8Exs3YdZwmv3ntZVKxo53FNLGt0WQ0qRO-6AAK5flw&ka=search-list-1yGQl9q2wIO.search.300
390,职位详情,Java,辛氪,杭州,15-29K,经验不限,本科,https://www.zhipin.com/job_detail/e69d3be4d92273141nZy3t20EFRZ.html?securityId=9O7C_PKckbvEv-S1mivUdNpQacVcUOnNbMoRWy23FIBPplkzZRDNbYMxjyQ28pKc6yOMmT_vB-AfSKFBdbnfuxoBmDIleguYzNzKXP1BpyNv2an22e2wZVDzlBocPjANPDOEEtp4PvE~&ka=search-list-1yGQl9q2wIO.search.271
391,职位详情,全栈工程师,百杉科技,杭州,10-15K,5-10年,大专,https://www.zhipin.com/job_detail/9ae3319012dc19c11HZ72N64ElRW.html?securityId=6b3hDduo8GZp4-b1t7AwYGO-4HAf6LZE4mzPtWGSg_1U8NVRBWcW6f8LmcBiGIBlf8MXFY1SOXSV0SBnxyaZ9lLZWf_8FGAT-fBODnLjIaJdxTotBBamPOrOiOIwqyuZRGOvU_UaP8GVzw~~&ka=search-list-1yGQl9q2wIO.search.272
392,职位详情,php全栈工程师,风起传媒,杭州,12-24K,5-10年,大专,https://www.zhipin.com/job_detail/82a1c9eca81d7c0b1Hd829q5FVNX.html?securityId=weuq0xLxc9KsN-O1qomijiQY9L1aJVgjMLo5hQB9B07RM_cZg_M_s0uiYuYVAHnnpRZOoAue5q9ZFDe_hVnamJOETyW9egtU8WT44_8pfBKskfAyDcFiGdvge3sEpNWwAHXJ3lsKF1N9&ka=search-list-1yGQl9q2wIO.search.273
393,职位详情,高级全栈工程师（React + Java Spring）,杭州与光同尘影视...,杭州,18-22K·13薪,5-10年,本科,https://www.zhipin.com/job_detail/1a29da03f837849a03Fy29m7F1FZ.html?securityId=YIEHoH0lCfMDc-F1HtS9y4YEgveJnKct637j282V23-jTVn4mpRtqHekPqH_QC8m7zD7JvS96cqtPXGAmSGdPQL1SER0zTia7oCqgfpSJTCTceu5TjtwQkyw48uJUGeK0OwyLjAVg-Q4&ka=search-list-1yGQl9q2wIO.search.274
394,职位详情,PHP 全栈工程师,杭州未零,杭州,12-15K,在校/应届,本科,https://www.zhipin.com/job_detail/85a24a96da5eec6d03J43N60E1tY.html?securityId=5TX8Mj_7HjZbu-T1Nge3BiBZP9CjPnjU6wuRLEtWMe_cUQsUXK3nbbSR2cpIaUQrp9s2ianscyafJhR97yothPjQVA-wpIwUGYTyDwRCt0vgCSTkBvKBoNKiUad2bCU5yfFinqk5zoAwrg~~&ka=search-list-1yGQl9q2wIO.search.275
395,职位详情,高级全栈开发工程师,北京某小型信息安全公司,杭州,27-40K,3-5年,本科,https://www.zhipin.com/job_detail/c173e409e1fc358c03B42969EFdV.html?securityId=Q6bvo3EByX9OR-U1Kd6zg26kQs3p4Ei59E26fgtyF3T3228NSf8lG-bYGOL7cKbntnsOwno4ZT8urxi-Z9TeLiyBXAzWF30Zu9EMYzCUamt5tTMp6WeF3FFej0baJH8tMyrKEPmUQyrb&ka=search-list-1yGQl9q2wIO.search.276
396,职位详情,全栈工程师,绍虞数字,杭州,450-500元/天,5-10年,本科,https://www.zhipin.com/job_detail/5e7ee3ed7bdbf1fb1H172N-6EVtY.html?securityId=8SdmmgGNDCv4w-k1WcUrK-gY2jTiqKtTkErUyXAHi-QHhcGxfliw_5KLaTNhCcMpO0lu5g62BJlPXE8n9IryAx_YK4K7pzzGjWv2qVEFR2pdvmAQjoLTyrXKbal4j-o9nLZ9GR9aUVKo&ka=search-list-1yGQl9q2wIO.search.277
397,职位详情,全栈工程师,杭州杰歌科技有限公司,杭州,8-12K,1-3年,本科,https://www.zhipin.com/job_detail/d146e9bb3e5bcd9b03Bz09-9GVVS.html?securityId=zewoXtxH9fhZ8-31nGAawYAwWS5kCPf_bC00k9oJUuzl7DTJhlNd42pGqTJML2evsjYhDxS_A8nEC5nkq9QJcMKN9JOu9kZRAjeRl-CvUMls32powwJxgaJC_GYbqppcy0a2cMEqr-mSQg~~&ka=search-list-1yGQl9q2wIO.search.278
398,职位详情,初级全栈工程师,杭州多安,杭州,6-10K·13薪,1-3年,大专,https://www.zhipin.com/job_detail/d3d6e6687f5f311e1Hx-29q9E1VR.html?securityId=w83FbAGsZsAbV-P1_WbvhwzQNU9-WCCVi5VuLGWRQoXVujxahEbhz13SpsmhMvMcUArxnuzIxTSwiGA1rHtgleUgj_ku-LAoevccm-cm8CbbA5vM6dhiSTNZ0PDgyXy_L2KxN3ya1rpp0A~~&ka=search-list-1yGQl9q2wIO.search.279
399,职位详情,全栈工程师,信公小安,杭州,12-15K·13薪,1-3年,本科,https://www.zhipin.com/job_detail/c87b3dbe4524aecc1HF43dm_F1NR.html?securityId=NxfSa5GB0p2B3-A1VMswu2fJyEhMyvHYbsNnjyAWPX8C1ripNSH1hDlgFcHK-xQZpkpnbPhAg8Y5M-XazZ6eSma-laYuHrLkVtTLZNz0FF0TNIL8nn_G21JobLsBc6mG1AJ9y9ZtTZg~&ka=search-list-1yGQl9q2wIO.search.280
400,职位详情,低代码开发全栈工程师,杭州怯薛卫队通信科技,杭州,12-24K,5-10年,本科,https://www.zhipin.com/job_detail/ceb6c9fe1855235703d-3Nq6EVZS.html?securityId=CgYrEkcBaQPb7-p1-o30fEt2UH5lWi_nn6eqiZRUq6C7uB_6uYi8P9u4KaZLUnHjWg1OkUEN4h2_CKmPa7ymnpLd3zgwc77gXhlzjfsNNkP-xzRQWJvT4DjMzxJOPz02Bu2fIPNN77XSIA~~&ka=search-list-1yGQl9q2wIO.search.281
401,职位详情,ai全栈工程师,杭州纵狐,杭州,15-30K,在校/应届,本科,https://www.zhipin.com/job_detail/72be4537f973df9003J43du-EVFV.html?securityId=557t8qWnRs-i0-w1zR0hmKPdHYemO1tfiwb7Y9Fr3ELu7raLRx3uYM6AUaotVbR9X2aHA4WnXCYE1y7SV73GTLMRa701tSyIeuuggECJ9bELAXl-UbnESJYzdz-mUUCI7hwAIF0bZoU1Bg~~&ka=search-list-1yGQl9q2wIO.search.282
402,职位详情,核心业务开发｜全栈工程师｜数据平台可视化,某计算机软件公司,杭州,40-70K,5-10年,本科,https://www.zhipin.com/job_detail/00a5206bd9ecb97b03J62NW-E1pS.html?securityId=bjuaUmaMavGRI-r1B2DgOL4Zmu2LR7b6oDJSR9zKLOdQnd08TvBlrstlIkGa0UiaXhuW0jSP4DuDwTOrE5yZkkEX2QbIFbqpzsEFMaYZb-8UYI2ucD8PEFupDz8fuWKBYIxxJ1d35hm0Ow~~&ka=search-list-1yGQl9q2wIO.search.283
403,职位详情,全栈开发工程师,某企业服务公司,杭州,30-60K·15薪,1-3年,本科,https://www.zhipin.com/job_detail/c7a8654bb31438741X1929y0FFFQ.html?securityId=hlLE1awzIvYM4-_1b68-OOaah5daXQwJkZXXudSg72e5TTgzbKrrc4lqi3LvIWGTLwEvMkCcm64Rho4OgiP3zGuwTJc6e_QT4NcT16SH7GEMqlUE5tDegG5kpZgOMG4NJaw0dpmUdD616w~~&ka=search-list-1yGQl9q2wIO.search.284
404,职位详情,全栈研发工程师,正天宠物,杭州,8-13K,1-3年,大专,https://www.zhipin.com/job_detail/ec93e1ffe1a43bdb1XJ62dq0E1RX.html?securityId=nX89GWxRVvF1Q-N1l-y-CgoJTXJlcCd12Itr7YDStTaxbuQ2esr2597pkWGHfH-FOqwvbNRfVN2udfH5pArNoPkkSzkQVIXESPxpQonDebRDC3Ap28K0slCCy0nebqiqhc61Y4S8DXS4&ka=search-list-1yGQl9q2wIO.search.285
405,职位详情,全栈工程师,北京鳄梨智面科技,杭州,20-40K·16薪,在校/应届,本科,https://www.zhipin.com/job_detail/c20e9604c02c355203dz0tm7F1dU.html?securityId=BAKnJyKoF49ix-C1AbLY6ACyGc5pP42mnEbfs7ox7605AP2zK0bS1u-TE5RBQRfkR8E_lmWNHHvVUEuik24-oApG22_f73BUY1jLpam-EIW8GuVSh4_TbttHsRhvp8WABmhaLp7TdvXY7w~~&ka=search-list-1yGQl9q2wIO.search.286
406,职位详情,全栈软件开发工程师,起点通信,杭州,8-11K,3-5年,本科,https://www.zhipin.com/job_detail/ed97af8356d02c2603V62N24FltS.html?securityId=Czi3oESa4heR9-n1c-htEsttCl1CL2amaMuG6_VL4sTJ5BIAJ0TMUEpHmFQitJgZAXihhSD-LKugNEW04xnh8myVPUfnD8DEdaatZgocwaHzf4dN7KOc5mMxhQE1ElJpPN_evc_Kc90gSg~~&ka=search-list-1yGQl9q2wIO.search.287
407,职位详情,中级全栈工程师,浙通服,杭州,10-14K,1-3年,本科,https://www.zhipin.com/job_detail/32d545f6233a4bdd03V53968F1pV.html?securityId=mKJn8a46AD5qv-Z1W065N48SymicWJGIv34SzlesBKvZCM-pFm0XXf_WHcxdKk-Xp57OGq_ko6YfVcJr-CavSyh-8ccbx_TuC_aMbDUWHtOVbVM36P0ThCuV5L97pKNIs8i1u5l6mnM~&ka=search-list-1yGQl9q2wIO.search.288
408,职位详情,AI Native 全栈工程师,交易哲学,杭州,20-40K,3-5年,本科,https://www.zhipin.com/job_detail/35e17ec1306076e703Fy3ti6F1ZU.html?securityId=pouxp1taxNvlI-d1-MPDgN1QtMONgmbVeam72sz3pPt64zyMTKjbnSJf_abfoMypYGUr2-esOK8dvqaVcNH_Wn9LCWknuhmUnIE_Vjcm5XZ6zauXyWf-m1KOAYEFGr66WMLEQ4tGGlSHdg~~&ka=search-list-1yGQl9q2wIO.search.289
409,职位详情,全栈工程师,杭州双梓星网络科技,杭州,8-12K,经验不限,本科,https://www.zhipin.com/job_detail/4bd5892737cd38a303B829u5GFRR.html?securityId=8o-bDvV2PnKhQ-C1_KcizvMrWSyA6HZLCucP_NPhW6Dp8F8hJeFbw8KC2HwWXydriewD8X4K10vO0UcyRSN2LmKjK0AbnqztiCI62TtVwZM9oFKLdYQNuOl2CDpRQGjKUd2ugFpOqEE9TA~~&ka=search-list-1yGQl9q2wIO.search.290
410,职位详情,中级全栈工程师,三花微通道,杭州,12-22K·13薪,3-5年,本科,https://www.zhipin.com/job_detail/ba64df2c95d2d7cb03B_39i6EVZW.html?securityId=4rLZClB2Aqkdz-Y1ulj6pMqSz71Wm7xVFkSclSWo5Xgu6FaYwGpafslTPIVDVT0fUETh8H5lxnUWJYlNlEXUYtpmHy4bsXIK2I51Yyuj7OGOElTorUkXr6LcdR_BJ5CFIqCFZGHmAA~~&ka=search-list-1yGQl9q2wIO.search.291
411,职位详情,全栈工程师,奇禾网络,杭州,10-15K·13薪,经验不限,学历不限,https://www.zhipin.com/job_detail/4c1ec3070d23bfdf1XZ50ty1EFRY.html?securityId=-nUTmWLOWPBUa-G1s4noZ9Qf8ztDQ0sHkzyJy0ofewdBVbgqcYqPdl5lYpy5Hm8q1HYlpg_7Qm0r4wl1ts2dVsq6Gi8Wfyj_pabsq0L-yFm_YSHTQQIyFMgPBevhkttvEiw8Tyj7gIQU&ka=search-list-1yGQl9q2wIO.search.292
412,职位详情,手机厂商快应用开发（全栈 兼职项目),杭州店飞科技有限公司,杭州,60-120元/时,经验不限,学历不限,https://www.zhipin.com/job_detail/48d9f3f9dbf107451Hx529S4F1BQ.html?securityId=LlP9yz68E0kRi-C1sZv0X9uf-n2YPDK-ReEZ3vk8cmhHOxTuAF2BN2_plS4IcBgPGDqPcoiMbBUIz0NlZ9unwtWMV4m0t112c33oa4apZIeSAQcgiGinzFWEpUsMkVdzji1s0W65g_-fGQ~~&ka=search-list-1yGQl9q2wIO.search.293
413,职位详情,高级全栈工程师,寰映信息科技(上...,杭州,11-14K,3-5年,本科,https://www.zhipin.com/job_detail/84b4e2c5aaa5f9ad03B63N-6EVBT.html?securityId=TDgpC3R3TQem--X1bKpzJK2k4jLbel9MhrCwAq7tBLiBHWLvW1r4DWoldzYxDdi9FWCJvyzOSUnSfmxkASKoxKUVoq1Uv7uqgv0Av1quYbcHo76g1_WXWnyLQvIzCjGUgHP24gkyXsQ~&ka=search-list-1yGQl9q2wIO.search.294
414,职位详情,全栈工程师,博亦远科技,杭州,10-15K,3-5年,本科,https://www.zhipin.com/job_detail/404cb339d0460a9503F-2t67EVpQ.html?securityId=2LTz5ye38Z5MP-h1UCB16rsVwQQRCF8IaEMatGF0-qiyLZWyIfQ2_EdcCxYBDYpTEA_Xbe7DkQcwAsYz_JF72EmJofchxDcYhX2GDyaYIeyGkjHZ5i1WGjJ8r9V3gROyOXaQhO-qehx0&ka=search-list-1yGQl9q2wIO.search.295
415,职位详情,小程序全栈兼职,微风口网络科技,杭州,20-25K,5-10年,大专,https://www.zhipin.com/job_detail/ea3dc01b9c8add5e1nR82t--FVVT.html?securityId=q8RNisLsqfYsL-W1zKIYyPBBw_o5h5iWCXMStM0AlY0MwpfEBjqlv9xlBYqZbq6SJ34y116e3lL9W23d98iKn6-ReQvv16vyrv8h1Quj6-Q-hFoQR6bUmpGjpZoR42vY4LroeL1llA~~&ka=search-list-1yGQl9q2wIO.search.296
416,职位详情,智能软件研发,浙江省北大信研院,杭州,15-30K,经验不限,本科,https://www.zhipin.com/job_detail/f930698bc8376e0a1nx52Nq8FVRR.html?securityId=QJonpUQXVj8ka-v1XiSmUc90YP5mw00nBj7j0NdK5illKy1rcmcz_lGRqJ8K80sks2ZvlQOj8Gp55R-cJiPRXny0tc_u7MmGcXHLsQo8b-nOShVwEOw0ChCAnpytWofDzTppAyNVyy8~&ka=search-list-1yGQl9q2wIO.search.297
417,职位详情,全栈工程师,万思奇,杭州,12-15K·13薪,5-10年,本科,https://www.zhipin.com/job_detail/f3a5d3a177a2bce103Fz3dy5GFJR.html?securityId=lZSjxj2gqxGV8-E1oojLs3yvgO1ri7_ko5irI6M1sQBsnw7G3-MnH7p7VFkkFrkUFyMHOGuka5AJiw98QZA-8chqFJvPfXrYfXFZLEDX4vV4zoXGzcvhEFh7OfYQAjvrV0hkj1zsNDO2&ka=search-list-1yGQl9q2wIO.search.298
418,职位详情,全栈运维开发工程师（校招/应届生）,杭州瀚云动力技术,杭州,12-15K·14薪,在校/应届,本科,https://www.zhipin.com/job_detail/e87d7e659b942fa703By2Nu0EFRQ.html?securityId=eChamCYkuFILs-W1hINqedLoXcCyo6kcOeJ_jfQocyN38pmjlnm6Xtik5c-pr9kIAp-6N9eh10jK4DHnzIbSqCvnAROMTN0UkJ4kXJTBLBVRNDJ2iY7BPX1hA4UrJtaxX-EImexAQFK_&ka=search-list-1yGQl9q2wIO.search.299
419,职位详情,全栈软件开发工程师,新农都,杭州,10-15K·13薪,3-5年,本科,https://www.zhipin.com/job_detail/8baef68515d8814c03F92d64GFpV.html?securityId=fwfEE50hCczVB-x1t72foIF2hFoeujj2Ul9t-OfBo6uPS3RlQt8uFQPE38XbhRyj2skJ2WY3nYMnexTe0TmwKQdaU6I6-Io22xZNtuBmiHSRjyf9JTCY8NDsjMVDi3e4_fgA6W8p24Oz&ka=search-list-1yGQl9q2wIO.search.300
420,职位详情,Java,辛氪,杭州,15-29K,经验不限,本科,https://www.zhipin.com/job_detail/e69d3be4d92273141nZy3t20EFRZ.html?securityId=MiY7bLSa4to4X-P1lKgPGv_2A3eqE7PUZEbjfkBrzUjTEvT8xLuyrSC2scT3DO7uCooplOWV4dHB2HQEq7ja3WLKVu8QPOXe7vL9KGFyAuFFDkCOxXDDWF9155sgFY85zAyQngF8XO0~&ka=search-list-1yGQl9q2wIO.search.271
421,职位详情,全栈工程师,百杉科技,杭州,10-15K,5-10年,大专,https://www.zhipin.com/job_detail/9ae3319012dc19c11HZ72N64ElRW.html?securityId=b5DqT4NsrlaN3-h16yWUi0qiZOPjbEbG2Kr1BWljV6BhRQBzho7WIfkVkx_sdCaYA1U_eCSmXzyVxh6PC183kztdT1XGoh6_u9x6aOUpp5U-QHFETM5wbDy6pSuY1tUhE8tUB5JMblSSYg~~&ka=search-list-1yGQl9q2wIO.search.272
422,职位详情,php全栈工程师,风起传媒,杭州,12-24K,5-10年,大专,https://www.zhipin.com/job_detail/82a1c9eca81d7c0b1Hd829q5FVNX.html?securityId=7wy38j2E1Hjkj-u1G1N9s5icnBKY7C8WLdbZa5p65LOOZuyOD2ZC-1KP_8-gdFRMoyNUURoe79kKlBQFbRWdjebZjm4OT1Xhfk4AwVbpCoSTCkDXur-Eqlbb3o6GBSxOegG8MXgI5xgn&ka=search-list-1yGQl9q2wIO.search.273
423,职位详情,高级全栈工程师（React + Java Spring）,杭州与光同尘影视...,杭州,18-22K·13薪,5-10年,本科,https://www.zhipin.com/job_detail/1a29da03f837849a03Fy29m7F1FZ.html?securityId=STxi1wtXyRD9z-l1cSldk0x_Ics7BkvHnh-mE_L8mWbf2GaZsSFHzyr7YgkEMqFvjZkYgRoV4Q68g3hGO5lqevtF5c4M-g5EzijWIHBksBYdjP8JYldVUYaNOssPiJlTQxZFfVQ9hSdx&ka=search-list-1yGQl9q2wIO.search.274
424,职位详情,PHP 全栈工程师,杭州未零,杭州,12-15K,在校/应届,本科,https://www.zhipin.com/job_detail/85a24a96da5eec6d03J43N60E1tY.html?securityId=ei75ygclgzfQO-R1-1FSRn0bnh8N_jS8h9UN6ZDlZqppTYaczTtxPUzciD9Ul3tGZaNMoDYz848XjL0-8Mwb5qu7lqzssKr_hGz06rP5WBsEyCvDHqu45NIAEpzowYNgBTskSYBQRFi6Qg~~&ka=search-list-1yGQl9q2wIO.search.275
425,职位详情,高级全栈开发工程师,北京某小型信息安全公司,杭州,27-40K,3-5年,本科,https://www.zhipin.com/job_detail/c173e409e1fc358c03B42969EFdV.html?securityId=f66cFwUYPNXXN-_1g91c3QLrilfN0IxjXS3xwVmrqS-zbnNxgGNXITX96gVrFGh7L1FcO6X86e2_jSC9qg37ihAjnofzTG-VYiUArLdsIlm0QzTF0JWmH3kH9jpGQOQSk3mBNB3AnQjS&ka=search-list-1yGQl9q2wIO.search.276
426,职位详情,全栈工程师,绍虞数字,杭州,450-500元/天,5-10年,本科,https://www.zhipin.com/job_detail/5e7ee3ed7bdbf1fb1H172N-6EVtY.html?securityId=miLnmxeXZl3Ij-61gSOf-UXahxtCWfZDuJ7VaynVF4yCKx3dTIGzR0feu6Xj7oghZ7tvvTs9rK6P5itkqvysESSbfwximZ00jB6FC3hmVZuWCcjWPAsyQQjPo9iOf524AqrH7UCc_4_1&ka=search-list-1yGQl9q2wIO.search.277
427,职位详情,全栈工程师,杭州杰歌科技有限公司,杭州,8-12K,1-3年,本科,https://www.zhipin.com/job_detail/d146e9bb3e5bcd9b03Bz09-9GVVS.html?securityId=p47nzG5xT6Yzs-J1ujRvaSKdwx5uRHLMuv4F_stkJ8RO7j3OqOaCPZ6WTr1O3oTL1TenzHMWn465uZ47tHbe3YY1WaIsd_ypNxJc4yBj_JcLhjodvPI3p79y10tUBI3Ys6THF4nc84UyHQ~~&ka=search-list-1yGQl9q2wIO.search.278
428,职位详情,初级全栈工程师,杭州多安,杭州,6-10K·13薪,1-3年,大专,https://www.zhipin.com/job_detail/d3d6e6687f5f311e1Hx-29q9E1VR.html?securityId=_xaVz4jxBx6OM-Z1wg5SZlisip3g-xJFpc764Rb2eej__eOYgFPvd3QDqH3cOUIwKti2WosruS5bTrcu4nqgNsjMdPqhfVyCzOBMeZYqiwit-Lx09rM2Dd97F-tNPF97W-V7KrL4o0jwkA~~&ka=search-list-1yGQl9q2wIO.search.279
429,职位详情,全栈工程师,信公小安,杭州,12-15K·13薪,1-3年,本科,https://www.zhipin.com/job_detail/c87b3dbe4524aecc1HF43dm_F1NR.html?securityId=6xDeXisq6rmQ1-_1WvuGUqT9G5E2gVfrG21J-IbOTHKxa5G-eVtxl2pS9BRanLmfOuavM2Fqc7zjuLPWgSs7xcDnX7pgyOWrk3ttESyAarGf_GacGdnQl-HZOaR_t1avCimyQ0c8F6g~&ka=search-list-1yGQl9q2wIO.search.280
430,职位详情,低代码开发全栈工程师,杭州怯薛卫队通信科技,杭州,12-24K,5-10年,本科,https://www.zhipin.com/job_detail/ceb6c9fe1855235703d-3Nq6EVZS.html?securityId=cZkE2gPqCdtKK-_1TeL_0HJKL6PWoAvnIdyqeR8dc8EOKh4cZOZjzEDgmM6ou_3JEMfvDcs33Y2-X0Pg8z44mkupTFDZ1ehaQwhNqvWYYGkqMtoMHaE85XxM3tBJ4TGM1MKHj6WtDqrZZg~~&ka=search-list-1yGQl9q2wIO.search.281
431,职位详情,ai全栈工程师,杭州纵狐,杭州,15-30K,在校/应届,本科,https://www.zhipin.com/job_detail/72be4537f973df9003J43du-EVFV.html?securityId=CDF6pfLxM4HIc-g1hDgtBdKrHnN4PUJ49vTnjktRFm-iufoeT1v4SXlgsga0Ct230I8vR3fQOKbk4-b2rZ_S2KSn5oaYN1NUyxrNLF-O75pg4hOR6RTEm8k2jgHPEK_IcbrxiAEKz7QkuA~~&ka=search-list-1yGQl9q2wIO.search.282
432,职位详情,核心业务开发｜全栈工程师｜数据平台可视化,某计算机软件公司,杭州,40-70K,5-10年,本科,https://www.zhipin.com/job_detail/00a5206bd9ecb97b03J62NW-E1pS.html?securityId=EtlswyGPZVyBe-c13kt9AYCNXlSoe8dPvvkq8XH8doTuuv6R84jR4ZabFpHKAG0PLqnG7r__mD-FJPALl_ydHnnF_EpB-bDtFzK85FN_oMHf6IEOE-PClcFFjqIp-zwChkQXDOrLQcizpA~~&ka=search-list-1yGQl9q2wIO.search.283
433,职位详情,全栈开发工程师,某企业服务公司,杭州,30-60K·15薪,1-3年,本科,https://www.zhipin.com/job_detail/c7a8654bb31438741X1929y0FFFQ.html?securityId=uSXvce5zMTRzB-71BsgzbNHycZCI5uLbaQ3inJw7ehDlbL3aZWdlzvQ3PRuZKdys9B2JTOKp6-hx-BO6md8HdfRQxIhYprvxfAbul1UA-gZ7gG1NOXw7DTbCbB8MqU0SZC1fJVW4V6OmeA~~&ka=search-list-1yGQl9q2wIO.search.284
434,职位详情,全栈研发工程师,正天宠物,杭州,8-13K,1-3年,大专,https://www.zhipin.com/job_detail/ec93e1ffe1a43bdb1XJ62dq0E1RX.html?securityId=6ZIOpAbdeuOYG-01YG6GJolheaukxrK1KnvFxJbtuHYpD64sjU1yJInPhFlTZGpXdU-p0lLjn0AoD9G9k8Th2atel4xbQ-OsplUWF1PWHovr7aIvL0gytWdxyDMp9CxtCu9_vihvfECq&ka=search-list-1yGQl9q2wIO.search.285
435,职位详情,全栈工程师,北京鳄梨智面科技,杭州,20-40K·16薪,在校/应届,本科,https://www.zhipin.com/job_detail/c20e9604c02c355203dz0tm7F1dU.html?securityId=zdXBXJclyKEr0-_1WePiKzBsmY0ir4VRaOENhBCffUa3s1WOq8DyinJNXgi-dSKj3rmEmiC8uiQBalnW5JM4LBMPvwh5WnzQ_tKIyqLtU2a4Nk0zFytnANKBQ6B_xSS4-bTD7nnkd09IxA~~&ka=search-list-1yGQl9q2wIO.search.286
436,职位详情,全栈软件开发工程师,起点通信,杭州,8-11K,3-5年,本科,https://www.zhipin.com/job_detail/ed97af8356d02c2603V62N24FltS.html?securityId=PYm68BMhVhcyu-v1iB6dXXlVZeOxdR82UIeyKRuIsjc9lmw4NFEII7em-OSjk_wtohBZprO8VxlBduxnoYAUXmTmasdFqi36xUKc8iq07rpOtl1JiXDtcNIwySSLxMJ0NLKDsHiqEQanFg~~&ka=search-list-1yGQl9q2wIO.search.287
437,职位详情,中级全栈工程师,浙通服,杭州,10-14K,1-3年,本科,https://www.zhipin.com/job_detail/32d545f6233a4bdd03V53968F1pV.html?securityId=cU3OxzC8LRYq6-X1gsBQ8nAX7Wfe84JsWGKpFPbwttSRbLl-37gfsNYIGpKEi2p1e70U9s2f9QvyjUxo-lKAKWQZENGspqmHhktcMCpbe4exCOjxYrdTob9h--mLxUgM_xYvM-MRRas~&ka=search-list-1yGQl9q2wIO.search.288
438,职位详情,AI Native 全栈工程师,交易哲学,杭州,20-40K,3-5年,本科,https://www.zhipin.com/job_detail/35e17ec1306076e703Fy3ti6F1ZU.html?securityId=WNs77C0TOciW0-A1i4Hk-d0ScX_lcRDWDVFCOb2GVglJSGQ03eFHnz46Jp65inhuzVpmB9_pIoSd2hdpvCuxp_xiGfQgnGRtDT3TSUSf2HLh0fa404rLaXbiPSfyUEhT7-5w9uxY09Fxnw~~&ka=search-list-1yGQl9q2wIO.search.289
439,职位详情,全栈工程师,杭州双梓星网络科技,杭州,8-12K,经验不限,本科,https://www.zhipin.com/job_detail/4bd5892737cd38a303B829u5GFRR.html?securityId=JGZAodvcW1gO5-J1oztpFkoCY80GaVYv4TiOVJwkeu5qwXh2jWa2mGqwy4Orc7sUxSWO3Fl56tXwMo_9t9nQbP8G4nxA6gZgGuvtIBebLTSHloPys4GV-qPgLXWmNslNwTva78woed3dEQ~~&ka=search-list-1yGQl9q2wIO.search.290
440,职位详情,中级全栈工程师,三花微通道,杭州,12-22K·13薪,3-5年,本科,https://www.zhipin.com/job_detail/ba64df2c95d2d7cb03B_39i6EVZW.html?securityId=1GovylXP_EkwN-_1wvR_m3_whG4K5hW55BAjly6Fhf6yhCQgFwAbwkrgSt6J9n6rJdesrs0l_uvfQBU4ZM0sr_Auay0eeCFBd6P1gQqVUBhoZJk7M7yIAbZirZZQXiT-lwgddj8IkA~~&ka=search-list-1yGQl9q2wIO.search.291
441,职位详情,全栈工程师,奇禾网络,杭州,10-15K·13薪,经验不限,学历不限,https://www.zhipin.com/job_detail/4c1ec3070d23bfdf1XZ50ty1EFRY.html?securityId=h3SrNnMXt8hxj-D1UY6Z7kpww3WQeZuMqxpWVt7T_4LfHhI9i7Ok-BfFuHOuSFCFzL9h7AyDn3cfdGfsUo6uVv5FkHzB4q_n7yyr8meZhk08wTuAS39qZVCTL2cCTmQzz82-vIUbA9TD&ka=search-list-1yGQl9q2wIO.search.292
442,职位详情,手机厂商快应用开发（全栈 兼职项目),杭州店飞科技有限公司,杭州,60-120元/时,经验不限,学历不限,https://www.zhipin.com/job_detail/48d9f3f9dbf107451Hx529S4F1BQ.html?securityId=hhU6T1ki77hJ6-c1RmUKSDuSGWjUi5Ba6TLuqy0YnduVgJcLDPnt0jaBQdmiyGTuFm5IdPTcbAxhsGWQegRgrbOz5qySrLRWo-PL5rsQ1GfRR-OfrzmWPFS_EXgzahSjii4DltAHJ4irvg~~&ka=search-list-1yGQl9q2wIO.search.293
443,职位详情,高级全栈工程师,寰映信息科技(上...,杭州,11-14K,3-5年,本科,https://www.zhipin.com/job_detail/84b4e2c5aaa5f9ad03B63N-6EVBT.html?securityId=VhDECDP3C6jui-r1iaexiyxDTAvxeTqTSZXmA9ABZmFoVTvWkJUhRj3MfeWMD-aI6Nal54B6Rf7nvDWM_AYTy4vSb1xnFRg46Z-BKQj9Wh-fHB3AF7BkcQ5JKf0XuH5Kp1fQKPNwOfw~&ka=search-list-1yGQl9q2wIO.search.294
444,职位详情,全栈工程师,博亦远科技,杭州,10-15K,3-5年,本科,https://www.zhipin.com/job_detail/404cb339d0460a9503F-2t67EVpQ.html?securityId=UoeH4T0SAB0cI-q1SWzuYURgWYQb3i6nKtdAe7mpyoRZ45iygTwdcJy5tjcuwKayErBzZhtm38Yl8Zo_INpTq_9MBxqtsVaVTc36XMLpl6ajcUcazFdIfNCqTDtS_ZZZjvRVN1VxEZaC&ka=search-list-1yGQl9q2wIO.search.295
445,职位详情,小程序全栈兼职,微风口网络科技,杭州,20-25K,5-10年,大专,https://www.zhipin.com/job_detail/ea3dc01b9c8add5e1nR82t--FVVT.html?securityId=HdKtfxcURJjjI-Q1ADs4JyLk3z_70AMdLcHmEll3KZeqmWEGrmZWGRBaUXcp11T3PP6TVmqcpAGW5Qn1Na213deb6EGEIxFusGFu-JKA-lCCu7EaIpqHL3IgXw3ZLNTFUxXTCBBo2Q~~&ka=search-list-1yGQl9q2wIO.search.296
446,职位详情,智能软件研发,浙江省北大信研院,杭州,15-30K,经验不限,本科,https://www.zhipin.com/job_detail/f930698bc8376e0a1nx52Nq8FVRR.html?securityId=Xkk9NuP7oIWW9-u1kbcHxIpp032q3VJoDBw1m0DSXgV_lsGQDKeDkvCPd4AixgznlfzPHYVvjiKbuVEhdTPumlDp37tSfJLkxPFIPJ8KHMlhhDTuYyA677ZCnufy1NxX2bvUaZvOnGA~&ka=search-list-1yGQl9q2wIO.search.297
447,职位详情,全栈工程师,万思奇,杭州,12-15K·13薪,5-10年,本科,https://www.zhipin.com/job_detail/f3a5d3a177a2bce103Fz3dy5GFJR.html?securityId=OfYc7SMU4a2IX-L12ntN1X4DhI2KH3GF0s6pUrT-nyxLa_gTPHvEqMpx4j6yQo9CXg1DGgvXzUe3wEJOeUSvJHlUp-kNeTf07-GANr0GYy7k_MjeVQypjTZ4A7Vl45jk86r4d-ujM0EQ&ka=search-list-1yGQl9q2wIO.search.298
448,职位详情,全栈运维开发工程师（校招/应届生）,杭州瀚云动力技术,杭州,12-15K·14薪,在校/应届,本科,https://www.zhipin.com/job_detail/e87d7e659b942fa703By2Nu0EFRQ.html?securityId=ZsQgPCjTacqwZ-K1OJxXv2pj-oqvUuhT0xabo10XqFXNTQ1ktRu3edUrcmn_tII96rM5iVx8cWKelJGUVpjLl2xrXm8DYbgomSrMI-Zxhm2N-dUcN55Q60WnO8NvVyzG5aFs7aAkBwjm&ka=search-list-1yGQl9q2wIO.search.299
449,职位详情,全栈软件开发工程师,新农都,杭州,10-15K·13薪,3-5年,本科,https://www.zhipin.com/job_detail/8baef68515d8814c03F92d64GFpV.html?securityId=Za2MZVCnmrBHr-t1jtdS1OYmKBKUklyyqlbudEree5ysRU1tx8Hx03RyXLALUH-Ev1s-0jUlhf5gJvz98m32tzQcNAw6PIHTj0hESrIg3KJ15Sf6DBtWVXQRqzcc4vq-4msH5EKyrKxN&ka=search-list-1yGQl9q2wIO.search.300
