职位名称,薪资,工作经验,学历要求,城市,职位标签,技能要求,职位类型,公司名称,公司行业,公司规模,融资阶段,公司ID,BOSS姓名,BOSS职位,BOSS在线,BOSS认证,BOSS ID,职位ID,安全ID,期望ID,列表ID,福利,每周工作天数,最少工作月数,区域,商业区,经度,纬度,是否匿名,是否外地,是否优选,是否代理,是否屏蔽,是否直接投递,图标文字,是否置顶
全栈开发（杭州，银行驻场）,10-15K,3-5年,本科,杭州,3-5年|本科,全栈无侧重|Vue|Java|计算机相关专业|全栈项目经验|前端开发经验|后端开发经验,0,银丰新融,计算机软件,1000-9999人,不需要融资,91ff76a8f4f3324e0nZ539y5,邢女士,招聘专员,否,3,af6fbb0422bfdcb60XV80tm_EVVX,96801ac3743d5b3a03J_3tS4EFpR,aBDTXe5ymrDgS-I15r3pWWdwDMF-R05Rk2gwPqfKGdrukC5myFJmnrUhY73e4lD7CByEmfERFQn1ldEAbQD8dCcM14L3CEAo3g7_g2pOOr0U-RWmCRyOLkLqKXkqP7mrL65KBjGvOPE~,615594290,1yECquUO94v.search.1,节日福利|法定节假日三薪|带薪年假|五险一金|定期体检|团建聚餐,,,,,120.195502,30.230137,否,否,否,否,否,否,,否
全栈开发,12-15K,经验不限,大专,杭州,经验不限|大专,全栈侧重前端|HTML|Vue|PHP|MySQL/Redis/MongoDB|全栈项目经验,0,掘财,广告营销,20-99人,不需要融资,71e620f1164b784a1nZ829y5Elo~,陈林法,人事HR,否,3,0f129336243b0f681HZy2dS-EFc~,a1ddb63085765bbf1HV70tW9EVVS,s7d6kWfIBVgO9-M1HPOlyJBmeG_hoPIY7XOH4lnvuHfJX-k5397SwSC7ll-apFVxFcxGQklylWaZcaGNf7tlLyvXJ7lZkY1Lsc-4KdK6Opp6Fz_JNI5MAduZ6c3KmswL-fJwd-mqnesD,615594290,1yECquUO94v.search.2,加班补助|五险一金|带薪年假|补充医疗保险|通讯补贴|交通补助|员工旅游|定期体检|年终奖|餐补|全勤奖,,,萧山区,蜀山,120.259314,30.126106,否,否,否,否,否,否,,否
全栈开发工程师,15-20K,3-5年,大专,杭州,3-5年|大专,,0,杭州汉吴信息科技,计算机软件,0-20人,,90ec55b6c86f62e703Z_0tm5FlA~,朱女士,招聘主管,否,3,6f5f28d1322512e00HVy3Ni8FlVS,9af68e74c8bbb99003F93d67FFtU,3Hdbuc2ZGDVS5-g1X5iAyMt-2E63px1O_kh8tGzt9CLvcV-9-g9R1wEYvqth1V_LDih0yf2EoYCntyDsUMyFWw4MN6PWVhg24S0jBx_gNJLFUV3cYgVkrml_FmRU0VkQKsGXHLpf5DQG2w~~,615594290,1yECquUO94v.search.3,,,,滨江区,长河,120.196949,30.188047,否,否,否,否,否,否,,否
兼职全栈技术开发工程师,30-35元/时,经验不限,学历不限,杭州,经验不限|学历不限,后端开发经验|全栈侧重后端|全栈无侧重|全栈侧重前端|计算机相关专业|前端开发经验|全栈项目经验,6,杭州无达科技有限公司,广告营销,20-99人,,302bd164c67edbaa1X180tq0GVI~,马女士,深化部经理,否,3,0493930cd6b0c3d10nN73tS6F1dZ,7c0913077327d7ce03F82N-4GFVS,iZCG5eM0cQkQG-U18v2e7FF9d01x0DYK8H378g3JlHVEwI-48tHF4NzK6r8el3oSX3Jp-Oja578jk6tWabEYEEzTOl6WUzLzDsVF74kM4WlPI72dAt-BXegDfAy8X_iN94eVFKo1_ND4DQ~~,615594290,1yECquUO94v.search.4,,,,滨江区,长河,120.215903,30.220236,否,否,否,否,否,否,,否
全栈工程师,12-20K,5-10年,大专,杭州,5-10年|大专,,0,盛迭,计算机软件,100-499人,未融资,8eac0c0fcfc3b3d51nJ_3t67EQ~~,张女士,招聘经理,否,3,ec1e36a3643e055833R53d28FVQ~,b8d02ebf5a4d96af03J-2ti0E1FV,6nrLv5l4HZzOD-B1qLT2jR5-qvi8vv1iFzSy1btNCPDd7QdhNMeyJO2hSgiz1jMk6jy0TyO-pG-itMqvhtlSVvaWk-rHdI3d0_hYhhiDkSmsNMI6do6WySgX-Sf7LLxOhk_fU9UbMvc~,615594290,1yECquUO94v.search.5,零食下午茶|年终奖|交通补助|通讯补贴|五险一金|全勤奖,,,滨江区,长河,120.182555,30.188982,否,否,否,否,否,否,,否
小游戏全栈开发工程师（微信+抖音双端）,7-12K·13薪,1-3年,本科,杭州,1-3年|本科,,0,sixthman,游戏,20-99人,不需要融资,05c13a26ef3bf6ba1nx_2ti8EA~~,巫女士,HR,是,3,9f6838749a4838211nV72tS1GVpS,4752f2f23942b69403F929W7E1dT,1inrrhM1IXExj-J1kx-R4zpX1EdpxW1VNqba26SZ0g5rtq33YMLLawkK-mWEtQD2fDErxYqYf_S6V-wkdqUeqLtmXIAswQh5J_IiHuTkhRJQJzpYfx3av0HkT5B38Ks6V39oJVaPueopfLcCrUJn52rSL4C5AwJY87N9QLNCrfXo2piP,615594290,1yECquUO94v.search.6,节日福利|绩效奖金|年终奖|零食下午茶|五险一金|带薪年假,,,西湖区,宋城,120.107164,30.171558,否,否,否,否,否,否,,否
全栈开发工程师,10-15K,3-5年,大专,杭州,3-5年|大专,全栈无侧重|计算机相关专业|全栈项目经验,0,杭州泽氧科技,互联网金融,100-499人,A轮,828f43078a794beb1Xd-29i6Fw~~,张先生,人事主管,否,3,5c9b8aba5a9845db03B52tu6Elo~,e2ab61ce8fabfd8703Fy2960F1JU,fZJaNL-gF1G4A-X1PamdEuhyCvnJNckddXhNOD99lQJLoZLE5YWzXILPl1jsBBwwLYWHrvx0rJXrCaaq-Ds8hb7xn4lDrDqGMhung-TkLjGlv9HABVoawilvJbEEoZlreN36LPZW4Fw~,615594290,1yECquUO94v.search.7,保底工资|节假日加班费|绩效奖金|通讯补贴|全勤奖|交通补助|开单激励奖|节日福利|工龄奖|有无线网|年终奖|加班补助|生日福利|员工旅游|法定节假日三薪|底薪加提成|零食下午茶|团建聚餐,,,余杭区,勾庄,120.12438,30.344852,否,否,否,否,否,否,,否
java全栈开发工程师（支持远程）,50-100元/时,经验不限,学历不限,杭州,经验不限|学历不限,Java|SpringCloud|MySQL|Spring|接受居家办公,6,杭州新榆科技,企业服务,0-20人,,b54c1064c37d82f01H170tS9FlE~,黄先生,招聘人员,否,3,ce2605770baccdfa1Xx809S4GFc~,e9ab85328f09be1f03B93tS9GVVW,DDDOY8O5_gW2A-t1aG8RkgyZ7lXFZF_LZtiSYP21zQi3yXpdcSJjWGSHG2zwBHkHzzmm1xY7hkTuwOoyXQrChIupCSdZPq2IoQ_hpbX9keNnVlqQHjSfBNNtNfeiLu_SwYJ6OEfGJFmM,615594290,1yECquUO94v.search.8,,,,,,120.089322,30.333449,否,否,否,否,否,否,,否
AI全栈开发工程师（医疗智能体）,18-25K,5-10年,本科,杭州,5-10年|本科,全栈无侧重|AI|医疗智能体,0,美联控股,医疗器械,100-499人,未融资,d8a7186faa21dfd31Xxz39y_EVQ~,田先生,HRD,否,3,a8ab6f885e1d6c4d1XN62d6-EVE~,1c6184835486bab803J_3d64F1VR,U8OxFjdAbgcgv-816pch8Mv4h5g-dUboH4BK6ZgV6Qx4veb2hjYF0E3-L7TsllmMyh_UCqe1XJUeUopmlNod51o1KGmIu_AWKqTFBstRtrW_IPucisEEvLBUA3g37202PxDkhA_UTMGf,615594290,1yECquUO94v.search.9,节日福利|生日福利|带薪年假|工龄奖|绩效奖金|五险一金|团建聚餐|年终奖|高温补贴|夜班补助|定期体检|员工旅游|加班补助|股票期权|节假日加班费,,,萧山区,西兴,120.247566,30.204337,否,否,否,否,否,否,,否
全栈工程师,8-13K,3-5年,本科,杭州,3-5年|本科,,0,浙江字优传媒科技,生活服务(O2O),20-99人,未融资,bd3cb65becba6cc81H142ty4E1E~,郭涌,CEO,是,3,d56e3f1de74389410nN73d66FVRW,1503399ca0d4561503J739m9EVdV,s7YoDMDMA5YqL-Y1l-F4H1LyJtfvNdIKVcXYH_AJRSuifuI2qWuDEHWveI2af96EbM6atm57629_3tc6Fl_13lF7TsTEVuWTrmaGwVbvo5N0KOIsfYpQrWpo_PEe7W5HJfJHFaSQannrY7gArbdsodaaic26yFeFNYoDpv9f-DwzbOCatA~~,615594290,1yECquUO94v.search.10,夜班补助|全勤奖|保底工资|加班补助|绩效奖金|员工旅游|高温补贴|通讯补贴|年终奖|节假日加班费|生日福利|底薪加提成|法定节假日三薪|带薪年假|团建聚餐|工龄奖,,,萧山区,钱江世纪城,120.246295,30.246746,否,否,否,否,否,否,,否
全栈开发工程师,9-14K·13薪,1-3年,学历不限,杭州,1-3年|学历不限,Java|CSS|Spring/Spring Boot|JavaScript|Vue|MyBatis|全栈无侧重|React,0,为宏智能,互联网,20-99人,未融资,0a774a8253c3e76a0HZ_3di1FA~~,朱才高,技术总监,否,3,31e1e74b77b5cdf50XJ72dm-ElA~,b33663d07283d65903B_0968F1ZY,e8GFgJqJyLkKO-i1W4F6ecWxkDf9_O5WNcpItESKl4R9miSyLTsTq1rI5AJZk1DYUN7CvX0xQdqShknqxI_2Ag5rLkZWZaEsygpvSpXR0Nx1BxuvxzJRzTG01f-_2cx7K0UiQWFAsWQ~,615594290,1yECquUO94v.search.11,,,,,,120.254376,30.311639,否,否,否,否,否,否,,否
全栈开发工程师,16-25K·14薪,1-3年,本科,杭州,1-3年|本科,,0,零跑科技,新能源汽车,10000人以上,已上市,cb22750ada234f751nJ-2di5ElI~,董女士,HR,否,3,543db2979096dcb50nd90tS6ElJY,e340b43660a46e5203J53927ElVQ,1MjquajGJyLaK-x17vat9qZtqU7s5gUjhs8hSwa4QOfsVykMD1Z5oFOU5HbcuwPGA-W-6hb9_To9v6ZwcxryJ1ZX2hGtRt3haTeXqOM-zZaHAGq0AagwdqRh4f4HQ-a9LP3tYq0ru38qiw~~,615594290,1yECquUO94v.search.12,加班补助|定期体检|团建聚餐|年终奖|五险一金|员工旅游|高温补贴|工资不打折|补充医疗保险|额外年休假|带薪年假|餐补,,,滨江区,长河,120.22409,30.208999,否,否,否,否,否,否,,否
杭州-全栈开发,10-15K,5-10年,大专,杭州,5-10年|大专,Java|SpringCloud|MySQL|vue|MyBatis|Redis|Spring,0,耀辰捷,计算机软件,100-499人,,df214cb46a63f3b21HJ53t61F1o~,王先生,高级招聘专员,否,3,97cbaeefc3ca5d670X150ti_FlRX,265b7a2e681f2eba03J-3tq5GFFY,gYhsiE_UreuUX-Z12nKVb0OMgLDYO5pjMa0iWhSQYUFD3dOQtjCln82ZYgzCHw_Jqkj7nUxB1Hv-EbVt_qipAR7R8f59acwPvriTvPDF-TVvuqyqd5UHZlPx6xSoGbiQH79yCLkbosGGKg~~,615594290,1yECquUO94v.search.13,,,,拱墅区,湖墅南路,120.151753,30.279446,否,否,否,否,否,否,,否
Java全栈开发工程师,6-7K,1-3年,本科,杭州,1-3年|本科,Java|物联网经验|不接受居家办公|MySQL|Spring,0,紫鹏科技,智能硬件,20-99人,,250de820cebee12b1XV90tm0GVE~,冯先生,招聘者,否,3,10312c154ae1c9f10n1z39-5FVtW,450de82f343dbf1303Z82du4FVpW,ZMwhjOsMjdJ7N-T1SDNwV5TQKnoE3yw36Bs8S3xIOfhhAWS6sCvGHU3O20aXWhVoCb5L41oD12jb3B-QSQl9pzMxh5dQrQ-lTjybBjq4753YQjVYzx5SIhlqmr0OrsyWOaUThjKVKSMYaQ~~,615594290,1yECquUO94v.search.14,股票期权|餐补|年终奖|团建聚餐|员工旅游|带薪年假|保底工资|绩效奖金|全勤奖|五险一金,,,临平区,星桥,120.254181241646,30.40472293861393,否,否,否,否,否,否,,否
全栈开发工程师,15-30K,3-5年,学历不限,杭州,3-5年|学历不限,Java|不接受居家办公|Python,0,暖阳阳,互联网,20-99人,不需要融资,5439a1b8f033dd8d0HR60tS6FQ~~,王女士,人事,是,3,c31bf4b77fe46d771Xx62t-1FlU~,eba8d7e77c9fa16603R809m1EVJR,EBHF6hAxWFvcO-T1Wk3saFWI9CHBflYEdfO1O_rQmmL-FYEwYtLCtKX3xNOI1yQ2Q4ssI61JYgUVz6IMji5CLB0mn7u-Nw4KvgEQHQzrgTdp3TNXIneLFX2GknviRG3g2EILknO9A36PV4EYoQqzLKh1WhZoUwKr9HUi47i2kb_f6qA~,615594290,1yECquUO94v.search.15,晋升空间大|员工旅游|五险一金|定期体检|带薪年假|节日福利|住房补贴|零食下午茶|年终奖,,,西湖区,西溪,120.068614,30.291206,否,否,否,否,否,否,,否
全栈技术开发（前后端精通）,5000-12000元/月,3-5年,本科,杭州,3-5年|本科,,6,boso,互联网,20-99人,未融资,20e5396aa82d1d3603V_3964,徐女士,招聘者,否,3,2e3d9538f921a91c1XR63Nm6EFs~,e6158c036483362d03By3Ni0EltX,cYsGmpv0T4Uff-K1xsu9QCqjrONuh1dCMVcLvk_tIyHTKDAMtNwPzGFw44hefXF0tT9Eo5ugx7PMy38ncWrH5fOnwoSwyU0-noosRH1lrgvjTuzWIsH00_DWtwgQbvCNvNo29F8eIA~~,615594290,1yECquUO94v.search.16,节日福利|年终奖|带薪年假|零食下午茶|包吃,,,拱墅区,拱宸桥,120.167385,30.326193,否,否,否,否,否,否,,否
全栈工程师（python),10-15K,1-3年,本科,杭州,1-3年|本科,后端开发经验|Django/Flask|全栈侧重后端|Vue|FastApi|前端开发经验|Python|全栈项目经验,0,添遇网络,电子商务,100-499人,,a39a398e3129073b1Xxy2Ni8GVQ~,汪强,人事经理,否,3,6e7103e8dd6a6a580nd82t--EFFW,d2b49a0c8ddf2eca03F62NW9FlpU,QO6hFPx9xEWDU-D1qG2havqgnIX0IhEa2K-PLmBhA6f06_HJW_KZTOImbxzGRgk45wehoKLDFmMR_RjXZEh65SkA0OvaR4VCd2inCo5TIHoB2WiyygiCGfBUdnZZ9VWtYmp0_Xp4IyxXbw~~,615594290,1yECquUO94v.search.17,,,,萧山区,闻堰,120.170203,30.130847,否,否,否,否,否,否,,否
java全栈开发工程师,12-18K,5-10年,大专,杭州,5-10年|大专,,0,玉乐霄科技,互联网,0-20人,,7e8ad3d92ad4cd0603R_29i0GVI~,毛先生,招聘者,否,3,8c4f9106f5d7041a1HV939-6GVM~,0de08cffcedc6a6103J53N65EVFZ,ktiep9j8VF53Q-L1Q9alAXvWLo6zJ_p3LyKo_fXBls4R-whj_0M7eImRfqdZR6f4gY7AK9mmvcJ_q6bqt7bn3S1gN1xaT9JvP94BT7mZTO3r4KyTB4tZvFgVM5-BxOQVFg8KMOJjj1sg,615594290,1yECquUO94v.search.18,,,,滨江区,长河,120.201828,30.183586,否,否,否,否,否,否,,否
AI智能体系统—全栈开发实习生,100-150元/天,,本科,杭州,6天/周|2个月|本科,全栈侧重后端|JavaScript|CSS|TypeScript|Angular|React|Java|C/C++|Python|Node.js|MySQL/Redis/MongoDB|计算机相关专业|全栈项目经验|英语读写能力良好,4,杭州乐晨进出口,电子商务,0-20人,未融资,d0ed3c888ca1fa7f1XBy0tS_E1A~,巢云平,总经理,否,3,90b56de8ba58ae000nN909-6GFRY,8b3cddda138a3e8703F809i_EVJV,-jrsgkj9ox0jJ-v17n2R3vMTO1oVFxDFcEd_8vmKFcHQcaSJszlbBnvQq6odMhBIVBFoT3wKRiFz17847f5v0Om9JJompMauwjn14kGua4vKU0wFchqunnmcI-hEktKm6alh48Yp8y0YUg~~,615594290,1yECquUO94v.search.19,带薪年假|五险一金|底薪加提成|员工旅游|节日福利|团建聚餐|绩效奖金|年终奖,6天/周,2个月,萧山区,北干,120.284688,30.179334,否,否,否,否,否,否,,否
AI全栈开发工程师（实习）,200-250元/天,,本科,杭州,4天/周|6个月|本科,,4,不鸣科技,游戏,100-499人,不需要融资,e8e231e3c5d76e901n1939u_FQ~~,LEE JIAN LONG,HR,是,3,4f397981b108ee2b0n172Nm4EFBV,97eb3ec64d247daf03B_2tu1FVFR,vdLi9BpePNKgr-o159Q1W_i1qbrfqDgwDv155E37Ysecsc6cEqrJ4gTnSoexW2d2_5y4GX10og7t740nFfiD4OEjRaf_q-BbPOdvaUazr-Q9bgMZ-GzBRVGBVEeEnTyUAZZwsCo28Yt2k0gWAdOmQJRzXgOD2zpb84DlzMc-iZOTz-2B,615594290,1yECquUO94v.search.20,法定节假日三薪|节日福利|生日福利|五险一金|团建聚餐|带薪年假|零食下午茶|员工旅游|餐补|年终奖|定期体检|节假日加班费,4天/周,6个月,西湖区,西溪,120.075561,30.291015,否,否,否,否,否,否,,否
全栈开发工程师,25-50K,3-5年,本科,杭州,3-5年|本科,全栈侧重后端,0,精准学,人工智能,100-499人,A轮,c50f513a4ba7a54c1HF93dm7EVc~,王先生,招聘HR,是,3,b7d010c718495bc80nJz09q6EFM~,1b53d6c3968f977003F62dW9FFJV,xQkwRpOvqwBWE-l1VRXGZwTx0pijbmN0gDgDq_xfm6FqkTe9dmzGxZdQRFPD_qAibhulg14Ar8CF5JsySBcb-27w7F7D9tCkVVNTLfIFHm8WcmcUFJjBle7dJybdDqmWdvu3eb5XgDxOk3GvYdJ6hBjwV1PssJO48njASFhX7CgDkG0-,615594290,1yECquUO94v.search.21,五险一金|团建聚餐|员工旅游|带薪年假|节日福利|股票期权|生日福利|绩效奖金|定期体检|年终奖,,,西湖区,西溪,120.074836,30.288697,否,否,否,否,否,否,,否
全栈开发工程师,40-70K·16薪,经验不限,本科,杭州,经验不限|本科,,0,某知名企业,互联网,1000-9999人,,,杨女士,猎头顾问,否,3,42ecdfd331369f451nV50tq4FFBU,821e3ee5a65391a003Fz39u_GVBS,4S1BZqv7jKFDW-E1EdL9BQzKCwe4oStOqpFlic2eb57c7rURhni7uLeRxIhrH041PVie7JS82xsLsrcbMjUt2EdCuJY_eN506KoDEpaZ8cjVa3MLvYC-_1xKXQjTmdvM08IR4DKRJhut,615594290,1yECquUO94v.search.22,,,,,,120.173231,30.27367,是,否,否,是,否,否,,否
全栈开发工程师,30-60K,经验不限,本科,杭州,经验不限|本科,全栈无侧重|计算机相关专业|全栈项目经验,0,幻方量化,互联网金融,100-499人,未融资,ffc4e8c3103e6c221n150t60,邵燚,招聘专家,否,3,e845ad65c3ba44c61nVz3926FVFX,6b8f7e07f22bcb6e1X1929i7FVtX,HqQ1QMx9gUNQW-i1c-dVWdErW9qE8HP4gBDO0HY7vktZGKy_yGjtf5Y-rstWF_mYU97ShkM3WgMA2--fJAtX-Xix3aqXc3bEvctD6t21dLtZtV-Viy-nulB2MA_fr0qO-umDXUvnj4I~,615594290,1yECquUO94v.search.23,定期体检|加班补助|带薪年假|五险一金|节日福利|餐补|零食下午茶|交通补助|包吃|生日福利|团建聚餐|住房补贴|年终奖,,,拱墅区,体育场路沿线,120.173231,30.27367,否,否,否,否,否,否,,否
全栈工程师（php+vue）（南京）,13-20K,3-5年,学历不限,杭州,3-5年|学历不限,PHP开发经验,0,南京寻优,计算机软件,20-99人,未融资,f1d9ba4d6a1a7a701XR_2Ni4GVs~,张女士,HR,否,3,c2166a4d180554250nd529W7ElNW,e4c1b90119b8f8bf03Fy29y9ElNR,N3yvswQZPNBAg-G1Eqp6wU69V1bcI2IbukXE1OPGBBLUe0Y_XhV2dhxrgs230XaCsJp7q3goOt5f_RdQvnU3XliNa-saMjopnzCOHTXK5Kze4d5YvKaKwzkoHLUivMcH0n-UXyLdfhto8w~~,615594290,1yECquUO94v.search.24,带薪年假|补充医疗保险|零食下午茶|定期体检|全勤奖|节日福利|员工旅游|加班补助,,,滨江区,长河,120.180195,30.189665,否,否,否,否,否,否,,否
全栈开发专家,9-11K·13薪,3-5年,学历不限,杭州,3-5年|学历不限,Java|CSS|Spring/Spring Boot|后端开发经验|全栈侧重后端|Vue|计算机相关专业|React|前端开发经验|全栈项目经验|TypeScript|JavaScript|MyBatis|MySQL/Redis/MongoDB,0,中僖控股集团,互联网,20-99人,不需要融资,6b3b3fa81e0fa4471Xd639W7GFE~,张璇璇,人力资源经理,否,3,5b0fd55323d472540Xd839W7F1VU,e439c24787b2c2941H172dm0GVBU,GFzuIUwo7PngI-A13grRP5_cdVLyj1nbopoFpng--pjKswXYpp1czatG18YCGCCnR_E8Ay6v21SLCVM6BeENHFRDLWhYca3EbGPqV4qW3Xo41N1W3uanXnMeCzfXLlTgFPUHMf1G7dafxA~~,615594290,1yECquUO94v.search.25,员工旅游|带薪年假|意外险|定期体检|节日福利|年终奖|生日福利|团建聚餐|五险一金,,,西湖区,西溪,120.075409,30.289696,否,否,否,否,否,否,,否
全栈开发工程师,10-15K,3-5年,本科,杭州,3-5年|本科,全栈侧重前端|React|CSS|TypeScript|计算机相关专业,0,智微信科,医疗健康,100-499人,B轮,6baa23bef1739dd903B70tu0,许女士,hr,否,3,e1a7ef0ab8362b620XRy3N-8GFdS,cfa1ff5d7669caaf03Z92d-9F1FX,MdG1HNPiusR2m-M15Uwo8Ybp4Tc-98Lkdqi5gHp1guCg2-OTiZybERX8JsSFJjGbtUfdfEspsQML0owN51rzokK0MpJHezZOEoeNlwTE1GaVdfTX14JE3UAPwnkkAwviV5lqSkBE0OM~,615594290,1yECquUO94v.search.26,带薪年假|零食下午茶|五险一金|股票期权|团建聚餐|年终奖|节日福利|生日福利|定期体检|员工旅游,,,,,120.238326,30.183438,否,否,否,否,否,否,,否
java全栈开发工程师,15-25K,3-5年,本科,杭州,3-5年|本科,Java|Tomcat|微服务经验|MySQL|Kafka|MyBatis|SQL Server|架构设计经验|Spring|Oracle,0,龙测,计算机软件,20-99人,A轮,6a52c5b5c73ba6a71HFy3dm-GQ~~,梁女士,GMA,否,3,1195da1df4cc94b83nZz3Nm4EFE~,0b645dad9767c56003R_2di7GFRQ,6b5tDrfK8pgof-u16Fz5fL6rXbeX5QDpHU2e6kHrTEVY3wOUOjkvT2JNxlSbq_vQPBgPDN-b3KQ7rjF9750_3WpdSDzfqHFcCz4JvVW6f5lSGoiGCCMmJr5-7IIHvHHMtPfqNul-KdE~,615594290,1yECquUO94v.search.27,五险一金|带薪年假|零食下午茶|年终奖|员工旅游|节日福利|加班补助|股票期权|定期体检|补充医疗保险,,,萧山区,钱江世纪城,120.239876,30.239141,否,否,否,否,否,否,,否
兼职全栈工程师,100-200元/时,3-5年,本科,杭州,3-5年|本科,Golang|Java|CSS|Spring/Spring Boot|后端开发经验|Vue|HTML|计算机相关专业|前端开发经验|全栈项目经验|每天不超过4小时|JavaScript|全栈无侧重|MySQL/Redis/MongoDB|Python,6,阿里巴巴集团,互联网,10000人以上,已上市,5d627415a46b4a750nJ9,董女士,招聘者,否,3,4ae068addaab1cf51Hx82t60GFo~,92e92d791493bc2703J_2t65ElZZ,RuCnmhcquPE2L-o1K41YTOMqxVXPsy5YvzUrMiK2WcDbHgZlzrbeP4Y-DwLjop2STdxzqBHT2j97WgjUQ5JJucQCdK7zQFFJTDSrqgGB3DVovZ_y_Z0Rh6e7cYuwyG-Gfl-MIw~~,615594290,1yECquUO94v.search.28,节日福利|餐补|年终奖|股票期权|零食下午茶|五险一金|补充医疗保险|交通补助|免费班车|员工旅游,,,余杭区,仓前,120.027276,30.275962,否,否,否,否,否,否,,否
前端全栈开发工程师,12-15K,3-5年,学历不限,杭州,3-5年|学历不限,前端开发经验|全栈项目经验,0,炬核智能,人工智能,0-20人,,5e38503ceb7b0ab61HJ90t6_FFE~,邢昊阳,制片人,否,3,4383bc4370717c900nN40t68FVBS,311939b7118b6b5303R50t-4FFBU,RrQVKHdKstDo9-51eXtk4S7j3cKMpVwWouMZJ2-08ntP6qjyFC-u64zwdr3Z3rlIcBjVNMv8MGt_mTxdSeE0KIH3uXJV3W5851iC7XwTEBih_e5meIcSLxP9LEuJIycjG2Dgrsmq12lX1Q~~,615594290,1yECquUO94v.search.29,,,,滨江区,长河,120.21109,30.21307,否,否,否,否,否,否,,否
全栈开发工程师,13-25K·13薪,3-5年,学历不限,杭州,3-5年|学历不限,HTML|CSS|数据结构|全栈开发|Spring,0,广雾科技,计算机软件,0-20人,,53ffc3325ac46eb91nVz3ti8FQ~~,吴洁,招聘者,否,3,a1b39d3b6db46df51HZ70tq4FVs~,878a4b4e92eba19e1XRz3du1FFpU,MKUhkuNTvI0pk-F1SUaO_Lb4sR65c5s31VqlbxhQrPi1ZL7FYVoRqd0d_oSUuRmQnAgXZM75wLFMe9YGmJYr5Cng0mOdjirYK8aE1RiWqlcDBVfR3wJ9XOZljEnBj5Kq_HN9pCnFljo~,615594290,1yECquUO94v.search.30,,,,萧山区,奥体中心,120.239876,30.239141,否,否,否,否,否,否,,否
前后端全栈开发,150-200元/天,5-10年,学历不限,杭州,5-10年|学历不限,,6,头大侠头皮养护,美发,0-20人,,b87b55f54e7e5c3b1HJ839q4GFI~,张先生,总经理,否,3,e2ad029b19ba1f3f0nRy39m0EVdW,8f9ccf877029133e03J43di_FVRQ,OzkQOAYl33Ibs-H19M0L6MIQTUADQKa9OjcTLwz0-KbgFJCfWYBLh_JcJN6FdkXhuN4kZdFTXDryoJqXlTHG1ve3Uoe_0L1jtFrvZG6N8h_puau5y978bNbZFUAagBSkSyx0B_Wbe3GEMA~~,615594290,1yECquUO94v.search.31,,,,萧山区,西兴,120.246318,30.24173,否,否,否,否,否,否,,否
java全栈开发工程师,9-14K,3-5年,本科,杭州,3-5年|本科,Java|Spring|JVM|MyBatis|MySQL|Oracle|不接受居家办公,0,舍非时科技,医疗服务,20-99人,,bb509b2200ec634803Z73d--FVI~,吴先生,招聘主管,是,3,9b2a37a63c4221e90nZy3Nu4FFFR,f90a3b0603e694de03J-3t-_E1NR,FBj3e44Mgeby4-71RScRSBuBn0A2XAy8teHDlFHz9SnXtviK_dFNH80SC4KCJeCi3xFNHIjQatTafWsWTvjCMsrmI5N1IzaWVT9-JiBKSRbP3fhq6zLgwX3QwFeAjqAEx-JukdhDk8UBix3yoXatDf38AjCIBS2sVDfUNSfAT8m0HYFWsA~~,615594290,1yECquUO94v.search.32,,,,拱墅区,上塘,120.19026,30.324936,否,否,否,否,否,否,,否
app开发 主程，全栈,8-13K,1-3年,学历不限,杭州,1-3年|学历不限,Java|CSS|Spring/Spring Boot|后端开发经验|Vue|全栈侧重前端|HTML|计算机相关专业|前端开发经验|全栈项目经验|JavaScript|MyBatis|MySQL/Redis/MongoDB,0,杭州凌凌七科技,培训/辅导机构,20-99人,,77b8bbbbdc8aaf6c1HB62dq_GFc~,王先生,总经理,否,3,baa470928a87c2760XR-39-8EFtX,4d0dc0f3ca181dc103Z53NW_ElBX,GefZrmZxqVuYO-P1CZ7myq-Tx1OlYJmcWKOLCRDkcVL5hVxe8FibMJ42w8WmP4fjDMEFiZtX-djRpGM5YJYAUu5F-TgA9Zg8FWpHAq6VYLmm9QMDxdwxirWBRODAbu3dKRpJrp2LG5_M0g~~,615594290,1yECquUO94v.search.33,,,,滨江区,长河,120.196949,30.188047,否,否,否,否,否,否,,否
全栈开发实习生,150-220元/天,,本科,杭州,5天/周|6个月|本科,全栈侧重后端|JavaScript|Java|Spring/Spring Boot|Node.js|MySQL/Redis/MongoDB|计算机相关专业|后端开发经验|全栈项目经验|全栈开发实习|后端开发实习|2026届,4,视言,电子商务,100-499人,未融资,9082a0ad07e89bc61Xx72N-8GFQ~,李女士,HR,否,3,795fb58c5972b9d50XV62NW4EFJS,75541d5e597f3f6103Z62dW6FVRR,lLalZpDh3tA6D-P1sRX-m3ti3MkoTRkVkJN-q6CWqr6cbhfrBLq591u8NXH7OOLVhPB5yk1Tci8XSi_Vdl-lcZew0EjSzZF-pLfrXj1pjHHoZ5Jz-SjxKgBjQdqQox3cE3jjhrzZ3XmRWw~~,615594290,1yECquUO94v.search.34,五险一金|加班补助|餐补|带薪年假|节日福利|团建聚餐|法定节假日三薪|股票期权|定期体检|年终奖|底薪加提成,5天/周,6个月,西湖区,西溪,120.075561,30.291015,否,否,否,否,否,否,,否
APP全栈工程师,15-30K,5-10年,本科,杭州,5-10年|本科,前端开发|后端开发经验|全栈开发|全栈侧重前端|计算机相关专业|后端开发|前端开发经验|英语读写能力良好|全栈项目经验,0,成都岛主科技,移动互联网,0-20人,,9418067ad1915b801XV70tS7FFc~,黄啸天,招聘者,否,3,efa82d5510b50a7c1nZ52N--EVU~,e1d597ee2eae2cf91XZ_3921ElFX,Is1T8WFqHwXBB-I1mZktO_kWUAT3vqZyp2qOQkzTHMFNCw64FS1T9sN-eZZ3DjuZS9Xmt7KVKz0wrU6L2kYK1fwvAd5UqJuXVdL5YJdDxbG8GIZ_5J_YaZSpftQymn0FExcTBf5wkHcI,615594290,1yECquUO94v.search.35,,,,,,120.193987,30.201348,否,否,否,否,否,否,,否
全栈开发工程师,30-60K·14薪,经验不限,本科,杭州,经验不限|本科,JavaScript|TypeScript|Vue|React|C/C++|Python|Node.js|计算机相关专业|全栈项目经验|前端开发经验|后端开发经验,0,深度求索,互联网,100-499人,未融资,ffd531b0cbd4133f1XN92Nm0EFU~,罗女士,HR,否,3,e7e3741bc10d83390HZ43dm7GFo~,2adca0f283bff7601H1z3t25EFZR,JJp9OsHoPObE1-c1sFMAozRZ_cOw4P1EJ0HJ4BX7jSlYIzjzxWPQXhRFefiRqgC-5mb6UToDCT0gh9jOL-o3vPld8_a-IcsN4neQXrs9zleiSMjW9E9sGuwtsiQjPWdTHtmRvzwL3Uzb,615594290,1yECquUO94v.search.36,节日福利|住房补贴|零食下午茶|定期体检|交通补助|生日福利|团建聚餐|带薪年假|五险一金|餐补,,,拱墅区,湖墅南路,120.173869,30.27375,否,否,否,否,否,否,,否
全栈开发工程师,25-40K,3-5年,学历不限,杭州,3-5年|学历不限,,0,杭州繁星未来技术开发,互联网,20-99人,不需要融资,c8ad3eabb838a2b01Hxz29S5E1A~,杨女士,招聘者,否,3,ed5c2843c604286f0HRz3dS0EFVW,78edabbe588dc0ef03F_2d29F1dX,LilqGe9sOAOlh-g1b04rLInDHsItN5EARshj_cDwrke2whpXcdlLVCoyglOuaNUPse2jnYkzCu7pPxZ0XuiOiJdvg5uC6jsLteFrUep2E1biD5eGMKq22ecLUKF65w2hBft08V45dPA9rA~~,615594290,1yECquUO94v.search.37,免费班车|有无线网|底薪加提成|绩效奖金|五险一金,,,萧山区,北干,120.236974,30.197314,否,否,否,否,否,否,,否
C# 全栈开发工程师,8-10K,1-3年,本科,杭州,1-3年|本科,TypeScript|Vue|.NET|全栈无侧重|全栈项目经验,0,杭州玻瑟,其他制造业,0-20人,,b641c5bd29e36eb21HFy2d61Elo~,姚现勋,招聘者,否,3,0f90f8a2eb129dda33Zz2dy_GFU~,faebe3c61ed9695a03F43925FVdV,9TkOAebcijeMt-f1uvDbR7llSFxugvQzRJgpn74lVbZ2VsMfHSyvIbhyW3r1YgyTF3qBYBsfOGFhjlN12s3jQNHQQB2vWVfYcDVk_OvOq7zKwjz3ZtmRoxJfxfkzsCFZe94VBex3lqHr,615594290,1yECquUO94v.search.38,,,,滨江区,长河,120.184308,30.15068,否,否,否,否,否,否,,否
全栈开发工程师（银行项目）,14-17K,5-10年,本科,杭州,5-10年|本科,TypeScript|Java|后端开发经验|JavaScript|Vue|全栈无侧重|React|前端开发经验|全栈项目经验,0,软通动力,计算机软件,10000人以上,已上市,c8311034740eee121nVz09S7E1U~,杨婷,高级招聘顾问,否,3,96069f723d52034103F70ty_F1c~,76ca3b12e7c0fff303J72tW1F1JX,zlTgwdTGB5bxe-T1h4Na2QIJwBpF2jf50cL_PNgN8DcGe0E__wKqzeSp41zQt7AD-ZQLo0RC29KAM9x52rYJug1q6vAFihqkxi25uCcYa55xR1HqZq3vNIxqWGH0SUycu80yiW7VIC7u,615594290,1yECquUO94v.search.39,通讯补贴|零食下午茶|补充医疗保险|带薪年假|加班补助|生日福利|免费班车|五险一金|交通补助|节日福利|定期体检|团建活动,,,滨江区,长河,120.171914,30.188534,否,否,否,否,否,否,,否
Java全栈开发工程师(26届毕业),100-180元/天,,本科,杭州,5天/周|6个月|本科,全栈无侧重|CSS|HTML|Vue|Java|Spring/Spring Boot|MyBatis|计算机相关专业|全栈项目经验|微信小程序|uniapp,4,杭州默蓝科技,计算机软件,0-20人,未融资,7390ee4142183e431XJ-2dq8GVc~,潘先生,招聘负责人,否,3,3d5fd579e9063cf10n173tW9GFBY,4f2169746dbc653403Fz39y4FFtV,4vmUPf1nzJgaV-C1ogpXDewz7s-uiX1cpocAVYW0pUeo81Y8rE-Z4Va3zKQo296672XRt5AtLgjfPwDBohPnJ5x_ME9xfViPuwESSelJGE-AJaYNLOKscQhBx397F-WeEIGQ1oH-H_ELOg~~,615594290,1yECquUO94v.search.40,带薪年假|绩效奖金|五险一金,5天/周,6个月,滨江区,长河,120.195476,30.183397,否,否,否,否,否,否,,否
全栈开发工程师,10-15K·13薪,3-5年,本科,杭州,3-5年|本科,,0,杭州泰丽诗,电子商务,20-99人,天使轮,10c3e960a5a800781HJz3Ni5FFM~,万隆,总经理,否,3,36c86bb528a42b790nVy29S-E1VS,f459c9cb57785a7a03d82tq-EVdY,xnSJBzRhWhcSd-L1iX6ES5f-Vw7My9rBb4xxmnDGmkKROXQS6HL0-em4JU97P8itjZFkJSbBjBxxM2rAXptxFJt9VRpFCVldooceRmAvXxRIniA2OPdgv4Z8KGb7I7IFss3zAuKfX_dvTQ~~,615594290,1yECquUO94v.search.41,有无线网|节假日加班费|带薪年假|团建聚餐|法定节假日三薪|绩效奖金|年终奖|五险一金,,,滨江区,长河,120.210209,30.182857,否,否,否,否,否,否,,否
技术全栈实习,180-230元/天,,本科,杭州,4天/周|4个月|本科,Java|Python|Spring|提供实习证明|MySQL|技术全栈|Vue,4,天识科技,互联网,20-99人,A轮,5c53cd7421bcade41nJ-2tm0GVI~,李先生,招聘者,否,3,04ec1b0981b84d571nV_2d66ElU~,31c85d72cae329b91X1z3du6FlBR,pczabV8P2Rwy--X1mZBoq4XM9TeNFFYGyV0kK6YYYKseIqYyJnbtkQKoFEVwCwflkBP70RNxe9W2IakTEF_gSsilEF9CDqukdwo93Me_WKcXdNeUtP9PorgUrIkR8_jLE3Z1BdJmuyZb,615594290,1yECquUO94v.search.42,带薪年假|加班补助|股票期权|绩效奖金|五险一金,4天/周,4个月,上城区,南星,120.176208,30.217609,否,否,否,否,否,否,,否
全栈开发工程师,10-15K,3-5年,本科,杭州,3-5年|本科,全栈侧重前端|TypeScript|CSS|React|计算机相关专业,0,杭州易和,计算机软件,20-99人,不需要融资,f9743e44ef3ad39f0Hd52dy_,严女士,人事,否,3,1d4554b0e7cc743a1Xx53tS5E1U~,6eb35c9aed7e735903d70tS1E1BS,N8bDLCJ4geSvm-P1nDdRHu817ZexAZzC_q5NAoV2_oZFXWxaiRp-OPdA80X6c6Yk3cR0BzEgztqRu5OGGpkv6qDqerUUjrVoteliFdCY76H0LzWNGmWgPB_621-UpSeZWEaB-AsedA~~,615594290,1yECquUO94v.search.43,年终奖|五险一金|节日福利|交通补助|带薪年假|员工旅游|通讯补贴|定期体检,,,萧山区,北干,120.238395,30.183442,否,否,否,否,否,否,,否
全栈工程师实习（JAVA/VUE）,120-150元/天,,大专,杭州,1天/周|6个月|大专,Java|CSS|Spring/Spring Boot|JavaScript|Vue|全栈无侧重|Node.js|计算机相关专业|全栈项目经验,4,蛟龙软件,计算机软件,0-20人,未融资,62f9244d79bc3de733Z63Nq_Fw~~,毛先生,经理,否,3,176c55ec6c85c0fc1XR_2Nu_ElE~,228c95fbe56684661XB-2968GFVT,1kMQfMVnvTAV9-S1yE8fTS9qpD5PpjrnPYgDIrlvMkQ_Ai_hCwq-reK39AoTeCoQiN0u_ChOiu6tzieBt-bgSaYI53GwOu_ptKLW7Evqh8WQ-Er2z98GTNFjMHjbsRabNbVxUchzRYI~,615594290,1yECquUO94v.search.44,员工旅游|年终奖|带薪年假|股票期权|加班补助|五险一金,1天/周,6个月,拱墅区,康桥,120.144111,30.34503,否,否,否,否,否,否,,否
全栈开发工程师(uniapp+java),600-1000元/天,经验不限,大专,杭州,经验不限|大专,全栈侧重后端|Vue|Java|全栈项目经验|前端开发经验|后端开发经验|crm,6,江山欧派,其他制造业,1000-9999人,已上市,198957143a77fd4233V53N-7,唐先生,零售开发部部长,否,3,0ba477c92d0c8a9103Nz29q4FVc~,297e7dbfd79184cb1H1y3ty0FlJV,SsAV14LKNlx4T-q1VBqAy0s1UDD5QRg5_siyvhr-qdio6G3F4SWhivERM_2a2e-qnGaIi1JlmojeNuomFok9Uaaxf6Vzd-J0VAxLfWVDaDAGQ6LMYlC5zjxAbpyg4aEzFSYzIAnqUw~~,615594290,1yECquUO94v.search.45,全勤奖|定期体检|节日福利|年终奖|带薪年假|免费班车|通讯补贴|五险一金|员工宿舍,,,上城区,四季青,120.214942,30.253737,否,否,否,否,否,否,,否
开发岗（web/Android/iOS/c++后端/全栈）,40-70K·14薪,经验不限,本科,杭州,经验不限|本科,,0,某大型互联网平台上市公司,互联网,10000人以上,已上市,,陈女士,猎头顾问,是,3,2f041e8096d4db4c1nV639S7GFJS,ed06b6797327b64003Fz3Nu8FVdZ,LgaOUwfqVrTYn-01Tddj76e7gnyHBpIS307qhvGDJosRqLkEV72BcYtMqupygWcpbgqZ25GGlHml2LR-KzfjUA4fiovWiS-UTpEO9oQeP9csZ4WoAlwjFURIFGd2kiotMgA59uQoD_PNlVkhB-cE15xoFRigJHfhMFKcrQPCILaU8naB,615594290,1yECquUO94v.search.46,带薪年假|股票期权|意外险|通讯补贴|有无线网|高温补贴|节日福利|底薪加提成|五险一金|零食下午茶|绩效奖金|全勤奖|年终奖|补充医疗保险|团建聚餐|定期体检|生日福利|员工旅游|保底工资,,,,,119.290717,29.468884,是,否,否,是,否,否,,否
java全栈开发工程师,7-12K,1-3年,本科,杭州,1-3年|本科,Java|Nginx|大数据经验|不接受居家办公|Hive|分布式经验|Elasticsearch|Zookeeper|Dubbo|Spring|Python,0,大连百优软件有限公司,计算机软件,20-99人,,e0124337f6b2d3db1nF-3t-5GFs~,于先生,招聘者,否,3,eecb7919446c58b01nV43Ny-EVVQ,cb210bc1fa580d4903Vy3du4FVBQ,1hAk6UjzEiyFB-s1QF4YA4lATmfX9C0ctVb-ea4Ys2MJQaQaeU0nttaX6CZq2rMxlhwCDKqJcQDGmfUhKVtnU6euw34slg0F_sEp1HdaC7BGo-Poi5LRfofWaJ5e0s7otVBtLxFqxLE24Q~~,615594290,1yECquUO94v.search.47,五险一金|年终奖|股票期权|零食下午茶,,,余杭区,未来科技城,120.002985,30.28106,否,否,否,否,否,否,,否
广告前端（全栈）开发工程师-Ads Infra,30-60K·15薪,3-5年,学历不限,杭州,3-5年|学历不限,JavaScript|计算机/软件工程相关专业,0,字节跳动,互联网,10000人以上,D轮及以上,f409f37f83a6135b0nV_2d25EA~~,朱先生,广告架构工程师,否,3,5e2a45d364fa98240XVz096_FlJU,7f84745c3d0e29741HVz2ty6E1VS,eRXJOLAb7czUZ-O12WmENgMrViB8IPCky9xJY-fPYRruavGE7MNJe6ZuQMTQOa2v__IrSlI_oOcMJ2_uzt0p3C6gt7eodtK2hyN8FQ9_XrCTKvFnVh3SzXiYYZ3PaKb9MU5pl5dk9BGS,615594290,1yECquUO94v.search.48,餐补|团建聚餐|股票期权|带薪年假|就近租房补贴|补充医疗保险|家属自选保险|定期体检|住房补贴|年度体检|五险一金|意外险|免费健身设施|家庭关爱假|绩效奖金|年终奖,,,,,120.215103,30.253769,否,否,否,否,否,否,,否
Java全栈开发工程师,7-10K·13薪,1-3年,本科,杭州,1-3年|本科,Java|JVM|MySQL|Redis|架构设计经验|游戏后端经验|不接受居家办公|接受实习/在校生投递,0,砺剑石,计算机软件,20-99人,未融资,8e8766f0de0478151nV-2dm8F1U~,张馨予,行政管理总监,否,3,bf9032a7fe35ef031nZ40t6_FVRS,67b76a103010dc2e03Z43dm7FltR,skCIwuA0iIW4P-J1d3tOHzXBu7GJclqSnrrAyfsY6hQ5BQt4xU4tXy2S0q7GpYXc5CUVfEp1Epx4jF2AyuVXDI4y0IQqAlyZoBmp4RpnZCYGY5ZH9wFASP83NQ0I-UyKDYd9MjVDZubwIA~~,615594290,1yECquUO94v.search.49,免费工装|保险|交通补助|全勤奖|保底工资|有无线网|带薪年假|绩效奖金|员工旅游|通讯补贴|节日福利|年终奖,,,滨江区,长河,120.205532,30.194493,否,否,否,否,否,否,,否
高级全栈开发工程师,12-16K,3-5年,本科,杭州,3-5年|本科,全栈项目经验,0,华跃晨科技,智能硬件,0-20人,未融资,6ce2c319e28265761XF-29m1E1M~,李萍萍,人事主管,否,3,4853c8bd68a2751b0nx52NW1GFFZ,282539e7a527859103J-2t27E1dT,fI9ZwKzY6L2fA-v1V2JKBi86iQrwstBfQ1KfxXz7jtQtw9a2nr3G9gLdzrCSVI47IcsxYMhpQ6dFjaWNxAOqPhnCarU0XKMFvfZ287uD__C3l1dXOnb0UiSQ5FWj3Q51V-FV8t-CNuLnEw~~,615594290,1yECquUO94v.search.50,通讯补贴|餐补|意外险|底薪加提成|年终奖|高温补贴|交通补助|节日福利|带薪年假,,,拱墅区,石桥,120.191086,30.328488,否,否,否,否,否,否,,否
全栈开发工程师,20-40K·15薪,3-5年,本科,杭州,3-5年|本科,Node.js|JavaScript|后端开发|全栈开发|Java,0,滴滴出行,互联网,1000-9999人,D轮及以上,980f48937a13792b1nd63d0~,曹宏博,资深开发工程师,否,3,036b6b28e2b5dc3d03V60t-5F1I~,8d71e8a0763eee400XR43Nq-EVU~,smnLrm7qZ6OaJ-Y1NiJdX9fCDLetH7VeIG6OTGtMww8OJ8hH71a1u4LLz0dQP8fDm4SQB45SMhW9u2NXNKZB8OLbtAdu9-T9mJvkjomlN0W8oL2udtHnMXVtlaLTADH-etuBbRs~,615594290,1yECquUO94v.search.51,股票期权|补充医疗保险|五险一金|年终奖|定期体检|零食下午茶|免费班车|节日福利|交通补助|带薪年假,,,余杭区,西溪,120.049062,30.278926,否,否,否,否,否,否,,否
全栈开发工程师,10-15K,3-5年,本科,杭州,3-5年|本科,全栈无侧重,0,浙江南面律师事务所,法律,0-20人,未融资,6b57b95cf5edf6a01nB809m7EFU~,郑先生,律师,否,3,21026ceed9ba27bc1H1539W0FVs~,888705e567f25b1b03B40t6-EVFQ,sOZfSe1ueChaJ-U1U4oA0TGK5BN6dQDiDTWQIphMcFdCAvo30l-0un55hpgMApuNlJn6MKOnibr1igecjN2IvyOwCNHxm5pH56VgTRwZ8V4q4d2HuEie2LE2A0WJXcgithhcXxp9da75,615594290,1yECquUO94v.search.52,,,,拱墅区,上塘,120.169139,30.276043,否,否,否,否,否,否,,否
全栈开发工程师,10-15K,3-5年,本科,杭州,3-5年|本科,,0,浙江清大科技有限公司,互联网,100-499人,未融资,56f90a3443c753f81XR439q0Fg~~,侯女士,人事经理,否,3,e3cbc2bc1a60959d1X1429i8GVo~,42bf28ff43a21efe03F83964GVVW,_ME1CyTHqvlh_-V1vNNVJ2LG1yFN8dzOp1zpJVfXqvh5-_k6XImbcju4xg0H-USFwkso0VDFgnkQcdeaK4Rseh9TUVShxe2QCiNqprcggmtH3pb6PHaEo_TcRiCQRN1YI6_NgFB9PLQ~,615594290,1yECquUO94v.search.53,年终奖|全勤奖|交通补助|五险|生日福利|节日福利|带薪年假,,,西湖区,西溪,120.064595,30.312036,否,否,否,否,否,否,,否
全栈开发工程师,10-15K,3-5年,本科,杭州,3-5年|本科,Java|大数据经验|团队管理经验|MySQL|搜索/推荐/广告经验|云计算经验|架构设计经验|Spring|Python,0,天芷,互联网,20-99人,不需要融资,9d0fb5f88ec1587d1HZ43d60FVc~,许女士,ceo,否,3,13938a3c2aa33c941HV42ti0FFY~,9272c6ca370d651503B_09q6EVRW,N3XzLT-lAT0jB-S1VFdT9z99hfN5oQhUfMUl8ZSrRjh4jr-DIGBUKSBJLYqLrOGmOtBXbPWdpz_fu1N1zp_DkqZgh_jiTdbsUZzJwTfURFPWZ61pq1Ma9rgFGsfFXuc48rE67QW7ZmOA,615594290,1yECquUO94v.search.54,保底工资|零食下午茶|带薪年假|年终奖|底薪加提成|团建聚餐|绩效奖金|五险一金,,,余杭区,勾庄,120.115133,30.369061,否,否,否,否,否,否,,否
全栈工程师,120-170元/天,,本科,杭州,4天/周|3个月|本科,,4,杭州安思达乐信息科技,计算机服务,0-20人,,1217c925ac9aa9bc03R_39u_GVM~,赵新,招聘者,否,3,a00f2c98710941670nN72di0F1RR,f023391600745e5f03J43Nm6E1pV,SO7tb4dFPwBXR-e1XDYECGNROoMihjtg2bNlgNmOSoc-GUQllul-0aDOg1Ed5qH-bb5uODNjXW-Olp__-lkGMwORS7Iz8PrbAWDpkINgDDqPI1ihv0mCrITZexrOeVMEMsd8wquUm3oEgw~~,615594290,1yECquUO94v.search.55,,4天/周,3个月,西湖区,西溪,120.063554,30.308403,否,否,否,否,否,否,,否
全栈开发（remote）,30-40K,1-3年,本科,杭州,1-3年|本科,TypeScript|全栈无侧重|React|英语读写能力良好|Python,0,某计算机软件公司,计算机软件,20-99人,A轮,,程女士,猎头顾问,是,3,cf1226082c7aa39d0X1409i0E1E~,cde605b64570683e03B90tW1FlpV,KmMKyl4EWXDOm-31g6Hk5kyVjuabmWjlyRiaROyj0Z24ThsYOVnVC1_TgdP14rsz43tW4lJs9vKYL7jglr9F-GtSrN8tcvvpF0p79Q9GROH5aV5_cTbBGDK0ekT38iuFEvUbDrMl2WPLpeRhjZEjC_CFGlMqlc0ziJGh_x5Vzu4mvdK7,615594290,1yECquUO94v.search.56,补充医疗保险|住房补贴|绩效奖金|意外险|带薪年假|定期体检|股票期权|五险一金|团建聚餐|员工旅游|零食下午茶,,,,,120.073956,30.290867,是,否,否,是,否,否,,否
fullter工程师（java必须）喜欢技术 全栈,5-10K·13薪,经验不限,学历不限,杭州,经验不限|学历不限,,0,杭州兮极科技有限公司,计算机软件,0-20人,,9a06850c68d45f191XN62d2_EVA~,顾先生,HR,否,3,9bbfc377294e45880n1_3d20F1pX,a3b28879779baae103Z429S4FlJZ,uKLzb12XlCIxi-21ReW3a6PZ-d6jn0_cL8-qhDOGgW-URkuB7nBmrPKoGfTkYTkJu9k45MqarNL2BwnlUF46qYN6xfcdAr85KitUuNq-5wZP5WcFO3pdBFslkQh86SAOXgcLCM_YiZewEA~~,615594290,1yECquUO94v.search.57,,,,滨江区,长河,120.229127,30.215823,否,否,否,否,否,否,,否
【急聘P6-P7】Agent全栈开发工程师-杭州,35-65K,3-5年,本科,杭州,3-5年|本科,Java|Spring|MongoDB|MySQL|不接受居家办公|推理引擎开发|ai工程|大模型工程开发|ai研发,0,阿里巴巴集团,互联网,10000人以上,已上市,5d627415a46b4a750nJ9,张亭亭,招聘专员,否,3,a98174c09a9d38360Xx52d61F1A~,91fd22c42d4972f103F739u7EFRR,FFl9-gDas52sn-n1x4o5jTDDK7t_sw35fr4R2cl0wopOeyldhj76S5CA2u8tXEo8xZ3Fs9xeNVTxAD_38Bn7Hj39TuQbOiQ86NzCfomM4n5MMICHP_4HlbldFIOWCb_y9B32xA~~,615594290,1yECquUO94v.search.58,零食下午茶|员工旅游|五险一金|补充医疗保险|节日福利|年终奖|免费班车|股票期权|交通补助|餐补,,,余杭区,仓前,120.023164,30.28337,否,否,否,否,否,否,,否
App全栈开发工程师（Uniapp+PHP方向）,15-30K,3-5年,大专,杭州,3-5年|大专,,0,杭州久良公司,服装/纺织,100-499人,不需要融资,64903c86a20326ec1X1z3tW_ElY~,周女士,负责人,否,3,04a46cd517c6d5410nB92d60FVpZ,aeae4afd62255cfe03dz0t2_F1BT,6qMdvITLl0hFX-V1rkLiqBHgReKlaTaWahPLXh68B8n2G59wV-tfL0iJCdjThuF43W0RJiC70S2aDppJDw_A-LJ0gCAVTtPdMqjTfayIajpLqbjgl7aEmMpJ_7wPtXSDc_sBqO8m0_VXHw~~,615594290,1yECquUO94v.search.59,交通补助|团建聚餐|带薪年假|保底工资|加班补助|企业年金|年终奖|餐补|五险一金|定期体检|免费工装|底薪加提成|绩效奖金,,,滨江区,长河,120.20238,30.152737,否,否,否,否,否,否,,否
全栈开发,20-50元/时,3-5年,大专,杭州,3-5年|大专,TypeScript|Java|后端开发经验|Django/Flask|Vue|全栈无侧重|前端开发经验|全栈项目经验|Python,6,启悟元智科技,计算机服务,0-20人,,f9d53891e2d0fa2d1Hd90t27EFU~,江先生,招聘主管,否,3,8d7b1fbcdc366e291XF739u0Ew~~,2994620c55c2a7de1HB_0tu5FVVQ,WFUPYOJTtDWE6-h1_ourFU60D5UFP9AqU1Fk2ZtX_NuIa0xT4EjUpyRBRhNFO7rypTNu0eM8qhzmxWjlS5zDDqUmfLo8qL1pLD35FBRHtNkWKBhQT_UpibI-kSV5uQuGHxKgmKHx2Aw~,615594290,1yECquUO94v.search.60,,,,滨江区,长河,120.215782,30.19455,否,否,否,否,否,否,,否
全栈开发工程师,15-26K,3-5年,本科,杭州,3-5年|本科,,0,闪铸三维,仪器仪表,500-999人,不需要融资,9bb79c81235bbd561XJ_3tW8Fg~~,沈红利,HR,否,3,4a7ab875e02095030Hdz3NS8FFo~,0ebb16d729ef6aff03By09u8FVpQ,NdUB2iETgLvUp-L1PcVycQqadrDEiye8Aky4hBfkLBtprZRfDWiC2YQmSmIY5-s7B2aa2vi_DrBxAGWQU08B-mWF-xaxffqwg0yQ4X9xW8BJRIlV-zjcumucMD8do9lIliIw5F1gDTM~,615594290,1yECquUO94v.search.61,全勤奖|股票期权|五险一金|员工旅游|节日福利|生日福利|带薪年假|定期体检|年终奖,,,西湖区,西溪,120.125729,30.282859,否,否,否,否,否,否,,否
全栈开发工程师-杭州,12-13K·13薪,5-10年,学历不限,杭州,5-10年|学历不限,Java|SpringCloud|MySQL|vue|Spring,0,中科朗智,计算机软件,100-499人,天使轮,fcea98a5ffc7e3a70Hd-2dW1Fw~~,艾成松,技术组长,否,3,e2f0afe7bb6a12a91HZ72d27FFE~,d806fa953b71497303V829m-F1JQ,J8CBrf1idk-nz-31pOCpkHsbh1X7tkcLNS3xm8D2u-vjJOSNCkErSqxcsnENFu7Hj_6vf5648hIXEbbJ4CZtcMR25V_GckhrYiYrbp-eDY6cuy9KkVN1rvoHwCbA7i2ktR7XCO3U_GQ~,615594290,1yECquUO94v.search.62,节日福利|带薪年假|定期体检|五险一金,,,拱墅区,上塘,120.183075,30.31441,否,否,否,否,否,否,,否
全栈开发工程师（侧重前端）,12-20K,1-3年,本科,杭州,1-3年|本科,C/C++|接受实习/在校生投递|JavaScript|HTML5|全栈|React|计算机/软件工程相关专业|前端开发经验|Python,0,宇斯人工智能,计算机软件,20-99人,不需要融资,9d8e7474d509b8251XZ90ti4EVo~,王艳秋,人力招聘专员,是,3,2e034dff5c7cf65e1nV739i6GFdU,c872ade69d8ddc9d03dy2Ny1EVZU,RdcshZJO43bN2-U1r7uVhG0bqQBBdxyE75IuvbTSQbrz0QB-uuXjBC3XYMaMJJtduGbofQlxNoLYa1J4dPNDk0AqKm3he8QU8JS6p5VLAi_8QNJa_4-v84kXEEu6e76jIA1yLqVCEOtyFeVIlDERlR7z_3jUsU2R5LEQOTmGjlOP-jkAVA~~,615594290,1yECquUO94v.search.63,节日福利|带薪年假|团建聚餐|年终奖|零食下午茶|高温补贴|生日福利|员工旅游|股票期权|五险一金,,,拱墅区,拱宸桥,120.12648,30.327793,否,否,否,否,否,否,,否
全栈工程师,25-30K,3-5年,本科,杭州,3-5年|本科,全栈无侧重|全栈侧重后端|全栈侧重前端|JavaScript|Java|Python|Node.js|计算机相关专业|全栈项目经验|前端开发经验|后端开发经验|英语读写能力良好,0,某小型人工智能公司,人工智能,0-20人,天使轮,,王先生,猎头顾问,否,3,12d93f5d9f55f05b0XRy2dW4GFJT,688abbe65de3ce7e03d-2dy9FlZT,jolYs6P9KI4Yj-01MmEsYfOk6WZxDf7LEGpQEouFjYw-arlgcnrqcBiq7q6VFRvoPPNl4cmF1kGudrurTB7bgh-M5HdscjjGDRjlmIL3y1S8_NFd6p6cJy3lXXhg54vsEZfarzCD3EX-3w~~,615594290,1yECquUO94v.search.64,股票期权|绩效奖金|年终奖|带薪年假|五险一金|保底工资,,,,,120.061159,30.255079,是,否,否,是,否,否,,否
初级全栈开发工程师,100-200元/天,,本科,杭州,3天/周|3个月|本科,Java|JavaScript|Vue|全栈无侧重|计算机相关专业,4,万物维新,互联网,0-20人,天使轮,ef2e0ab1fee3fe231HV_2Nm_EVo~,缪先生,项目负责人,否,3,cd98865fed9e3c7a1nB9096-FQ~~,a725be10b30cb58d1H152t68GFdW,RWj9mBNodYc3I-21se39g0I3NcVNT7dtPfR454ixhoaMKvwQy2apBCVM6XSNl0jmivis_qBaQsmz9wAevqMkAhOqXVMSdcmxLIigkkDGcMF9oqijzAYDZwYr8fipCKdjbTuTCH4jHdw~,615594290,1yECquUO94v.search.65,保底工资|股票期权|绩效奖金|法定节假日三薪|节假日加班费|员工旅游|团建聚餐|五险一金|定期体检|节日福利|生日福利,3天/周,3个月,钱塘区,义蓬,120.490616,30.311811,否,否,否,否,否,否,,否
技术合伙人（全栈开发 - 具有AI产品思维）,16-29K,5-10年,本科,杭州,5-10年|本科,Java|Go|分布式技术|React|Python,0,掌柜乐,移动互联网,0-20人,,4731562c6f8311391HVz3tW7F1A~,吴近愚,联合创始人/CMO,否,3,f6008d29954a97800HNy2d-5FlE~,d20490a91a6b542c03J40tq1EVtW,O9OyXN5m52bkw-Y1kAsbyXIgThLB8K-di0KcTq22YJ-eVE3BXFkCJIFO3bW9FY3g2HTMjH5ayc9mlWjyskQcMalCHjzf5CR4nZGdQnJN25lbDEE6dbuxiT518if3quFwANVcoC1C6AK8,615594290,1yECquUO94v.search.66,保底工资|零食下午茶|有无线网|通讯补贴|五险一金,,,富阳区,富春,119.91572,30.064178,否,否,否,否,否,否,,否
AIoT全栈开发工程师,18-22K,5-10年,本科,杭州,5-10年|本科,全栈无侧重|全栈项目经验,0,浙江如新,智能硬件,100-499人,C轮,ec3bbe2ebdcbd1731nR_3tm7EA~~,李女士,人事HR,否,3,283762141d5509551HB82Ni5E1Y~,0154901e7553609503Fz296_F1NT,gxGaaybVmlUxM-U1krOQ6pcQepPglHS1o6HXwvqySiK3XPPtjL_lVecbD9DAqA_uskPWMon5hoj9yBbvJxTRloFUDbLLNZk7cZXptrp6kZXmP4ChWqpKaoCbQT0mBQlqPr_RzHAk0f8~,615594290,1yECquUO94v.search.67,定期体检|生日福利|零食下午茶|五险一金|工龄奖|餐补|团建聚餐|带薪年假|节日福利|员工旅游|年终奖|全勤奖|加班补助|意外险|股票期权,,,西湖区,三墩,120.076549,30.308702,否,否,否,否,否,否,,否
全栈工程师,10-15K,10年以上,本科,杭州,10年以上|本科,全栈侧重后端|全栈无侧重|Vue|Java|MySQL/Redis/MongoDB|.NET|全栈项目经验|计算机相关专业|后端开发经验,0,杭州宏玥工程咨询...,房屋建筑工程,0-20人,未融资,3d31dbd935e7ab1a1nR82N25GFI~,何慢慢,招聘者,否,3,f1af7669910621cf1nV42tm5E1VX,3ac9b3674da35d8303F939i1FltT,-87yc72UuU2r6-j11ubGhy_1mMdNkHdmXxKoimv7L9xkWMYSh1ULa53xuk66SN6ASYZyN3gtZpxuJjlQxKvJp_Pp8I3FwCF7pbVd2vw_yVaKBlo9084UP2fCWgWZ8g5gqwqHlBuJE3iKsA~~,615594290,1yECquUO94v.search.68,,,,钱塘区,工业园南,120.380389,30.291359,否,否,否,否,否,否,,否
全栈开发工程师,8-13K,1-3年,大专,杭州,1-3年|大专,Java|Vue|JavaScript|HTML|计算机相关专业|全栈项目经验,0,数造云,计算机软件,0-20人,天使轮,f6eae5b7cb899fc31nB83tm_EFQ~,臧文平,招聘者,否,3,0d055280287f0c8903B63tu4FVQ~,37f67a29f12d196a1Hdz3t25GVVY,JQIKEBknHEtOl-S1xHVr1kPHFl2V8pygIOD3penQpeStQl1NM7pG0c6M4eQqppmGupvHVmOgHrstF3mmT9M1k23tG4CywHXN2C_Q_yi5D9vyigLhGWEyuD8SyjZmve3BcGOzDG9q6Uk4,615594290,1yECquUO94v.search.69,,,,钱塘区,白杨,120.373265,30.307982,否,否,否,否,否,否,,否
全栈开发工程师,30-60K·15薪,1-3年,本科,杭州,1-3年|本科,,0,某大型互联网公司,互联网,100-499人,未融资,,冯先生,猎头顾问,否,3,87c54bb78d2923570nR_3Ny1E1BT,5213baf23ea92c7703Fz3Ni4F1JZ,JHqoaT-4d1gT0-q1McRmL9unEo9kCvYtXRbBZegdKIvuobt9c8733zKAvNKtk93_1HwmQwMX2m790DqyVT0mHHz5Pmj7CLQx1TK-0Kib20-RCd27upZkHRgMTkdFfu0ckn5mhFL2scKJvw~~,615594290,1yECquUO94v.search.70,餐补|五险一金|团建聚餐|节日福利|交通补助|零食下午茶|住房补贴|定期体检|带薪年假|生日福利,,,,,120.173869,30.27375,是,否,否,是,否,否,,否
高级全栈工程师,8-9K,1-3年,本科,杭州,1-3年|本科,全栈无侧重|JavaScript|HTML|Vue|Java|Node.js|Spring/Spring Boot|计算机相关专业|全栈项目经验,0,天赐宏业,计算机软件,0-20人,,9a20eb4cbec08b761nx62Ny5Flc~,孙怀海,技术经理,否,3,7bdcfa802df29e171HJz2du1FFI~,cb7ffc740abb2d1f1HF42tq4ElpV,XmlQ4AdoMMQfG-11-l3Ps4EmZidkGzu3Syg_gs0rXkvGaWVaeZ6FlgvRMfpxcGdQvrB1af-8TO62o_4OdmE2npgAmJMlD3_OOdtlZROY-yFIvpwrrZ-iUkTp1xRPo-Eq5G6K842xA486,615594290,1yECquUO94v.search.71,,,,拱墅区,湖墅南路,120.157956,30.296096,否,否,否,否,否,否,,否
AI全栈研发工程师（杭州）,20-25K,1-3年,本科,杭州,1-3年|本科,Node.js|AI与工程,0,晓多科技,企业服务,500-999人,D轮及以上,7a6c3a5ab18fb8f81HZ729-6FA~~,向先生,技术总监,是,3,d6ecfad4ade1c38c0XV93t-8FFJY,4c1a1b77abd9c22a03Z62Nm7GVVY,gN6J252224ZOv-j1zCwZwrz-lVEtz7D-jnbzXqy1oxGWx-2iMebJ3CpAYn5VkrGoZ3lBipMto3Q_n0pQlnBc9hpOaWaPxlqpJrFP_ic6I-QBmbQv8VH6QEyCtBmRgNW2lrkGLW-OaWAloscgfM3EDH1UDDNErDO_5z8m9vh4YgyZiptI,615594290,1yECquUO94v.search.72,绩效奖金|补充医疗保险|团建聚餐|员工旅游|年终奖|生日福利|股票期权|节日福利|定期体检|五险一金|带薪年假,,,萧山区,西兴,120.264771,30.221386,否,否,否,否,否,否,,否
java全栈开发工程师,7-12K,3-5年,大专,杭州,3-5年|大专,全栈侧重后端|JavaScript|Vue|Java|计算机相关专业|全栈项目经验,0,杭州亿普,计算机软件,100-499人,,e245b31c4d374a3f1HJ-092-E1Q~,柴先生,招聘者,否,3,71fa51f0300cf4950XN63Nu7EldX,1ff4bb34a190a62c1Hx72dW_E1ZR,1vVo-3Oqs4dR8-21CHguNwbrY5Xfp67NX4V1ktJ_NPCBPzTHlKBYt6pKsdHXlG8BhjcDy020A4VEUY6vG7TxGc2iQ98A7BD0VqB0M5rBLvraMAOed6YkW2F1zjdZqjkhujfAbG0Frmq9Bw~~,615594290,1yECquUO94v.search.73,,,,萧山区,宁围,120.326048,30.219416,否,否,否,否,否,否,,否
java全栈开发工程师,11-18K,1-3年,本科,杭州,1-3年|本科,Java|不接受居家办公|微服务经验|SpringCloud|MySQL|Kafka|react|Spark|Python,0,银信科技,计算机软件,1000-9999人,已上市,8b7a3b8b3703e5761XR50t-0,罗女士,招聘组经理,否,3,7f44b9dfe3534c710Xdy2NS9FVA~,68d8b8dadd462b5e03F92N--ElRQ,-u-Jy4rixaxQV-i1_cSQ9jSafF-_pR3plqCec_Y_QVuTdGUFUL8xmx7O2vmJCZNn0F-vUg_nhYMtxkHXR6pyEuFZPhg3gXlz95_LaPbBwqcmBuySU5OIdSatRuRg4fDvz3W8gZVAPg~~,615594290,1yECquUO94v.search.74,五险一金|带薪年假|定期体检|员工旅游|通讯补贴|年终奖|零食下午茶|补充医疗保险|节日福利|餐补,,,滨江区,浦沿,120.172509,30.186074,否,否,否,否,否,否,,否
初中级nodejs全栈,8-13K,1-3年,学历不限,杭州,1-3年|学历不限,全栈无侧重|JavaScript|HTML|CSS|Vue|Node.js|前端开发经验|后端开发经验,0,杭州冰虎,计算机软件,0-20人,,f64b63a6d559f3b41nN82tS4F1Y~,夏钧,cto,否,3,a2ea1e0db97322091HJ42tW1E1E~,c00d61e75088ef0803J-29W_FlVY,pWoKlKzy3qVZG-Z1TDkjo1f39FyXyNP7H5Y88XsY1Ab44XcRtqTBZCz2LoSKak4VuTKngpli_ascTyxO8vdUc-A7JriZhKKdC3Ft2LXZWAih1LPfvuSygMDqj53lQhHeLttYjtvLg93l,615594290,1yECquUO94v.search.75,,,,余杭区,勾庄,120.12439729178854,30.344877123925773,否,否,否,否,否,否,,否
java高级开发工程师（偏全栈）,20-40K,3-5年,本科,杭州,3-5年|本科,,0,杭州新纵横物流科技,计算机软件,0-20人,未融资,b05a76d7090cadb11Hx429q1GFI~,郑芹芳,招聘者,否,3,1fe9fb997259dbb30HZ52ty_GFFX,b5e4cb70377e519203J829S_GVtY,xah2A4Oev8sxL-31y5OTp-OoysX1k9snKItiTiAHO5a_6WGdQ9m86ig2ApukYtzx7UOEgRBX5hN-XEN82MU86tVyVjB9PhigPrMvOpDfRoLwzNU_0AoC2oy4Z565L3qNkCNlKhsE560zJA~~,615594290,1yECquUO94v.search.76,有无线网|加班补助|保底工资|年终奖|五险一金|法定节假日三薪|绩效奖金|节假日加班费|带薪年假|零食下午茶,,,拱墅区,西湖,120.165698,30.272544,否,否,否,否,否,否,,否
全栈开发,10-15K·20薪,在校/应届,学历不限,杭州,在校/应届|学历不限,Java|JavaScript|SQL|HTML|CSS|Python|Spring|分布式技术,5,多泰科技,医疗健康,20-99人,不需要融资,2e0f42824fca293f1XV_09S1Fg~~,王国胜,HR,否,3,e82fbb01f6c9ba751HZ529S1GVI~,a123082de702f0240HRz3N2-GFM~,hRr09AMJP4mFK-v1ceDDnQCEDz4Y7BTzks7x1EVSQolqBIhcxSuiy17FWsZ55vzmolMD5CMXeTlUeVQfg3KbRtxT2Dtns4ufoEMOwRSTUM543ffbfQ_Dqx8WeeN4vbcrZaDCQZDQew~~,615594290,1yECquUO94v.search.77,五险一金|股票期权|零食下午茶|投资计划|定期全员涨薪|节日福利|员工旅游|餐补|年终奖|包吃|定期体检,,,上城区,火车东站,120.2043,30.2865,否,否,否,否,否,否,,否
高级全栈开发工程师,13-15K,3-5年,本科,杭州,3-5年|本科,CSS|混合app开发经验|Web前端|JavaScript|HTML5|后端|计算机/软件工程相关专业|前端开发经验|混合app,0,掌银物联网,计算机软件,0-20人,,22865d62891f1c991HF939S4FVA~,杨美忠,CTO,否,3,109bc62c9c07c9031nJ729-7GA~~,cf25b73c186aad261HNy0960GVRY,ji_KpmbROAsqh-c1gMIBozvwJ0x6ct19JGzJTx7US4HXklr0CdkasyE-K1peA5FstvVXTN4OtkTDkPzwFO3Q_-w8o3eQH0nFq_1KsOczzsAPKJ9u7cahC5qnjtpIGci7peHekvO-Fb4~,615594290,1yECquUO94v.search.78,,,,西湖区,西溪,120.075561,30.291015,否,否,否,否,否,否,,否
全栈开发工程师,13-18K,3-5年,本科,杭州,3-5年|本科,Java|MySQL|vue|Spring,0,慧博云通,计算机软件,10000人以上,已上市,79c5fb1547ee2c221HZz098~,吴汉,招聘经理,否,3,589095ab30bdcaa40Xdy2d2-F1NZ,976895b3d3c849d503J52d-4FlNV,w6UeY8_zl9lQe-K1vvu-2Sq7G_kT2KQ-xrexZ4uelBv2P2hUHDKjI7PFzTQHKPlv-hey4H30j82KXyyQlqWOd4_GpIG4Gi6ona3lddZx9SXPwKSYN7ne1D8bOEmTtT8w9LqeMvB-Ag~~,615594290,1yECquUO94v.search.79,带薪年假|加班补助|股票期权|五险一金|定期体检|节日福利|补充医疗保险|年终奖,,,萧山区,西兴,120.249081,30.242027,否,否,否,否,否,否,,否
全栈开发,1000-20000元/月,经验不限,学历不限,杭州,经验不限|学历不限,全栈无侧重|Vue|HTML|Java|全栈项目经验,6,迈宁科技有限公司,互联网,0-20人,A轮,810dcefcbf6dfd851XV539u1FVM~,徐阳,总经理,否,3,523d1cac7ad5a8910XB60tW7FFc~,e9412a4c71bd83b01HF82tm0FlBQ,yJOeHESmYcxCh-u1U91E6bwoHUyflqfQyrHJN5shm-PJ-AV_CsYV6r5R5BHwNTCPEvMmCMr8lIU2Z2XURvH7PXPC41lCAWt_sHyO02jTOd1r2A1RXrng-zME-wW6BlyHkS7qcJo3Oow5,615594290,1yECquUO94v.search.80,带薪年假|年终奖|底薪加提成|有无线网|保底工资|股票期权|零食下午茶|团建聚餐|节日福利|绩效奖金|五险一金,,,余杭区,仓前,120.015035,30.284627,否,否,否,否,否,否,,否
全栈工程师,10-15K,经验不限,本科,杭州,经验不限|本科,,0,时光堂,广播/影视,0-20人,未融资,3b03208074bc160233d52NS7Fw~~,方朝元,总监,否,3,90ab5465c2f8440d1XV439u7E1s~,ef1dd815ff951c6d03d53d67F1dR,SerxSAuDSFaV9-_1WCKxuG2RHHgeTgwLeQx3w2VfJCQSGn9SJ8QjF929d-vQiSqQvgJGzcBt5nT3rp1fnS43_Mlo7zESdrTWvwbBuHnRQDxXEmqjVhc9KAWd9bBuhYog3UozWE7RQ0U~,615594290,1yECquUO94v.search.81,五险一金|通讯补贴|年终奖|餐补|员工旅游|节日福利|零食下午茶,,,滨江区,长河,120.204317,30.171375,否,否,否,否,否,否,,否
Java 开发实习 全栈,150-250元/天,,本科,杭州,4天/周|6个月|本科,Java|Python|Spring|MySQL|架构设计经验|提供转正机会|提供实习证明|GIT|Linux|MySQL|HTML|软件工程师|SpringBoot,4,盘陀,电子商务,0-20人,不需要融资,4e95802cddb521c503F62t-6Eg~~,郭丹,招聘者,否,3,6c2ece8c9affb0020Xd729-4EFA~,d85d1ea13b2dd9f51nB_3t66FVBT,LPbpYh8KrGGL4-215nno-X6HX-0nLRtocONvWvhuF6cKCIsfR_NIoGNlFcuZl2_-u7LO5gowO8eUg_cGgILoIiKnDuyg3ImYGoU3_LXix-ihuUZRuZ5HwlWZ3mCSrmCRobG0L0RWRHI~,615594290,1yECquUO94v.search.82,五险一金|年终奖|绩效奖金|保底工资,4天/周,6个月,滨江区,浦沿,120.157782,30.179046,否,否,否,否,否,否,,否
高级全栈开发工程师,300-450元/天,5-10年,本科,杭州,5-10年|本科,Golang|Java|JavaScript|Vue|开发数字人有丰富经验|全栈无侧重|Python|全栈项目经验,6,励得科技,电子商务,0-20人,未融资,2c00be830b75e40003Z90t-4FQ~~,陆先生,总经理,否,3,11441e2adf1673c10XN62dS8EA~~,134861a4c1cf3efa1H163d67FlRQ,6oZrXMv56SLA--p1PHnP8jltV3rR26-kUcV2WyEfM2G-wa5ALktpzI5W0Usu6L6T2y2ExPMWhXDvFOhUc-uHzVlH4wsbs3Xqp4NYm4jjXfJesx6JLRPTFGKuvBsILWFcr_Fc3V9csQ~~,615594290,1yECquUO94v.search.83,五险一金|全勤奖|员工旅游|节日福利,,,钱塘区,工业园南,120.33174,30.304771,否,否,否,否,否,否,,否
全栈开发工程师,12-20K,5-10年,本科,杭州,5-10年|本科,Java|vue|风控/安全策略经验|计算机相关专业,0,邦睿科技,计算机软件,100-499人,C轮,d60714737419403d1nZ52Nq1E1U~,翟女士,人事HR,否,3,a8d6693f7d6559ef0nB_3NW7EFFW,3e7be61dceac8bdf1HB-3tm9FlRW,H1sIUxFMPKzGh-w1tnLaTeeP0S7C5RQGl24tnvUleylKjjial-HyucKzXRemskhNJqsugY8kbY5jer8lPcZEtdCs3VJD0aL3tyfk34ZMxIrgdsgTbEx9bMW-Wlm9gIdoTvdiKxkReG8Tsw~~,615594290,1yECquUO94v.search.84,五险一金|绩效奖金|加班补助|高温补贴|年终奖|住房补贴|通讯补贴|交通补助|生日福利|定期体检|带薪年假|团建聚餐|节日福利|零食下午茶,,,,,120.207139,30.258305,否,否,否,否,否,否,,否
全栈开发工程师,30-60K·15薪,经验不限,本科,杭州,经验不限|本科,全栈无侧重|JavaScript|TypeScript|React|Node.js|MySQL/Redis/MongoDB|计算机相关专业|全栈项目经验|前端开发经验,0,蚂蚁集团,互联网,10000人以上,D轮及以上,4685d74590e9bc881nV43N-4EVo~,徐达峰,资深前端技术专家,否,3,7e14978e5815b93c03V509i-EFc~,980a73678cb6cc1e1HV50tq-ElBY,ASmUyBytrGsQh-71b9BIBgyHlaDRDI-E8r_1A278jSfEeEkw913wYmBsYbxVDoNFsv2Vmf9bp8IGcEcQ0CfZnfFHiTJPwKRgyxMNE7HZluL1Oi7UsmZCbIFkX3IwW2b4Ne_egCApHxId,615594290,1yECquUO94v.search.85,定期体检|免费班车|员工旅游|带薪年假|加班补助|股票期权|全勤奖|零食下午茶|交通补助|餐补|节日福利|五险一金|包吃|通讯补贴|住房补贴|年终奖,,,西湖区,西溪,120.104163,30.262229,否,否,否,否,否,否,,否
全栈开发工程师,8-10K,1-3年,本科,杭州,1-3年|本科,,0,浙江海根,装卸搬运和仓储业,500-999人,,1f3c3ef065ed30a61HBz3Nu8Fls~,张先生,人事主管,否,3,fd8e92457e7364ee0Xd40tW1GVpV,6ece67e9740247f203F_3Nq7FlpV,1UMpExtHS0Tk9-N1GKR6N1ssI1_HM6KGddIQCr-J4sc-Cl_XJXW9UgIO1juSRGycmxgM97xo71K9nJlH0fwQ4p_VrG13cGTsb4sytZX5NZDTN0bZZQsob18BtwEzNSwgmIqGkRrJUgKRwg~~,615594290,1yECquUO94v.search.86,,,,余杭区,仓前,120.029813,30.293169,否,否,否,否,否,否,,否
全栈开发工程师,10-15K,3-5年,本科,杭州,3-5年|本科,Java|后端开发经验|Vue|antdisgn|前端开发经验|全栈项目经验,0,陌远科技,互联网,100-499人,A轮,cd4af9862f0d144f1n1_2Nq5,彭女士,HRM,否,3,5a6dd5dff468e3fc1HJ-0tS4FA~~,c87afeb621afb3601Hx53dW4FFJS,hg85o5hvBP0cT-g149QYBGELJS_ezZxQYI1ErIEwdm-YubffuE4TVJMvAqBJ1hZV2eMNQdLhpC1yDbG4NTTUBrtuKB9bXt_EqLUH5VEjYc87IDDqq78I4UQjFBME6pWmJKpbXleG,615594290,1yECquUO94v.search.87,定期体检|带薪年假|五险一金|零食下午茶|节日福利|年终奖|股票期权|生日福利|夜班补助|团建聚餐|绩效奖金,,,拱墅区,申花,120.115093,30.312093,否,否,否,否,否,否,,否
python全栈开发工程师,10-15K,3-5年,学历不限,杭州,3-5年|学历不限,Python|Java|PyTorch|MySQL|架构设计经验|爬虫经验|量化交易开发经验|AI,0,七华软件,计算机软件,0-20人,天使轮,dca450414f397b001XNz092_EFc~,袁先生,招聘者,否,3,e4d16b4c0b2eccd61Xxy2d2_E1o~,d1c5559599628fc71Hd909-4FFBS,deLEIxeuSSwtb-J1fY-EK818O7IgiuFpShH0zHPSXnPZo3ZEW-tAATvao-FQ703m99fY5aJW6B5bGh2hrMCGySCogBDwyDmBj6gFccC1AOA7fLGUZrxr0faYPDwKTayEvuf8cYX_4pnx,615594290,1yECquUO94v.search.88,股票期权|五险一金,,,滨江区,长河,120.215341,30.219642,否,否,否,否,否,否,,否
全栈工程师,12-17K,3-5年,本科,杭州,3-5年|本科,,0,杭州开企宝智联科技,互联网,20-99人,,719d422cd408d8e003R62t60FlU~,史雪梨,人事经理,否,3,19722ecb661d4e5d0n1y29q9FlFW,d4fa578eeae3925b03J529u6ElpZ,8Uq0HjpHeGAp7-_1UiDOgtcqRF6T5O9uBRNc2h7gP2QRWNNegwVPB7iSMTm147bxJiRCvpfXR-O_mzJUI6a3b4BWkHoLGNeRv8GIOUjorMewtTsl7XkPFJDlD_8GVJXhl8vuxTl5RPrPPQ~~,615594290,1yECquUO94v.search.89,餐补|工龄奖|五险一金,,,滨江区,长河,120.189975,30.192263,否,否,否,否,否,否,,否
高级全栈开发工程师,18-25K,5-10年,本科,杭州,5-10年|本科,TypeScript|C/C++|CSS|全栈侧重后端|Vue|.NET|HTML|计算机相关专业|React|Python|全栈项目经验,0,疆智科技,企业服务,0-20人,,fae65f2423c5decb1Hx42t66GVY~,张志亮,总监,否,3,ad45a6bcb488052d0nR83ty9EVBQ,fb2ea5dd823b3fcb1H1z29W5E1VW,7XeGqTig7qUKq-01ARP30v7ZZPZp0kjeCe21uybRSdtxSiT77HyHduINHU-NPxsvpqliiEDJclAK5B3RCroc1kXjw8SWn6veDFty-4zW9JZA2DOTEE-k0OPcWQhrz2SIL1rN9c77aSVHXw~~,615594290,1yECquUO94v.search.90,,,,滨江区,长河,120.231652,30.205587,否,否,否,否,否,否,,否
全栈开发工程师,10-15K,3-5年,本科,杭州,3-5年|本科,Java|不接受居家办公|MySQL|Spring,0,浙江谦卦,信息安全,20-99人,不需要融资,1ea9f96ce425763c0nB63dS8FA~~,陈美,人事,否,3,7585ddcf22b19ded03d53Nu4GFo~,f6e902e6216d9b6b03F829m1EVFU,fG4692Hqiju9t-C12Lj7OlHJMVQK6IAfqWS4fNcS3z02D5O_XwTvmMXYZAUq9Gvy-E6IWJoLfN-SlAfNG-Z_9fbSMkFImM0AZowxSGhwnMegB2mWHHX5GFTSCEErehpZZpyUpo6jBOE~,615594290,1yECquUO94v.search.91,高温补贴|员工旅游|通讯补贴|团建聚餐|生日福利|带薪年假|年终奖|节日福利|五险一金,,,滨江区,长河,120.195568,30.198899,否,否,否,否,否,否,,否
高级全栈工程师,8-13K,3-5年,大专,杭州,3-5年|大专,App|CSS|后端开发经验|全栈侧重后端|Vue|JavaScript|PHP|全栈项目经验,0,新之星网络科技,互联网,0-20人,未融资,c88b332efe1e4b671HR52d60EFU~,张女士,人事主管,否,3,caaf4934520e74af3nBy2Ny8EFc~,ebdb2cb7e80aedd21Hx63du-FlBZ,pHBdTjlk8IUWV-J1WaWh7Eiy71lJfS0PToXPb7V8V5Ma3qNKjTOCSaarxHbm4DpJg5ourWmBr_Ac1oKwlLWjsGFpK_b1g96C5BSyBijMii7MjACM7l5JflzlEXsSscP5OuyE55vl-irH,615594290,1yECquUO94v.search.92,节日福利|社保福利|保底工资|团建聚餐,,,钱塘区,金沙湖,120.31553,30.308897,否,否,否,否,否,否,,否
RPA开发工程师,4-8K,1年以内,本科,杭州,1年以内|本科,Python|游戏引擎|后端开发|全栈开发|软件工程师|SQL Server,0,数字力量,计算机软件,20-99人,A轮,4a7d9a13655f02ba33Ry29y1Fw~~,龚燕玲,创始人,否,3,470785da42c6ca070XB93Nq9E1Q~,2df9ebdd7616969a1nN_3NS5E1NW,KtNaG8feXPYES-S168TdQp3FZICYEq66M3IUSh05sGQbktt0-4G3fmYRPKn02pu6MBOK_r-4XBxwBr6E6nFe69VbxGWgJqvoYz6X07Xv8S7TAF0XUgbwglas81zd6Zn5q08XgTZxzfQ~,615594290,1yECquUO94v.search.93,住房补贴|交通补助|底薪加提成|绩效奖金|加班补助|节日福利|五险一金|带薪年假|股票期权|保底工资|餐补|年终奖,,,余杭区,五常,120.02424,30.289544,否,否,否,否,否,否,,否
Php+Vue+Uniapp全栈开发,230-400元/天,1-3年,本科,杭州,1-3年|本科,PHP开发经验,6,大渡口区甯沁百货店,批发/零售,0-20人,,8a894f87159a7e1303Zy09W4FVc~,董先生,人事HRBP,否,3,8958bde4edc3dbd503x839m-EFE~,7fb9c9755696547a1Hxy09q5F1RT,0wnfzjORyVl0c-B1N_1K-PiwIjaXGIQh0xUagfNrzhH69Y64c7mcPa1c3oqaZ81lFwYfS-bA1KnjEBs74n1htuJ7U1SJC7CV9KuoYVWk7sHxOYw7kXQ9wBSGK7TTY9UzWlNeMZ44UDlW,615594290,1yECquUO94v.search.94,,,,滨江区,长河,120.203853,30.200758,否,否,否,否,否,否,,否
全栈开发工程师,15-30K·13薪,1-3年,本科,杭州,1-3年|本科,全栈无侧重|Vue|Python|全栈项目经验|计算机相关专业|GPU,0,咸临科技,计算机软件,20-99人,不需要融资,5e45491f70fbd4381XRz3Ny5F1M~,汪女士,人事,否,3,a7f5adf082ba9fd00XZ43Nm_ElRZ,befcb918571b1f4603By39W5E1RY,kiqo6Z3YSaB1z-3192XFijGtdPIqXrqsgw9PaJ2nTgLs7gYW0pEkUI1QBfxGTZxf8FvqvNC793xDM9GkArDYYll84vq-x1TIxItVW9nidV4NEiu4KevSDfTYSctUgdP4Kek5gvUmkHDLAw~~,615594290,1yECquUO94v.search.95,定期体检|年终奖|五险一金|节日福利|带薪年假|餐补|全勤奖,,,余杭区,西溪,120.035331,30.250007,否,否,否,否,否,否,,否
全栈工程师（偏前端）,11-18K,经验不限,本科,杭州,经验不限|本科,Java|JavaScript|Vue|全栈侧重前端|计算机相关专业|React|前端开发经验|英语读写能力良好|Python|全栈项目经验,0,杭州心向无限科技,互联网,0-20人,天使轮,3e66e22dfb9f37bd1XZ43dq7FFU~,汪先生,主管,是,3,fd28e9e95b09516c0Xx70t20FVA~,6aa8e451bf155c5b03F529u9F1RZ,TdbsfQOCb7kNe--1JJbdvpKEAGFmGxJNSd99HXXkLq-BmqGnsHbuANbseu20zu7--fTvu60Lwx3hhf__I490AhIqYkK-ZGCK_pwwEUT6r0jvuK7GPVfNf3PfRf5yB6A2eDUO0C5ft6Xm8iamrTuczJBhmXcyLvpAUY0dJD9YjP6q4zD-,615594290,1yECquUO94v.search.96,五险一金,,,滨江区,长河,120.219209,30.171074,否,否,否,否,否,否,,否
Web应用全栈开发工程师,16-25K,1-3年,本科,杭州,1-3年|本科,Golang|后端开发经验|JavaScript|Vue|全栈无侧重|Node.js|计算机相关专业|前端开发经验|英语读写能力良好|全栈项目经验,0,光年智芯,智能硬件/消费电子,0-20人,,6915de740785e35c03Zz3dS5GVE~,马先生,总经理,否,3,7f0d8c10d72863c60XV73Ny_FlpV,21454edad3c36bef03J53Ni-FlRS,jdrohZ-Vqh0RZ-w1a0oYElkmOxFOGQ1_9fbbLbD7RHw9Blkdb_kOD_iEslSBWx3bz4OvJbUJ3BGUcsx5Q6I3UsajX3eSVFs25SvE8IF6dqyWIfMFbcFXPtljw3s2WdfCsTJzGDsvw5ipyg~~,615594290,1yECquUO94v.search.97,,,,余杭区,仓前,120.0053601033994,30.29330405226862,否,否,否,否,否,否,,否
全栈工程师,14-15K,3-5年,本科,杭州,3-5年|本科,全栈开发,0,链合盛,计算机服务,0-20人,,9412bd0516e03ecf1nBz09--GFc~,舒洪韬,经理,否,3,44f614aa622cb0241nB63d29,1158b3d7727edb851XZ739u_FVRY,awiWBNF9UO7o3-31Z1GC8uoeHfUX760D8gyG7NMj3W3FJNiuokCUSlYt9nos_v-NhFiKQD29yAkNuXLOVUkgLeh-Nrm_hoGIm9mo976XsK7zBq6oXky91f9idnPiC0otqxED9S9Cyw~~,615594290,1yECquUO94v.search.98,,,,滨江区,长河,120.215039,30.179378,否,否,否,否,否,否,,否
全栈开发工程师,8-12K,3-5年,大专,杭州,3-5年|大专,全栈无侧重,0,乾鸿,企业服务,20-99人,不需要融资,6df6121565958b010XV_2t-8Fw~~,徐倩,行政,否,3,c7214135c2dcc9b61XV52d29EFQ~,575f333a6ba15ee403B_2di4GFBV,BxVYFuP2gf9Fs-F13vSgkne6Y1QyoxiZRJzLweffC4xN432uwe6aiWArfVhibmD_0yqvK-pUH8mCsBr4ZMsx2WBBpUirH3-ffb1DiGMtNVOxgkB7Ein0_ZyKj7uwBLKYamHLA0V_7DU~,615594290,1yECquUO94v.search.99,五险一金,,,临平区,临平,120.305685,30.404536,否,否,否,否,否,否,,否
全栈开发工程师,55-80K·16薪,5-10年,本科,杭州,5-10年|本科,全栈侧重后端|Java|Spring/Spring Boot|计算机相关专业|后端开发经验|前端开发经验|C++|全栈开发|DFX架构,0,华为技术有限公司,计算机软件,10000人以上,不需要融资,21124e51a5ea83a80nR80ti8,汪增馨,HR,否,3,32057e7ff85d83721H1729q5E1A~,76d25681d17c1fad1nV43tq9GVtW,G9F1jEmaydmf6-h1tI_KGK_o0zg_1cQEOs-Nr7nqnx9SN-V7RMOgN00bNHWNURURToTlHEEorUcF1NTXwAG6kCH_T1qW2sta3fukJ8WBLZ1xsIs_pGtISvPfwJAKbQ8STplfqFT9rg~~,615594290,1yECquUO94v.search.100,补充医疗保险|带薪年假|生日福利|夜班补助|股票期权|节假日加班费|离职补偿|年终奖|员工旅游|零食下午茶|免费班车|五险一金|保底工资|定期体检|绩效奖金|节日福利|团建聚餐|法定节假日三薪|交通补助|加班补助,,,滨江区,长河,120.203909,30.184684,否,否,否,否,否,否,,否
全栈开发工程师,15-30K,3-5年,本科,杭州,3-5年|本科,Java|Nginx|Spring/Spring Boot|分布式经验|全栈侧重前端|HTML|Dubbo|计算机相关专业|前端开发经验|全栈项目经验|Elasticsearch|Zookeeper|MyBatis,0,信及达国际,物流/仓储,20-99人,未融资,c7960e27468eed981HJy3925Eg~~,陈女士,人事经理HR,否,3,04d5ebf4ea59e82c0nR_3tq5ElFW,b9653d3c84c0bad703F9096_E1FQ,gP2l8TApDBSn1-y10uvQvBHG2vhJA2gCGIaA_ypfIAC_Pz9B5sbgJDKLL3bICj0Tw9s0fW2Y2cdTYHp7mJxeFraaPdr-zAaMapaSlTDsIPNyiGQIE7odirTetxDXOWXdhLYyAPeeaJc4,615594290,1yECquUO94v.search.101,节日福利|工龄奖|员工旅游|意外险|加班补助|团建聚餐|全勤奖|年终奖|零食下午茶|五险,,,西湖区,转塘,120.067904,30.144731,否,否,否,否,否,否,,否
全栈工程师,10-12K,5-10年,本科,杭州,5-10年|本科,全栈无侧重|Vue|Java|Spring/Spring Boot|全栈项目经验,0,蛟驰科技,计算机软件,20-99人,天使轮,674224b7bdc66f9e1HZ42No~,程先生,副总经理,是,3,1ef16e4e0a12e0aa0XV93Nq8Ew~~,06190aa6b7c6308803Zy39S4E1BW,sCh107uhT9SAc-p1Tw4UuI-6GhICMbqo_b5ZJ5CEJYzZVpJBqxhbMl-n1ETKHPd-v2Zaq0sjnc_FqOUSytAbfkp8JLghET8XjT-IYyHdPY2gwAk0soO2cKt4N95R1nnMS1PgkkxarSAYlCegYq6TJoZ8bOwekeiGzYglwx-NeZ8~,615594290,1yECquUO94v.search.102,五险一金|带薪年假,,,西湖区,文三路,120.140454,30.281307,否,否,否,否,否,否,,否
全栈工程师,20-22K,3-5年,大专,杭州,3-5年|大专,Node.js|JavaDjango|FlaskJavaScript|ReactPython,0,添亿互动,广告/公关/会展,20-99人,,5819f4f720dd14141XF50t28E1s~,程女士,人事行政,否,3,bdef2764642078cb03x82dm5F1s~,bf23970f9a77c8c203J439m_FltT,NfrKlei6oPEGW-E1iOyoUVu6OIwz4Z-uClWgVh1rpIc3KB6GLpYkn2sknB2KOC5kdWUUdyNG-IYuIHNGG1pLuihRHCieWXlpbg8LtjeGdFnvwLiWe8ec8CMMXfgL0mJrZc_B2R2CVSN9,615594290,1yECquUO94v.search.103,生日福利|团建聚餐|带薪年假|工龄奖|定期体检|五险一金,,,余杭区,勾庄,120.120104,30.35411,否,否,否,否,否,否,,否
全栈开发,12-18K,1-3年,本科,杭州,1-3年|本科,Java,0,烽景,计算机服务,20-99人,不需要融资,8658ee1c2204c4be1nZ53du9EVA~,王女士,人事,否,3,c8b4a52c2addeba81HB42tW0GVA~,8c1a483934dca25e1nR-09S0GFBY,uVEgIFmV88r1f-91kN-tSw3ABPdC3h1CLBSZR-1TSeMPnRsQGBaktkcygAV9sSAOuTO2Ev8PDCZl0t6oVDc5MVT0EpUJs6psO6jSuOFt1e_ebnPE-6K3JiJ5It8L0QjugdbVQp--VNUN,615594290,1yECquUO94v.search.104,餐补|定期体检|通讯补贴|零食下午茶|带薪年假|五险一金|节日福利|员工旅游|股票期权|交通补助|年终奖,,,拱墅区,万达广场,120.112827,30.337377,否,否,否,否,否,否,,否
Java 全栈开发工程师,12-15K,5-10年,本科,杭州,5-10年|本科,Java开发经验|全栈工程师|Java|不接受居家办公|JavaScript|Spring,0,点微科技,企业服务,20-99人,,0afa75edb5031a703nR909W6FA~~,莫建军,技术经理,否,3,0f265a80811fc5bb0nR43N67GFpS,b6bf3fe36b97ad241HR-3NS0F1pV,MhlM8tDWhccSj-C1sEYs9vXh6uNbJKysssyJyhNJBN16v0zv4IBwLZqrkaU97CgKDnnsepxHkW4czjDCH-brD8G2aRHGy8hgfWgH8ybp4XWUn-w3VdO3Zo5-eY3Rxaw7nWI4cw9Dh7on,615594290,1yECquUO94v.search.105,,,,拱墅区,万达广场,120.12026,30.330557,否,否,否,否,否,否,,否
Java开发实习生-杭州,180-250元/天,,本科,杭州,5天/周|6个月|本科,HTML|SQL|游戏引擎|图形图像处理|软件工程师|后端开发|全栈开发|WEB开发,4,网罗科技,计算机软件,100-499人,,0fbe0e06de03be8b0XB509q9FQ~~,李娜,hr,否,3,a98f8e88f60b87ad33R_29S0GFo~,c084b304c5b054411nx40tW0GVBW,XaljSkHDefJM0-t190Hq3QxoZ_0B1mbFvfKNlT-O5m3qIvaUQmzSTP-QNp-_Rx54Hljt7BiAcCJza02KohJiWkCqL7anaVLD_BNyZTHdOpL9KfmDHwkJ8-FqXaBdEJFOndI_drw5I_o~,615594290,1yECquUO94v.search.106,股票期权|包吃|带薪年假|年终奖|餐补|五险一金,5天/周,6个月,上城区,近江,120.193189,30.229795,否,否,否,否,否,否,,否
python/uniapp兼职全栈开发,1000-1200元/周,3-5年,大专,杭州,3-5年|大专,Vue|uniapp|全栈无侧重|flask|Python|全栈项目经验,6,上海启之迪计算机...,计算机服务,0-20人,,bedee4c3b79a3fe31HR72926GVc~,张旭,ceo,否,3,182f6d2c88d7e56203J-0927Fw~~,6a48bde9052bdb231HZ829S0EFFT,ZLywa0vV4WTYj-Y1UXcaN2T6SyZLtuqUAJ_wdvfCFqUOGvJkc0S37WdmSnf-yF3S66FbKb1R_8XYBe_LkTIz_qqR6M-0YkcjX2W9YZSP2uu3qGvifD4sxH6l5ZO-rhDxeJyLQYBmRI0~,615594290,1yECquUO94v.search.107,,,,西湖区,西溪,120.069598,30.321982,否,否,否,否,否,否,,否
全栈开发,12-17K,3-5年,本科,杭州,3-5年|本科,Vue|Java,0,臻善科技,计算机软件,1000-9999人,不需要融资,7bff1bbab604fe101Xdy2N28,蔡丽青,HR,否,3,839161efb766cbf21nZ80tm5F1o~,20360ffa3538f50f03B62N-8FVpZ,8QbALTxnqo4oD-b1G6C5mKff1aDBghX8tTz7fxSfAJ8dsIqv-TcJvVj5_erl2qrUJBwf-GdYPv0G5Kfqcc_0EiwEtLNoHHH49TNq9Pfjax8sP0UZyQXRGt3hLcoixZQcYCzoSNTvMQ~~,615594290,1yECquUO94v.search.108,出差补贴|定期体检|年终奖|员工旅游|司龄补贴|餐补|高温补贴|五险一金|团建聚餐|节日福利|带薪年假|高温补贴|职称证书补贴,,,西湖区,文二路,120.121286,30.278589,否,否,否,否,否,否,,否
高级全栈工程师,6-7K,1-3年,本科,杭州,1-3年|本科,全栈侧重后端|Vue|PHP|Python|.NET|计算机相关专业|全栈项目经验|后端开发经验,0,加砖信息,计算机软件,20-99人,未融资,f7836637748c68e71HJ909u0Eg~~,陈先生,招聘者,否,3,32bbc65ecfdf851503J90tm-F1E~,39611cf2af362ec81HJ53N-_FFZV,UqRuiGWmK593A-L1vf4vo_txzBgKvrPvuDA6Ln5ZTvS0ZIV6aaRPYZDec5Dm50Ms-h0TSA3TwFoNWfGIAE9ZEQMibzrZVg1lZM5TLqvZsJkcSLT-SUR5_Q3ef5oMn5RZ5tZRyF2w_9E~,615594290,1yECquUO94v.search.109,零食下午茶|股票期权|员工旅游|五险一金|年终奖|节日福利|带薪年假,,,拱墅区,万达广场,120.112169,30.334713,否,否,否,否,否,否,,否
全栈开发工程师,25-40K,3-5年,学历不限,杭州,3-5年|学历不限,Java|Python|SpringCloud|架构设计经验,0,上海达容创文化传播,社交网络与媒体,0-20人,,26b142848acdea831HNy3N-4GVU~,欧鹤,招聘者,否,3,d61e6fa969c1f8f60HV72Nu1FVBQ,f2ba6026823fbf9703F_2d25ElFX,_9VpryYeeq_WB-k1ZIqItUV6rv5J_zCtEjiiHJDk4JWTKXsfsr0wnRSAIN0SXpcghgYwo1X6Vud6AUOzeXX-1VMDEeq2T_uBqINewhGzLYAeW006JrYp6Q57GUskap3R8ZLQ_0VOlEXalw~~,615594290,1yECquUO94v.search.110,全勤奖|保底工资|五险一金,,,萧山区,西兴,120.236974,30.197314,否,否,否,否,否,否,,否
全栈工程师（偏后端）,12-18K,3-5年,本科,杭州,3-5年|本科,,0,凯瑞博,服装/纺织,500-999人,不需要融资,23d6f99f79cbc51203142ty5Fw~~,俞胜男,HR,否,3,bd61dcfe3a5423df1nZ62tW1F1s~,748e627bf1d76bdb03J60t67GVtR,Qg-vktK7HW3cM-x1NTZl6EaVntePt89uyVWMHTa-_cjVODfh20isGN3CAKzJaCJBVZRAhjRcoAqofWhYo77QCpYQlAcn9x-33Nxx2ElPmyqgFLmtBLVc81GbnWGsQ4zozH-7PXBCfHM~,615594290,1yECquUO94v.search.111,包住|包吃|住房补贴|免费班车|带薪年假|加班补助|年终奖|五险一金,,,西湖区,西溪,120.125788,30.272627,否,否,否,否,否,否,,否
高级全栈工程师,8-13K,1-3年,大专,杭州,1-3年|大专,全栈无侧重|CSS|Vue|Java|Spring/Spring Boot|MySQL/Redis/MongoDB|全栈项目经验,0,东山软件,计算机软件,0-20人,未融资,3f7b6146a12e280d1XRy2N26ElI~,董善东,总经理助理,否,3,d59620e5df7838411HRy2NW4FFs~,d258a45b759f13df1XB93Nq6EFRW,iBrByMubKSm1g-K1ccE-t2SSUKM_OR65J_pYh4SZ2rU8t_o6icLN9y7lwmuwRbt1iaGtgQ-rpM8TAZ-K01jGiR3zwh5mzLQ36kg7oOS_asoCiI9RpbSNzL4Ag55sqyQx7PU8q71ti0Vj,615594290,1yECquUO94v.search.112,五险一金|免费工装|股票期权|工龄奖|底薪加提成|带薪年假|保底工资|绩效奖金|年终奖|高温补贴|意外险,,,上城区,丁桥,120.21671,30.357794,否,否,否,否,否,否,,否
前端全栈工程师,15-25K,3-5年,本科,杭州,3-5年|本科,全栈侧重前端|JavaScript|HTML|Vue|Java|Python|Node.js|Spring/Spring Boot|全栈项目经验|前端开发经验,0,杭州深算授渔科技,互联网,20-99人,天使轮,01a3573f4e4ada7e03R82NS5E1o~,何亮,人力总监,是,3,8a0f1dfdb7f012220XZ_3N-6Eg~~,6bc72fd129c6ae1803B_3Nu-FFFU,ZcpEQAb48lyIk-d1dhwgP5re2VlpB-Dk2_2jSWLlNnB2OcD3o3-JVb7cGn6n7MgbP0Jl3ac_KDo5yFdL37p8Q24yhDvvQEAj5mB6J4yAqYtREVi6o93Wnud1B3-dZ3r8geGSF1fkcpx7WiGxRRei0rNQA_TWwW35Rt2mY8th8DQ2R_8~,615594290,1yECquUO94v.search.113,免费工装|股票期权|法定节假日三薪|绩效奖金|带薪年假|员工旅游|工龄奖|五险一金|底薪加提成|定期体检|保底工资|团建聚餐|有无线网,,,上城区,四季青,120.231582,30.265656,否,否,否,否,否,否,,否
全栈工程师,10-15K·14薪,1-3年,大专,杭州,1-3年|大专,Java|PHP|HTML|全栈开发|前端开发|后端开发|网络编程|数据结构,0,画梦网络,互联网,0-20人,未融资,a2312db833e3bbcb1nBy09i6GVQ~,张晓宇,总经理,否,3,e4500ef9bb47591b1XRy2NW5FFs~,d7b166f75f39c2751nF709y9EVdV,q78oH1_XRuD4_-51stjksSm37FxcbvXpAv9WLBF-P-2tgchzhLzo_xdMfT4meppL3ARxwPZVsRa0EsN1f-on-G9K3IhGmK3yqyWXy_LD7rD3qJwcE8jSO1BNvyKO35LmxNRLMYtCETbj,615594290,1yECquUO94v.search.114,五险一金|年终奖|定期体检|零食下午茶|保底工资|绩效奖金|带薪年假|全勤奖|底薪加提成|员工旅游,,,余杭区,勾庄,120.127119,30.344146,否,否,否,否,否,否,,否
杭州全栈,15-25K,5-10年,本科,杭州,5-10年|本科,Java|大数据经验|不接受居家办公,0,某大型金融科技上市公司,计算机软件,10000人以上,已上市,,吴旭迪,猎头顾问,否,3,cfa471a3d9f493450nN_39u4FldV,10c56dcc73bd5c0b03J_2t-9FFdX,pALkdLz0HY4FD-Z1c1Rt7txosICjM9lDJ7Z_nZSXqYreeMc9QYDwatg6-9Qvl_zOIDuo5rH_ykTTQT7xFi7xLnd4Ys5lfckrXhQIgtHRA4BXzP7qRxt0CHpzbRyc2Qq6YLFhKtdRByo~,615594290,1yECquUO94v.search.115,带薪年假|年终奖|五险一金|双休,,,,,120.185777,30.191728,是,否,否,是,否,否,,否
全栈工程师（游戏开发技术中台）,12-13K·13薪,经验不限,本科,杭州,经验不限|本科,后端开发经验|全栈侧重后端|计算机相关专业|前端开发经验|全栈项目经验,0,略微出手,游戏,20-99人,天使轮,f92d2041de1f465f1HZ82NW6EVs~,汤女士,hr,否,3,08dfe70714ff3f120nJ509y7FVtW,19a931a8a1fc178a03dy2Ny1GFtQ,j6fqLJHbLbZ36-N1NYIWRWhRx2frlVasbsDC12ngmwwknYFpqlqVpOHUsp84OyC03OZcKJ_yMiFIFHJ3IdoZaAIammtZdNlOwvujsob-w8LBf0LC0s3Wx7gY9sdjwJZbeoSaLUh3nQczsg~~,615594290,1yECquUO94v.search.116,带薪年假|保底工资|五险一金|全勤奖|绩效奖金|节日福利|年终奖|团建聚餐|零食下午茶|生日福利,,,钱塘区,工业园南,120.368208,30.305676,否,否,否,否,否,否,,否
游戏web全栈开发,14-22K,经验不限,学历不限,杭州,经验不限|学历不限,全栈无侧重|Vue|React|Python|Django/Flask|MySQL/Redis/MongoDB|计算机相关专业|全栈项目经验|前端开发经验|后端开发经验,0,成都电果创游科技,游戏,20-99人,未融资,6f946aab2da9f9561HF80tm9EVc~,董女士,招聘hr,否,3,69401a32e0f3b7ff33d83ty_FVM~,edec20b7ad9db59103J63929FFRT,rshrSYj5SGd0B-h1WOnyaKKcC5r9XEJP2LCa_9cKigVYpNZniU_8q4QggtjMNp1Jcg50Av5MeLukpWQtTzySC0BEpF0Gm6wgnikEFytUW3G-mVJZtisvNK7ZO4tKi7eQje3-OatBa723,615594290,1yECquUO94v.search.117,有无线网|生日福利|节日福利|五险一金,,,西湖区,西溪,120.138983,30.2705,否,否,否,否,否,否,,否
全栈开发经理,35-45K,5-10年,本科,杭州,5-10年|本科,Java|JavaScript|全栈开发|Node.js|React,0,盛康网络,计算机软件,100-499人,C轮,8741b7806d9380901Xx63927Eg~~,刘昊男,人力资源,否,3,913c6da67c9803b20nd82tq_FFpX,50d9d6083e924f821nN739y9GVVT,CqetiCOTA5d2N-l1gkQg8fUoHkG1d6r3n5ODSnCEJSRr-jkh2Tq9WUWM11OxaYMvOIblPkGNCjSPEmcXJVx_IIAj1MrR5THcrjX4oo_Sv0vV8jaM-yRFpIwopXC-1LV0Kt_63IX_Eead,615594290,1yECquUO94v.search.118,五险一金|节日福利|年终奖|带薪年假|零食下午茶|定期体检,,,西湖区,文二路,120.124791,30.276996,否,否,否,否,否,否,,否
前后端全栈开发工程师,11000-13000元/月,3-5年,大专,杭州,3-5年|大专,Java|Spring|SpringCloud|Kafka|Nginx|MongoDB|Redis|物联网经验,6,瑞邦科特,其他专业服务,100-499人,未融资,6d08ab52d1b304cf1nd409q0EFQ~,伍莉,人力资源,否,3,54cfc1c7994888cd1nVy0968EVpX,3bf546894c6059a703B90t25GVpY,BTTyIfh0SJyvn-11X-Eu3ahDKNcH5l-W6nhO9n801ZGxP7KpH-HGR0KFiiGIBCWT_tbnwlGLOVnQT0xM5y9jCn76vjJCYEmioMDiF2FwSoLjeVqJ5nQuRVzvSOjijtA4bBqIz7IGZdUCVw~~,615594290,1yECquUO94v.search.119,股票期权|员工旅游|全勤奖|五险一金|带薪年假|年终奖|餐补,,,余杭区,小和山,119.998274,30.206748,否,否,否,否,否,否,,否
java全栈开发工程师,14-28K,3-5年,大专,杭州,3-5年|大专,不接受居家办公|Java|Spring|SpringCloud|MyBatis|MySQL|Redis|架构设计经验|物联网经验|音视频经验,0,质心物联,通信/网络设备,0-20人,,8756d206d8713d261n192tm4FVI~,张未来,人事专员,否,3,1216124c8cd6f2820nV-2Ni-GFVV,8899eeef473061c11HF80t67ElVQ,oC24bNUHzr_xb-b1bvx_eLJU5k6IhkxhlGY5kjHrnhkyT0P64uZEheYAap5biDbq_Z-l4MjTvFVHep0vkpSjHK0tTNsO3wsALXDuwBLCifBBjsN6u7-izDxIinlfJzTDd1M-hWpm9vAiXw~~,615594290,1yECquUO94v.search.120,节日福利|底薪加提成|团建聚餐|零食下午茶|有无线网|年终奖|保底工资,,,余杭区,仓前,119.982573,30.276446,否,否,否,否,否,否,,否
全栈工程师,200-250元/天,,本科,杭州,5天/周|7个月|本科,,4,有赞,互联网,1000-9999人,已上市,5fc0c9406d3de0e01H143ti9FFQ~,姜先生,高级前端开发工程师,否,3,e58e41ece26d313a1Hd-39-_GVY~,7c1ca1095341039303J_3ti4GFVY,7Pr2_VRBJcCJ8-W1np0wA0dKTGy8_43b6avKk3E-K_2LAXQgnbJI-e8yXK33qfy5giiHCdfDDufWHo4s6D10OLznpwqxHINfJMZQGl4XZtNlKUqttfkuN-4MxQWXS3GAY7xpeO0slSlb,615594290,1yECquUO94v.search.121,带薪年假|定期体检|年终奖|通讯补贴|零食下午茶|交通补助|免费班车|节日福利|股票期权|员工旅游|五险一金,5天/周,7个月,西湖区,西溪,120.086633,30.25657,否,否,否,否,否,否,,否
全栈工程师,20-40K,5-10年,本科,杭州,5-10年|本科,Java|前端开发|Spring/Spring Boot|后端开发经验|全栈开发|全栈侧重后端|数字化风控|MyBatis|MySQL/Redis/MongoDB|计算机相关专业|全栈项目经验,0,泰隆商业银行,银行,10000人以上,不需要融资,5847e51ff7600b6f0Xd439m0,苏先生,经理,否,3,b870cda6536830ad0HZz39i7EQ~~,876097e0261459911XZ80tW6EVtZ,vb5R1lOdvWyvF-T1iNJyb3x5NnsPk7AOd8ZwqgXYFk-NtCl_gtlBSEdHGUl98FylI9vGzbp0cJsgVmgSjGybN2AvRN8gwFkbz5QZ2CwN79DUyGqAvRACurjPmymJAo9eovwOzGVk,615594290,1yECquUO94v.search.122,补充医疗保险|带薪年假|员工旅游|节日福利|年终奖|加班补助|股票期权|五险一金|通讯补贴|定期体检|带薪年假,,,上城区,近江,120.196574,30.22445,否,否,否,否,否,否,,否
全栈开发实习生,150-200元/天,,本科,杭州,4天/周|3个月|本科,JavaScript|全栈无侧重|计算机相关专业|全栈项目经验,4,杭州多米拉法人工...,互联网,20-99人,未融资,51743050d1ec401a03Vz0tS-FFA~,于先生,hr总监,否,3,de7be1797b4e3efa1nV_3d67E1s~,37ce147c12bb4eb403F-09W0FVpT,lp75JONazYSGQ-I1oag4kx2pfyNuhPWtQKlnGWZnwjj8YkVPs3qS2OETVAbMZayYVRDlGL3VKs2CSwh1y7asyOvJo01afkc52YnalgVrYm6ysvicjiuPtx8vN1Fa5Df3uvhRiOjnjB8u,615594290,1yECquUO94v.search.123,餐补|五险一金|带薪年假|股票期权,4天/周,3个月,余杭区,仓前,120.027276,30.275962,否,否,否,否,否,否,,否
全栈开发工程师,16-26K,3-5年,本科,杭州,3-5年|本科,全栈无侧重,0,杭州小黑力科技,计算机软件,0-20人,,dff60a8bb14acdf903V_2di4GFA~,李永成,招聘者,否,3,c8af869ed1731b480Xx60ti-EFdY,6f27602148027e6b03B52Nu0GFBQ,UoqTLZLHtvaG0-E1cTArZBpVinDmsm6gTeRpnH59vfFNYNURMZTbGzoC1JdnEbVKRFzlb06S-0oDDxAtXZVTcMPHldNJRrNWEV_9dKTyvbxNira2oR02BRDLUszBTtoyHdgcDHICtDGMFg~~,615594290,1yECquUO94v.search.124,,,,滨江区,长河,120.202089,30.182419,否,否,否,否,否,否,,否
全栈工程师,10000-20000元/月,3-5年,本科,杭州,3-5年|本科,Golang|全职/兼职 均可|Vue|全栈无侧重|大厂经验优先|远程,6,鲷鱼科技,互联网,0-20人,天使轮,9d719d621e6e593003Z92dy1GVY~,王琰,运营专员,否,3,85111e08d5fa443e03R83d-1F1s~,4cc48f6db52a731a03J639y7GVNX,cVRXhS_6K3GPg-k1m8LDMpfRcL67SCnl4VrYCOKG8remhl-kqqVWK19k532gaewNGx9_rxMKaB2sCe8YBd4-dt2YmGAU5z2Mpyte6dRmoaFJx-Zl537M58o9nTQl4moZjFtqQHSmOeWH,615594290,1yECquUO94v.search.125,,,,萧山区,宁围,120.258752,30.180681,否,否,否,否,否,否,,否
java全栈开发工程师,7-12K,1-3年,本科,杭州,1-3年|本科,JVM|Java|Nginx|不接受居家办公|分布式经验|Redis|Spring|大数据经验|Docker|微服务经验|MySQL|MyBatis|架构设计经验|Oracle,0,松格科技,计算机软件,20-99人,不需要融资,fed15d8c8c0c5e901nZ-3Ni5FlY~,王女士,人事行政,否,3,83d76e6485ca60480Xdy0928FlNW,36bb6720072f08a503d929W6EltX,54X1cz0unLSKb-A1cfyAJ9eJFo3E5jb89TFDmCAMoThaImFHleMBAGVO5kPdCAoqzWTyNbFXA4iMPCVv5kenO6tRRzRrypGxxM3CJ5uR8tSb5Cpj3P43xW4PZsbWG845XPztKRl0sI4nsw~~,615594290,1yECquUO94v.search.126,带薪年假|年终奖|五险一金|员工旅游|交通补助|节日福利|加班补助,,,萧山区,钱江世纪城,120.239876,30.239141,否,否,否,否,否,否,,否
全栈程序员,10-15K,经验不限,大专,杭州,经验不限|大专,全栈无侧重,0,杭州暴燃熊商贸,互联网,0-20人,未融资,1a38ab6185e9da0e1Hdz2N28Elo~,戴涛,经理,否,3,42ba6f7124c397aa0XV42dy_FlZV,cd774c9152c379111H143NS1E1ZT,WBMk8ZqXvvbwn-61oDjS5w_EmY17k0Qhw3dtnlVvS3y__5l5skPcoSeay-46y86RDOjYrUf2IbCJFyky7qrzYQNB2bDLBElbwmVkz4aeQ-ZRCngfBuK0v0GaPvfGv4B01CC74kU0ev3THA~~,615594290,1yECquUO94v.search.127,有无线网|保底工资,,,西湖区,三墩,120.074502,30.319963,否,否,否,否,否,否,,否
php全栈开发工程师,15-20K,1-3年,本科,杭州,1-3年|本科,PHP,0,亿家千城,电子商务,20-99人,,7a7715f5d0e2d0c61HB-3921FVE~,陈女士,人事行政,否,3,2c2dd668454866df1nZ50t6-FlNY,d900486ab765b1b81HJ42dm4FlZQ,xpZB8JDubD2Gt-81s-NW3ni47O22bCIW7l1gU7L7qtaqVws9bDDRs8y7-25CZy5Qxf5wfYne8yud59Xpwo1Co17xB1RPlsv4agTz8EQ_plPjBLSUbL7daEMvlgGjEo5eR9Pme558uDhKTg~~,615594290,1yECquUO94v.search.128,,,,萧山区,新塘,120.266383,30.136983,否,否,否,否,否,否,,否
PHP&uniapp全栈开发工程师,12-20K·13薪,3-5年,学历不限,杭州,3-5年|学历不限,PHP|MySQL/Redis/MongoDB|Laravel/Yii/ThinkPHP|PHP开发经验|uniapp,0,小鑫科技,计算机软件,20-99人,不需要融资,246233f7ddddcd2303F52dS8Eg~~,熊先生,技术经理,否,3,f16d567763f4c6290nRz29u7F1dU,abb3a2daab1c28231Xd909S0FVBT,WYyewhl1KvhQ9-I1PynT7SUNQLe4nlHUAhyBjc6DzEdsMlvWzH34fcS3Lvkm5Etsi0aFhqyaS8QzdrZgmZLkYhMMnlgaVIROGIJTyN7M4AUTQXjmJqQ-HxyoezoWVVoUzn0XhXnDcrR4,615594290,1yECquUO94v.search.129,股票期权|员工旅游|带薪年假|团建聚餐|保底工资|有无线网|节日福利|双休|零食下午茶|五险一金|定期体检|绩效奖金|年终奖,,,滨江区,浦沿,120.156883,30.180972,否,否,否,否,否,否,,否
全栈开发工程师,7-10K·14薪,1-3年,本科,杭州,1-3年|本科,Java|不接受居家办公|微服务经验|SpringCloud|MySQL|Redis|Dubbo|Spring|springboot,0,沃瑞电力,计算机软件,20-99人,不需要融资,b0029ae652c6347f1Hx929W1,黄女士,行政人事,否,3,73f25a9fcfb52f211HRz2tW6ElA~,995b30ecd443e57a03By39-7EFJT,YgcpyO1q5eZgV-_19nfQA5fxleGXf80QVf7p_M9_VP1RwY6ws9oqbsF-bLQuGJ89YgKm8LfiaDwh2zDPlcU7J3ZE1or-_60uyIh2jIa131iWkK_bP719u8muIvNNq1j54DZGtD8I8w~~,615594290,1yECquUO94v.search.130,交通补助|高温补贴|节日福利|绩效奖金|通讯补贴|有无线网|餐补|员工旅游|意外险|生日福利|定期体检|年终奖|带薪年假|五险一金|团建聚餐,,,西湖区,文二路,120.120736,30.281351,否,否,否,否,否,否,,否
资深全栈开发工程师,150-200元/天,3-5年,大专,杭州,3-5年|大专,后端开发经验|Vue|全栈侧重前端|计算机相关专业|前端开发经验|Python|全栈项目经验,6,杭州事不怡驰信息科技,互联网,0-20人,,77f060ef112569821HN53Nm4Elo~,林先生,经理,否,3,92499ff64de651940XN83dq9EVJT,6eae5be5fe42fe7003By3Nm_ElJX,KerNTC3Egjh0J-E1tMVGmmsvg2zp_T2W_tO_KWinDR-rhlOEX9u0XLls80_VItXz1lKidrZlYHY_sIu3x6j-fEXRlvplxQva3XzROQcvqVwR7E38lbMQjTw3inL972aRV-M8EsWoJy4sTg~~,615594290,1yECquUO94v.search.131,,,,拱墅区,文一路,120.106056,30.302798,否,否,否,否,否,否,,否
全栈工程师—杭州初创团队agent方向,40-70K,经验不限,硕士,杭州,经验不限|硕士,,0,某人工智能公司,人工智能,0-20人,天使轮,,蒋银皓,猎头顾问,否,3,bbc9ccb0f9866c450nJ52NW_GFJQ,88aab01d7bf9cf2903d-3Nq9GVVR,zqAzgzGHyXbJd-v1gliCzWMGykoWUlqdSBSIvxEki-8XAdo6HR0DTlLp8r6N5HcY0JJCSe2sjJDs3vfT2FEqowrUxV5eS6h4dA62RB3O4mIvTvuKlO_RCEBjaEb78s0d5fqaZN8IByNPxw~~,615594290,1yECquUO94v.search.132,,,,,,120.035022,30.308858,是,否,否,是,否,否,,否
高级全栈开发工程师,8-11K·13薪,3-5年,本科,杭州,3-5年|本科,后端开发经验|全栈侧重后端|Vue|PHP|MySQL/Redis/MongoDB|计算机相关专业|React|前端开发经验|Python|全栈项目经验,0,千烈科技,通信/网络设备,0-20人,未融资,e08e08c0a48f73e60X1-29q6Ew~~,李涛,技术总监,否,3,50d30f7597722f210nF-2dy7E1ZS,5f6db25663215f871H1y0tS9ElJY,0tqYtN-Qp82s8-B1uX42Jv0StMczXgQS4Y4UQPiB0qO2RpPREiDn_GRvjlvTp3fRT0Qh4xZK5AjsSyB_b1RoHOLaF7oCk9lenxPo1N03P3Nz9Y5amjPfsZsePYqHzrqbr3WC57K1DaZ5,615594290,1yECquUO94v.search.133,交通补助|五险一金|定期体检|员工旅游|股票期权|通讯补贴|带薪年假|年终奖,,,拱墅区,和睦,120.130065,30.301061,否,否,否,否,否,否,,否
PHP&GO全栈开发工程师,18-22K,5-10年,大专,杭州,5-10年|大专,PHP|Golang|Laravel/Yii/ThinkPHP|全栈工程师,0,杭州大步向前,互联网,20-99人,未融资,35d5e6326cece39f1Hx62tW6ElU~,孙女士,人事专员,否,3,c604a28baaea02a90nV_3tS6GVZQ,06173cd97eb1f86203F-29-_EVBQ,F5gW3EfoSPw5D-i19RlzDsEZuNtbZl5n6o1H0K10lS1tpSsk33cYL-EqrfiQF4n9wImsVMNvs0QA-BIamhuwOU89VBw2I2FXF06pK6rTjwgIljv_ZXCJiVc1geEWVdJDjMv3IDbm2wmEYA~~,615594290,1yECquUO94v.search.134,底薪加提成,,,滨江区,西兴,120.222563,30.180827,否,否,否,否,否,否,,否
全栈开发工程师,11-20K·14薪,1-3年,本科,杭州,1-3年|本科,全栈侧重后端|Vue|.NET,0,中智达,计算机软件,100-499人,A轮,403da9894c8e64c71XVy3ty6Fw~~,何女士,HR,否,3,a0857426ae3664aa03x83Nu6FVc~,be2b79cf2a701e0903J43tu7GFNW,7FrjitCOOc2w8-d1PzCfhHJIMKv2Ef4V8SsEgoQ7jzLQvK64re1atEDel9KxuiHjKCn1HLnux8hLHK2-Tjw8i5etzp3uTbCgXcG_vz6tCM57J0V1_noFWPXRZ_oiLlxwUfj51FAk3oM~,615594290,1yECquUO94v.search.135,餐补|员工旅游|交通补助|定期体检|五险一金|节日福利|通讯补贴|年终奖|生日福利|带薪年假|补充医疗保险,,,余杭区,仓前,119.985071,30.286037,否,否,否,否,否,否,,否
全栈开发,20-30K·13薪,经验不限,本科,杭州,经验不限|本科,TypeScript|Java|后端开发经验|JavaScript|全栈侧重前端|可兼职|计算机相关专业|前端开发经验|React|全栈项目经验,0,杭州灵玑人工智能科技,人工智能,0-20人,,89314d33bf3cf6b21Hx80t68F1s~,李先生,ceo,否,3,d3e803665af9295103Nz3du1FFc~,28f45481121534c503Z-2N65EldX,7hYGnp0GtnSq1-71nRWAgW73XSCdmh84hPsXUUw4xEFM6bb6mjwSv649_mHDGtUuhw7PG5Pz2YMw_T4CpyO033IfJQ57KtQZaRMUf10AuawSYDL29cRzoDA6u_v_wj5asD1dyI40Zqol,615594290,1yECquUO94v.search.136,,,,萧山区,西兴,120.239876,30.239141,否,否,否,否,否,否,,否
全栈前端开发工程师,19-27K·14薪,经验不限,本科,杭州,经验不限|本科,,0,杭州盗火者光电,半导体/芯片,0-20人,,110c0ff0730636bb03V63N21EFQ~,李晗,产品总监,否,3,2ab16c118847eb530HR_296_FFRY,b2b09660ea75266303dz29m5EFRV,dwRSU0Reifwt7-O1dSAZe-tEMxZhnvu5wyFNy9hAQaUgS0Dutbw4UWBztNjmEIYQ9ACV1ExLND4lfmYAnbEH6wPh9vqoAUUAEFE1UJNPRUZPEVRV_so2lvqpxjHMR8lMj9VG3gE8s8674g~~,615594290,1yECquUO94v.search.137,,,,萧山区,西兴,120.246497,30.23825,否,否,否,否,否,否,,否
java全栈工程师,10-15K,1-3年,大专,杭州,1-3年|大专,Java|微服务经验|MySQL|Spring,0,杭州保芃达科技,计算机软件,20-99人,,e1cbddf9660cddcb1H163du0EFo~,谢记年,电商技术主管,否,3,5de82547bc73b4fa0nJ50927GQ~~,785539de367c262603J62966FFNT,R2-Mzratgd4Rk-71RM0o5mlEWmcRzCrIgSf81mH4COCEYRpUeAOSB3KiS4rLceu1LYjovJjgEmSVC_uo5Z_qBWIsRXo72maSyWBS37jslljOr6ZxWGe1ttBG3Pcy-9tkdM_IyULtLls~,615594290,1yECquUO94v.search.138,,,,西湖区,西溪,120.072683,30.314134,否,否,否,否,否,否,,否
资深全栈开发工程师（AI工具高效开发方向）,20-35K·13薪,3-5年,本科,杭州,3-5年|本科,,0,华信设计,通信/网络设备,1000-9999人,已上市,34b36a1ccb1173481nR52964Fw~~,柳女士,部门总经理,否,3,09ddadc7595e1aaa0nV40tu5ElQ~,f41c31219618292603Zy2tq8GFdS,c4TSBEiKxau23-O1kFteq5wt6Fe7xcC7Tj2oEKHOfyVInxTTNYsvb-UiP3BVZpyKzqYM3lEq4zSFE1BvKxfBnhXMvRRyKg91ZkFzJ9SrHdDWX-_Llqz8WHyDZZJJlPBx3GrMeUQWkPw~,615594290,1yECquUO94v.search.139,法定节假日三薪|定期体检|绩效奖金|补充医疗保险|通讯补贴|带薪年假|生日福利|员工旅游|住房补贴|交通补助|加班补助|年终奖|餐补|五险一金|高温补贴|意外险|节日福利|企业年金,,,滨江区,长河,120.209963,30.18933,否,否,否,否,否,否,,否
nodejs全栈开发,10-15K,1-3年,大专,杭州,1-3年|大专,nodejs|mongodb|rabbitMq|TypeScript|全栈开发|nestjs,0,浙江星狮达科技有...,物流/仓储,100-499人,A轮,13af21f0a471af7b1nF529q6E1E~,王华,研发经理,否,3,31bd187d3480aca90nV93dq4FVJW,254e62240360b0e01nBy29W7FldY,tCmAzyQhYb7mH-E1b7Nzd3isZPhQncQaRlKno8Dvtk_Sh0bzsq9-CCSoGDte10qq9275HyNdzLQeNYKiZep2JGSYWmkAR2blrgjrCrgKFVsStYUFQi4x4O8j7S1KriiGnjg-B1-gLziGKw~~,615594290,1yECquUO94v.search.140,员工旅游|零食下午茶|节日福利|带薪年假|五险一金,,,余杭区,仓前,120.005807,30.278029,否,否,否,否,否,否,,否
全栈开发工程师,15-20K,经验不限,本科,杭州,经验不限|本科,计算机相关专业|全栈项目经验,0,天眼智联,互联网,20-99人,天使轮,e44f1b0278362b271nB93tu8GFM~,王一迪,HR,否,3,0b379ff758f01b3e0ndy3tm5EFpY,4130feda06e48dd303J52tu6FFZQ,19P4HDGncsihf-S1RQrNfKgQw97wyLE-OnvvB1B791MES48LxS2aVTxYJJdwp3U0HjgXv3DDQR7dQpDfY3S2xoCLCDRyZRoVCtxrzekIuxJKD95nDL1iM2FjE8tf59GAYB1PNXU9iT63oA~~,615594290,1yECquUO94v.search.141,定期体检|五险一金|加班补助|股票期权|团建聚餐|零食下午茶|带薪年假|节日福利|年终奖|生日福利,,,余杭区,海创园,120.01746,30.281423,否,否,否,否,否,否,,否
全栈开发工程师,15-25K·13薪,1-3年,本科,杭州,1-3年|本科,Java|Spring/Spring Boot|CSS|全栈侧重后端|Vue|HTML|Node.js|计算机相关专业|全栈项目经验|JavaScript|.NET|PHP|小程序|Python,0,上海聚益文化传媒,广告营销,20-99人,不需要融资,4e6cef46834da8281HB52tm_F1A~,王女士,人事部HR,否,3,52577b5b8de867cb1XZ_3tw~,220ed4871365724a03d40ti0F1BT,0eJHJXq0KyphE-F16w8QoBRoQZ-M2bHJwnJNjnhHVjZdIVV_kxYLw1YZFLiQ5tTPwK7wfh_hTu-Qsb7u7qAJmHqUMVFFIREQV0pMFvoR9mAtBIuJaWgv2RgbfiHOlZ4tHIlmAKIu,615594290,1yECquUO94v.search.142,员工旅游|带薪年假|法定节假日三薪|年终奖|五险一金,,,西湖区,西溪,120.124904,30.278883,否,否,否,否,否,否,,否
全栈开发工程师,18-28K,5-10年,本科,杭州,5-10年|本科,Java|安卓|Vue|全栈无侧重|计算机相关专业,0,中科润禾,互联网,100-499人,未融资,9fcd829205ca0cd21XRz3tq5EFs~,汪俊,产品总监,否,3,f99f9827078e2b380HR83NW_EQ~~,c9d6fdfabc3b88e003F72dy7ElFR,iWtDhLKFMH8FC-e1hO---r15HyyO44pUMxbrN6jEC91OkvZo2q-9Iyprv2PsMjvM9Of3sTGRRgj_iIFZGt2qAy4HzLZQpgsGdu8ip7x4rvFp1n7r8TuLVqdWFThcUVvgzZz7tJ0Lmuc~,615594290,1yECquUO94v.search.143,节日福利|高温补贴|通讯补贴|五险一金,,,拱墅区,拱宸桥,120.117808,30.334695,否,否,否,否,否,否,,否
全栈工程师,11-15K,1-3年,本科,杭州,1-3年|本科,JavaScript|HTML|CSS|Vue|Node.js|Java|Spring/Spring Boot|MySQL/Redis/MongoDB|计算机相关专业|全栈项目经验|微信小程序,0,浙江楚晟酒店管理,其他制造业,20-99人,未融资,2a7522e731d91a2903Zz3Nu5EFo~,黄程,人事,否,3,a638866b69962f670XN43N28FFRZ,82c8457f4e79c13603J_2tS1FVpT,EI90bTEgvxFb9-21NVMRzZVHKU0sRGTgVc7YKiRdM9XORbCv05XwP6RtKmgwPlU622cDhbvTjWcWd78lCWzsuJla0FyeJD0mo-lKR6E7dkaFogGte0fqWRqnoWLnFKTDhG3fCZIwytOx3w~~,615594290,1yECquUO94v.search.144,有无线网|住房补贴|员工旅游|带薪年假|底薪加提成|保底工资|全勤奖|绩效奖金|年终奖|五险一金,,,余杭区,仁和,120.081238,30.444627,否,否,否,否,否,否,,否
全栈开发工程师,15-20K,3-5年,本科,杭州,3-5年|本科,,0,公共安全技术研究院,移动互联网,100-499人,不需要融资,802ae91e502e414d03F_2N68,李女士,HRM,否,3,8944e2bd452677f133dy2tS_FVo~,61f607ee9e1f0e5a03J70t69E1tY,qZzSx8FCl3qru-q1ZX8lim33hhgeRtAcJfzoNfvyaR8YBLGdJBqwkE8t_255-WNqMVulvcGJE6cpxLtGVrW5f_qnTxSm65LZpEZa3Z2ZVJYHpGLttyOJxr2gRr0x_rY-k5Jf4emMww~~,615594290,1yECquUO94v.search.145,定期体检|餐补|节日福利|交通补助|补充医疗保险|五险一金,,,滨江区,西兴,120.230966,30.209604,否,否,否,否,否,否,,否
全栈工程师（余杭区良渚）,11-16K,1-3年,大专,杭州,1-3年|大专,全栈无侧重|JavaScript|CSS|Vue|Java|MySQL/Redis/MongoDB|计算机相关专业|全栈项目经验|前端开发经验|后端开发经验|国产化中间件|数据库|web开发框架,0,新翔科技,计算机软件,100-499人,未融资,86a9f309b337b07c1XN53d-6,许女士,HR经理,否,3,a17cf966ca9ce2970ndy3Ni6E1c~,e6f17378700b463a03J53Ni6FVJR,Jo6IhewRck1Ao-T1d5-TNGHUbeSXAGm8XgJug07GAFxmNr8fE-K6yM5Sviirc45W7l5m_bNXjk3fFGUI4QM6SWPqB7W32Az-2U9TkPoKQNK5_91ES0-cqON-f26ZcqctwKvXtOPrhw~~,615594290,1yECquUO94v.search.146,团建聚餐|节日福利|带薪年假|五险一金|生日福利|年终奖|定期体检|通讯补贴|餐补,,,余杭区,良渚,120.074221,30.407842,否,否,否,否,否,否,,否
全栈开发工程师,60-90K·16薪,经验不限,硕士,杭州,经验不限|硕士,,0,某大型人工智能公司,人工智能,100-499人,,,张世伟,猎头顾问,否,3,b96596b4e54e821303B42tW7EFs~,d43604aca737cfa103d50tS6EldV,fCuGEjClCbHHx-s1iy7HfvwR3T9EkibyMkJvDO9xQbbF5JYhJzvuzkdmZgFlMczlQD2czvW8yMPGhmdWrIC3lJ1i5sPesvfgneoTrOmGhdFG-jYHWY7SzoV5A6t8S6W7Uh2OcnIp76NL,615594290,1yECquUO94v.search.147,,,,,,120.173209,30.273631,是,否,否,是,否,否,,否
高级java全栈工程师,200-300元/天,5-10年,本科,杭州,5-10年|本科,Java|Spring/Spring Boot|JavaScript|Vue|Python|全栈项目经验,6,享视界科技,互联网,0-20人,,8296bd1a690786171HN_39W9Elc~,周女士,招聘者,否,3,9a115322ef24d49303Vy3Nq4FVY~,163e541c5c838c6803R40tS7FFJW,rc_fryjja9XIq-g1S9yZIjsDRsFfpaABPq5lzFKAcAo6XA5Lv09R0vnBybJo8iJ3sxb6PmHm46a-bXOd2-amTF0m17ftsS3f89UHFwF6TPBRP7392rRL3OkuCotXNLEOWg-KoOJ8IfL9,615594290,1yECquUO94v.search.148,,,,余杭区,仓前,119.978325,30.279917,否,否,否,否,否,否,,否
全栈开发工程师（实习生）,100-200元/天,,本科,杭州,5天/周|6个月|本科,全栈无侧重|JavaScript|HTML|Vue|React|CSS|Java|Spring/Spring Boot|计算机相关专业|接受实习/在校生投递,4,宏恩网络,企业服务,20-99人,未融资,7b2f16ebfcb475e70Xd92dW1Fg~~,陈先生,法人,否,3,71dd24b63c727fec1XV53d68FVs~,d6beedbf7234c63e03d609u1GFpZ,xJt8wDHHc4frT-E18L913zIP5Ki9rJYcYobe7zGDZzEqEytEqPlblBtvbYkCE15Pm9K9kG1OAsdi6hUFDIN9NI-QLrNHEi6yEDbKZpTKUEYiGitgy8hscTx80Y0HLsw2lvJCnL2EH8k~,615594290,1yECquUO94v.search.149,员工旅游|节日福利|零食下午茶|带薪年假|加班补助|年终奖|五险一金|定期体检|股票期权,5天/周,6个月,西湖区,浙大紫金港,120.075894,30.308373,否,否,否,否,否,否,,否
全栈工程师,11-18K,经验不限,学历不限,杭州,经验不限|学历不限,Java|JavaScript|SQL|全栈开发|MySQL|后端开发|Vue|React,0,昆腾碧特,医疗器械,20-99人,天使轮,e4078ac0609457a30HV62d60Ew~~,王女士,项目经理,否,3,ce9b3d04ea68db1c3nF-39m-GVY~,578a05a2c8c719411nZy2Nu-GFVZ,D0nfCmo8FGtsC-e1MA6v66u6nU3G30Xuus19llu-Ub5g2UaSK6LzfO_cuRHvd-xUkoUfIDmejpG9xZKBpDdM_acnw6KgM55mFy1KCcZbRrQkgA8iYdIQvbbXePiUw_4eRITTVEHtqPk~,615594290,1yECquUO94v.search.150,五险一金|年终奖,,,拱墅区,万达广场,120.122432,30.337351,否,否,否,否,否,否,,否
高级全栈工程师,9-12K·13薪,5-10年,本科,杭州,5-10年|本科,,0,万川归海,互联网金融,0-20人,不需要融资,ee9bb2640cc3e9d71H193tS9FVs~,温先生,运营,否,3,76329ab28180f6881XV52d65,a10a796978ecec1a03Vy0961EVJV,Am8WiXRPY0pJl-c10iVjy5GtcDHgg7gEufjrfekBdDj6Ws4JejVc03JwAG-7kMIHbKwITOAefgKdnyfj-ls0FsBoFP8c30Cst4nv0MRzrVWxKcdkCgzLhByw28QVR-7KWACuMA9bXA~~,615594290,1yECquUO94v.search.151,生日福利|团建聚餐|零食下午茶|年终奖|免费班车|绩效奖金|带薪年假|五险一金,,,拱墅区,小河,120.101008,30.322851,否,否,否,否,否,否,,否
全栈工程师,18-30K,5-10年,学历不限,杭州,5-10年|学历不限,后端开发经验|全栈无侧重|计算机相关专业|前端开发经验,0,炽途,信息安全,0-20人,,e0be3bf7a22a19a41HNy0t-9F1E~,党吉元,招聘者,否,3,02583793d3ed8ba60nN82N-_E1o~,a04865e0143edb5d1H1539u5ElZU,MSStACmWxnpjb-A1RYELuBBEyIlwPjg-rLinsm3spxEE5T5ddRSm-MbAURf5Ou0E66h9S9iwXu7lL8fgT2jYKVc5OzbOJRH1GwR4n26-_1xkwEQqMrTCQ6ReD1jnk7AFR2XX2NA6uVw6,615594290,1yECquUO94v.search.152,,,,钱塘区,和达东东城,120.37095,30.30999,否,否,否,否,否,否,,否
全栈开发工程师,12-15K,3-5年,本科,杭州,3-5年|本科,Java|Spring/Spring Boot|后端开发经验|前端开发经验|全栈项目经验,0,浙江微养,医疗健康,0-20人,未融资,890155535a92405b1X142d-1GFQ~,胡女士,人事,否,3,1ea6d1b39f76fcb60nR72Nq4F1dR,a873de6ddb14512403F_3ti4EFNY,VXKnzGWYgdHPF-S14uW2Csgmu6UAXHIvect0FF9mL_-m9PySKBIRKmk-qqmTDIPnnRwWml4SW-OOG_H__VEwLB_frm_Am3R916NuqiiSoyKE-pCvylud8FBBBxCOxmVReZlxXkITjEPgwQ~~,615594290,1yECquUO94v.search.153,团建聚餐|年终奖|五险一金|底薪加提成|定期体检|餐补|股票期权|零食下午茶|生日福利|节日福利|绩效奖金|工龄奖,,,余杭区,仓前,120.027769,30.275777,否,否,否,否,否,否,,否
高级全栈工程师,20-25元/时,3-5年,本科,杭州,3-5年|本科,,6,享享科技,人工智能,20-99人,未融资,5afbb011fe3cea731nV82d68FVc~,全春僖,CEO,否,3,036cac49d053f6870nR629m_EltQ,ba768ecfcc0accb003J-3NS-FVdX,H6lV7fobzGhCt-n1_wxIy7sxltMVrIOqAoFqUX2F0GV0DfbLvnpeOE28dgtEiElfreNF4FljDjmipeWx4UTTM-D5ge8b45i68PfvdZW9lIfrhvBSSqN-_7GM8Iuk2-_Oes39hJCNU6X7yQ~~,615594290,1yECquUO94v.search.154,全勤奖|五险一金,,,滨江区,长河,120.165657,30.185749,否,否,否,否,否,否,,否
Firebase React 全栈开发,700-800元/周,3-5年,本科,杭州,3-5年|本科,全栈侧重前端|React|全栈项目经验|前端开发经验|英语读写能力良好|Firebase|Copilot,6,杭州寰亚领英科技,咨询,0-20人,,8d7c7a05573c56bc1Xd939i8Flo~,郑先生,主管,否,3,d763f2b5f13e94fa0nJ82966ElpY,446412af48ace9db1HN_2NS9EVBS,htkqWrIWcEkHs-m1N_JM0MU2IeTgdEeGtPwOK6VZtFF1dJNbKG6eDPLEn3938DoO4N2JIjSLMYUO2QXLmpswczbf3uxBwViOFry1A1uZfHa3tiVIFaRbagMYo6rcBdFRunqV1mrkk0qkuw~~,615594290,1yECquUO94v.search.155,,,,西湖区,北山,120.149673,30.269236,否,否,否,否,否,否,,否
python全栈开发工程师,9-14K,5-10年,大专,杭州,5-10年|大专,PyTorch|Django|MySQL|Python,0,杭州桥度科技,计算机软件,20-99人,未融资,5a393d5f48a34fd81Hd93dq5,金先生,招聘者,否,3,ee4aedcc4abc0a791nZ83dW_FVc~,38cbcdc6e856545103F72d68ElVQ,0zCpBVCIch4QZ-I18SrurBaWV4qnQNoADgyloqSwo-F8hnwI_PXVyd7Xu2wIYeP7xgiH3mJzE2wQrOqV-OrMbLtH67FdEKN3BQgojqMCYD0G30rXgrnADhzJgohyZZxzNxyLNB6ROw~~,615594290,1yECquUO94v.search.156,五险一金,,,滨江区,西兴,120.226192,30.209757,否,否,否,否,否,否,,否
全栈工程师,16-30K,3-5年,本科,杭州,3-5年|本科,Java|全栈无侧重|计算机相关专业|全栈项目经验,0,树千回,生活服务(O2O),20-99人,未融资,22fc12ff593f28b41nd809W9ElI~,王女士,人事负责人,是,3,eb7728c5bd3baa140XV83tW1GFZT,baf7c98431d7e9c103d939m5F1ZV,b2YiS30rij9Ap-01JKEvDeBa_X2dTQ8Lw4kKbwhSN9HbJmp1iFXpeG0liiipuKCbMbrTBVW2K40pWV98xDRlBpom1ydf4j_ZgoNhiwKmh7RPs1gaaY4YWadMVZACK9zjpOq9itl08lDRNoN8iLBekxFOSpB_LHeOW5yBqDbnQZ7sGQRS7Q~~,615594290,1yECquUO94v.search.157,带薪年假|年终奖|有无线网|保底工资|团建聚餐|工龄奖|五险一金|股票期权|生日福利|绩效奖金|法定节假日三薪|节日福利,,,滨江区,长河,120.195568,30.198899,否,否,否,否,否,否,,否
全栈开发工程师,15-25K,5-10年,本科,杭州,5-10年|本科,Java|React|Python|全栈项目经验,0,锦绣商贸,房地产开发经营,500-999人,,dd730ada5a8413161nV-29i0E1c~,周女士,人力资源总监HRD,否,3,cb7df5fb8a42c45a1nZ409q_GVpW,7a7f75ae5325dde703d63t2-FFRZ,j91US68XrKRSP-11h_I8AoxFsc1HRf_a7FRXZyZ-qeqxIate4VOo0mMFKnFm2r1Bye-_F42Lgd3UDYoAgdAUjGUOwiVFiqJE23lOXxT8XJJEPalgoDtJKQNg6sP_k3YVfZzJEeLSW3gu9w~~,615594290,1yECquUO94v.search.158,缴纳社保|带薪年假,,,西湖区,西溪,120.063774,30.280683,否,否,否,否,否,否,,否
全栈开发工程师,5-8K,1-3年,本科,杭州,1-3年|本科,全栈侧重前端|Node.js|MySQL/Redis/MongoDB|全栈项目经验|ruby,0,冀信科技,电子商务,0-20人,未融资,e2d2402b118f3bde1XRy2926GVE~,胡程涛,老板,否,3,6bd30c2909a06d431nV-2tW7E1JU,0e71fd5cb4c27d151XJ_3d2-E1ZU,SPYNBa2NYJcBr--1j9FKqiI-0B61UBlp9KStuoKI3vWglDNgtce3FNZnUtGFh4NqajIkYvQ7YlYLL2Y5sSG8LbKuwkEL0NCad_SZag0aBCRvcZ_pqcxckM9vdDriFDXgyp-V01e3tgFifQ~~,615594290,1yECquUO94v.search.159,年终奖|团建聚餐|零食下午茶,,,拱墅区,三墩,120.101069,30.322689,否,否,否,否,否,否,,否
资深全栈开发工程师,18-21K,5-10年,本科,杭州,5-10年|本科,全栈侧重后端|Java|Spring/Spring Boot|Golang|MySQL/Redis/MongoDB,0,杭州壹网壹创,电子商务,1000-9999人,已上市,55e7888744a5f1af1XZ73tu0,沈女士,高级招聘HR,否,3,55f5f9965e1818b61nV-2N2-F1VZ,d47a65fde7a892f503J_2NW7GVZQ,OvFuB6dZaN2Lf-f1W7XkVWVuQnpcY8h8RPYPiqzgCCEnW3KJXZ70sy5ypEosUCnSEHt7_JPxtf1g8Rs4AwFGhEUqIgNyKXjLY31qjB46_wKkbuvfVToK8MBNq8c7QKMLNu9jBcW2KJk~,615594290,1yECquUO94v.search.160,住房补贴|超值内购|年终奖|带薪年假|员工旅游|五险一金|节日福利|餐补|零食下午茶|股票期权,,,钱塘区,和达东东城,120.373223,30.30766,否,否,否,否,否,否,,否
Java全栈开发,10-15K,3-5年,本科,杭州,3-5年|本科,全栈工程师|Java,0,真型,大数据,0-20人,未融资,c24e50a55e6e3ecb1nd709i5FlM~,严小兵,HR,否,3,31953b3a2d33d7b80nZy3N-0FFJT,5c16a722a1794c331Xxz3Nq9GFFV,tB0LW84d-Ylps-C1oo48uMBokoFPQSso5nAS9MS-l3jmYK1cXMkEVJQ3R08e8ZOLcDTiAA9Ae0SsmMiDL5wD0m0Fq2S8skyAzeIm-FIc5l27NNVHPIvWtNV4vRTrtA7DKOdRvRpKaFoVfA~~,615594290,1yECquUO94v.search.161,通讯补贴|年终奖|节日福利|五险一金,,,上城区,钱江新城,120.208124,30.239155,否,否,否,否,否,否,,否
资深Node开发工程师（Egg.js方向）全栈优先,17-30K,5-10年,大专,杭州,5-10年|大专,Node.js|JavaScript/TypeScript|Node.js开发经验|大数据处理开发经验|前端开发经验|Vue3,0,杭州小采数智科技,互联网,0-20人,未融资,d65cd830b55370251HNz396_F1Q~,徐根福,招聘者,否,3,d290505118a5827f0nx639i6EVpV,9eab3b4e8b6e98c21H152d67GVNQ,9yh1_VmS1pjxV-R1uGjgSIUm6T1qiu7YlcBxnGJjcWIshng9gFl92JCKt-HGOVCWM4EQ5thB-sUnMzN01DmncBaS_JN69REemz9vtsOdaUSy5JqMV0o36ybc3EyhTImiHTcV6FJm9naAiA~~,615594290,1yECquUO94v.search.162,,,,西湖区,三墩,120.064723,30.32473,否,否,否,否,否,否,,否
java全栈开发工程师,11-16K,3-5年,本科,杭州,3-5年|本科,Java|不接受居家办公|Hibernate|Docker|微服务经验|SpringCloud|MySQL|Redis|react|Oracle|ERP开发经验|antdesign,0,新中大科技,计算机软件,500-999人,已上市,691a11584e38f0381nNy2ty6Fg~~,马礼慧,招聘人员,否,3,56e7c4768f60c5850HZ739u6FFBY,9c70e0de5b381de203J-2tm8E1JQ,juPlGj0WnAq6W-h1bhel5JVBpXWiuR07TW5zUYdW3iN9TyPug1bSOHzTWAHA7wHMVdUDMbdHELgPig4baJCQtkXRsoCosiNVRnukXj8F53LMhob5rA36QZ2mI1edkPWAZrlVy0hkBTYw,615594290,1yECquUO94v.search.163,通讯补贴|定期体检|股票期权|交通补助|带薪年假|员工旅游|五险一金|餐补|年终奖|周末双休,,,拱墅区,万达广场,120.118381,30.336236,否,否,否,否,否,否,,否
高级全栈开发工程师,25-40K,3-5年,本科,杭州,3-5年|本科,JavaScript|CSS|Java|PHP|Golang|全栈项目经验|后端开发经验|AIGC,0,斑橙科技,电子商务,0-20人,未融资,f336defafdf3be5c1nV82ty9EVA~,蒋先生,总经理,否,3,1700a8d0b5f402a21nV43ty_,7c0fea29a2db022d1HZ_0tW8FVtY,6e-qtmhbBJqiJ-u1Yuzlo-8oDkxM-cgglNYOdlc1FtR0-KlhemuyAMZOxi28NtiC4yCJ4jKBof48YOhf317tR3gZ9lOzXvI9WhJCJPg_ceTLo5ZCMOB6NM38bJbRAhaG-Xb8xIm1Gg~~,615594290,1yECquUO94v.search.164,股票期权,,,余杭区,仓前,120.00487,30.292227,否,否,否,否,否,否,,否
高级全栈工程师,18-19K,5-10年,本科,杭州,5-10年|本科,TypeScript|后端开发经验|Vue|PHP|Node.js|前端开发经验|Python|全栈项目经验,0,元豹科技,互联网,20-99人,天使轮,9ef3c4334136dd5403Z73tu4F1U~,吴敏,创始人&CEO,否,3,f16b63be7193c6ee1nZz2NS4,489afcc7e7baeb9203F53N-4FVZZ,Ug53jsMmfugrn-Z11euXG1bJqlPtPNKSyIwkwaIAcZwD2qGbmMbBuaCaloVw3cKDeF4YeWxirX4Srk719Vhqy7gUKdbAu_SCihoPD6JFbFRpy5Js5JZ3T0JTufAEAreQgtb-lxzmwQ~~,615594290,1yECquUO94v.search.165,节假日加班费|工龄奖|五险一金|加班补助|带薪年假|餐补|生日福利|交通补助|底薪加提成|保底工资|绩效奖金|股票期权|节日福利|团建聚餐|年终奖,,,滨江区,长河,120.180195,30.189665,否,否,否,否,否,否,,否
全栈开发实习生,160-200元/天,,本科,杭州,3天/周|3个月|本科,全栈无侧重|JavaScript|HTML|CSS|Java|C/C++|Python|计算机相关专业|全栈项目经验|AI心理|浙大学生优先,4,维熠教育科技,其他专业服务,0-20人,天使轮,596a46e2aab7b0551HRz09u_EVQ~,张女士,HRD,否,3,cf77d7074f86341a0XZ52tW1F1RT,ae4772951ac5ee5b1Hd53tu4EFVV,0kAm30ZxSfEdQ-c1DxLDmHzPZlv7LOq4_shBTR3os7Z1ykCIJLcFnDnTb4Hiu44_Dtrb_ciA0IRHfnQ2-DdCccDLQRzssX2IU_kr-h4TYpcWnYy2RKgQujUe8PMXh1_bC-TM_GjWb6mQWg~~,615594290,1yECquUO94v.search.166,年终奖|保底工资|带薪年假|团建聚餐|有无线网|股票期权|五险一金|绩效奖金,3天/周,3个月,西湖区,三墩,120.062355,30.325667,否,否,否,否,否,否,,否
Python全栈（实习生）工程师,200-250元/天,,本科,杭州,5天/周|3个月|本科,团队管理经验|爬虫经验|Elasticsearch|MySQL|Redis|架构设计经验|Python|Flask,4,杭州蜜鹞媒体有限公司,大数据,20-99人,A轮,de9d6ae01b6551091XR52Nm5E1U~,斯迪光,执行股东,否,3,0e022a0c43f5030e0HB73tS7EVc~,0d818ab568204e5f03Z_3dW9ElVZ,DwYtqHyIIPeZ8-L1hRM3jvCofh7S2d9wWpTcHnwd4uqO7ko6V5uIIMhtEKkYtTcEDHnG0-uAr20J7sz0zapyOsNwWTnFlLW7QP4tKOIqkID7ryz62yXbprGEJzqqusFdIMRnv6TKfLjK,615594290,1yECquUO94v.search.167,五险一金|员工旅游|年终奖|带薪年假|餐补,5天/周,3个月,西湖区,西湖,120.100803,30.270985,否,否,否,否,否,否,,否
Web开发工程师（全栈）,16-24K,3-5年,本科,杭州,3-5年|本科,Java|PyTorch|微服务经验|MySQL|Hadoop|运维开发经验|Spark|架构设计经验|Python,0,杭州新传实业有限公司,证券/期货,0-20人,,7ff3554cfbbce8ec1XF72t68EVM~,项女士,后台主管,否,3,1cf08343e48a0df80nN529W5FFdS,4708d26a4ca106271HN92tS-FlNX,4ndhuhAIGD-Gj-h1YOO_vbPXYwvAW5elZlGXOceOmni7oHMW1mv_dIxJl58u6awpWrioHsoMjANn-UX0dPp4qWriOUZFlUZA7i3xMBsIgk75ptU8blPpFvbipee1SbXkxGNeVPU99WbOaw~~,615594290,1yECquUO94v.search.168,团建聚餐|带薪年假|节日福利|年终奖|餐补|五险一金|底薪加提成|员工旅游,,,萧山区,北干,120.25066,30.180856,否,否,否,否,否,否,,否
python全栈开发工程师,12-20K,1-3年,本科,杭州,1-3年|本科,,0,杭州西湖交互机器科技,互联网,20-99人,天使轮,ac4ecb6ecbf59e521HJ-0ty1ElQ~,刘女士,行政专员,否,3,57aaeb2dd3a59c140nd82Nq1EVdX,345e5812b17590eb03F83ti-EFpR,kMe9XOOuwcfGD-h1q2AfKz1QRxRTNRkKTS2GUSmKGzf61g5nuOCjtFbq3bQTZNsvF7NPH3toHfnVKXe9ZaKAtpk4_j4SewQg1IOBeZq_s8ZFJRnMXCLpbdr5fTyVIv9oxa6d3cQZ1wb2Sw~~,615594290,1yECquUO94v.search.169,高温补贴|五险一金|双休|生日福利,,,西湖区,西溪,120.061793,30.31519,否,否,否,否,否,否,,否
全栈工程师,8-13K,1-3年,本科,杭州,1-3年|本科,全栈无侧重,0,取新智能科技,人工智能,0-20人,,a4c5796d349a18b103V90tS9Fls~,朱萌,人事HR,否,3,822dd4ae12bee7df0nRz3d-9E1M~,125888a1bfaf28e203B83ty4E1pR,DEHjEZc3fY_la-b1H6YwA9chAkuWBEEDnAxGAtRDbksFsClZVE1xUx9fdcuMUb9JixkriiVZOYd9L1vncmBe4TAEPkfR_-YySQkKAM2gACKLzIiRjGaMxa3W_Jx5RmUqdjXbXLcY95ip,615594290,1yECquUO94v.search.170,,,,西湖区,西溪,120.100659,30.300959,否,否,否,否,否,否,,否
C#、ASP.net全栈开发工程师,15-20K,1-3年,本科,杭州,1-3年|本科,C#|ASP.NET|计算机相关专业|C#开发经验|.NET开发经验,0,检讯科技,计算机软件,20-99人,未融资,c60ea332a975a0b91nN7292_Ew~~,金琳,经理,否,3,b92bd4b97d58d9490nx70tq6E1FX,0a764dbbd94516341X1-2t68E1ZZ,rZlPPABzlaLIB-C1_24-kn0adFfbikC8QA2Wmnm5RNd5kDkXiyhxjb4KcSyzNGuYVBFiCHGk8tiI7NpDj-X2mJ-hOZuAW-XSMirFX8KNsQe0m8ST_4JD8ZGdLbqNQSE2uxUHGaRhwnLo,615594290,1yECquUO94v.search.171,五险一金|年终奖,,,滨江区,长河,120.225692,30.209643,否,否,否,否,否,否,,否
初级全栈工程师,3-8K,在校/应届,本科,杭州,在校/应届|本科,Spring/Spring Boot|接受实习/在校生投递|JavaScript|全栈侧重前端|Node.js|计算机相关专业,5,城一数研,计算机软件,0-20人,不需要融资,4d57f6121c5920561H163du0Els~,刘女士,HRM,否,3,a93e78f40dd48bab1Hx-3Ny9Fw~~,df6351231e97580403Ry09i_E1FX,pRFSaa-lwodn9-g1aXRxK9_j2NFv88prqhi2LiI5_TC1CD0QhNiAC7eJQ0A5CDfInpb1zUDylP5pm2JE494_VvfIhPbJmcqOsnXw0rcFeGMAzdfkvEpkYnWHEHOkDpOs6ifgWcwZGs0~,615594290,1yECquUO94v.search.172,五险一金,,,滨江区,浦沿,120.139648,30.185685,否,否,否,否,否,否,,否
中级Java全栈开发工程师,10-13K·13薪,3-5年,本科,杭州,3-5年|本科,Java|SpringCloud|MySQL|Spring,0,易雅通CRM,计算机服务,100-499人,未融资,3bf928bd98cb49231nN72d-0Fg~~,俞女士,项目经理,否,3,1d9c271d1c8e234803dy2tm5GFs~,4ed69b941176e08203F92tm0EVJW,CnEFf9VYUKlzw-H1wd6txD6gmK1SpbWKLfDWbOQBZeEp_xdqCgrgQ03Vta91ozHjXT6SpgNwqjqBAC-QmGCPcmK3vdZuv28-YqOTM1mMRstZiC41w3GCJLKzwWrQ0QJUg1VB1X_Qf-M~,615594290,1yECquUO94v.search.173,员工旅游|定期体检|年终奖|带薪年假|交通补贴|生日过节礼品|交通补助|零食下午茶|通讯补贴|节日福利|五险一金,,,拱墅区,建国路,120.177946,30.264848,否,否,否,否,否,否,,否
全栈偏前端,15-22K,3-5年,本科,杭州,3-5年|本科,Java|Spring/Spring Boot|Vue|JavaScript|全栈侧重前端|计算机相关专业|前端开发经验|全栈项目经验,0,微工科技,互联网,20-99人,未融资,be27dcea715a7a901HR-2d8~,叶日发,总经理,否,3,68d87f07789930e80XVz3dy7GQ~~,9aeddf0e6198d3c01HJz2Ny_FFdU,0ifNR0TJ2Aaum-V10AsqWppVccjthunh0vHz5VICx7coMJSthw7AYoKWZ66cCK3Spi1n5sbnW0OnM506EVQUfoeD-1195jwvWhySnFmMJMN-NmgU2dIJn9vvTUeyzsRbPJcSyf0~,615594290,1yECquUO94v.search.174,全勤奖|加班补助|五险一金|生日祝福|年终奖,,,上城区,丁桥,120.214585,30.339899,否,否,否,否,否,否,,否
全栈/后端工程师,27-50K·16薪,3-5年,本科,杭州,3-5年|本科,,0,智谱华章,互联网,100-499人,不需要融资,18815b858c0b88250nd72N66Fw~~,陶金亮,HRBP,否,3,df4f59e09b5acc9703Vy29y_GA~~,da6d73748f1e4e7003Bz09m5F1pS,yO4H0Jki4S6W0-J1EHio2cr4n4hYZoh-Ca7XLOYusC8j36OAYNObEF1O3vnN6137j7YSdLyCGhp1iPQMFr4YgRIHEhxeK-Jhb2TRCpHgpY0bWsUr4HCsj7_gKU8HJBihYiPfE-tcvg~~,615594290,1yECquUO94v.search.175,股票期权|年终奖|补充医疗保险|餐补|零食下午茶|五险一金|包吃|定期团建|定期体检|节日福利|免费工装|生日福利|团建聚餐|带薪年假,,,,,120.23358,30.241362,否,否,否,否,否,否,,否
前后端全栈开发软件工程师,15-30K,3-5年,本科,杭州,3-5年|本科,,0,珞微科技,信息安全,20-99人,未融资,1bde54e21a06956a1HR909u6F1U~,倪章翔,总经理助理,否,3,3d3b4947d3c31fa40XZ70tm_E1VV,e203eff35f89b08803Bz2N-6FVNV,gOZK8JVZMl1Hb-K1OODntMv9ziRxp3JFk5SCjDlmfEruERWBMAcCLOpyi1yn52SOQIv60Vcgq87Ls5FKPmq11h3o0L6I6J_2pVm83wHfaeRaRQWW5o5f5LXZUkIGDyXGWR5MUkBlfC1QEQ~~,615594290,1yECquUO94v.search.176,生日福利|免费工装|团建聚餐|节日福利|五险一金|零食下午茶|定期体检|员工旅游|保底工资|全勤奖|餐补|带薪年假|年终奖|有无线网,,,余杭区,五常,120.045677,30.294416,否,否,否,否,否,否,,否
昇腾AI全栈开发工程师,15-30K·14薪,1年以内,本科,杭州,1年以内|本科,Java|Python|数据结构,0,华为,计算机软件,10000人以上,不需要融资,02cd05cce753437e33V50w~~,廖女士,软件工程师,否,3,519e2eadccf78b070Hx82d64F1M~,87385b41a39589431XV90t29EFVY,4rhpbdXTG695I-11uncrVsDfzgmqZV2R7zdXOO3hZgRhyGsJt2Nfcflt-LUKuqEjVDXaTJfGsx0yOM2xzDK5uQZ3kj_0MHSJHckhkT2atdMPY34BKet35sQwpr6IkUgZwXmYxVc~,615594290,1yECquUO94v.search.177,夜班补助|保底工资|股票期权|法定节假日三薪|企业年金|员工旅游|加班补助|免费班车|节假日加班费|定期体检|零食下午茶|补充医疗保险|交通补助|带薪年假|绩效奖金|节日福利|五险一金|意外险|年终奖|团建聚餐,,,滨江区,长河,120.205796,30.183938,否,否,否,否,否,否,,否
全栈工程师,12-13K·13薪,1-3年,本科,杭州,1-3年|本科,TypeScript|Golang|C/C++|后端开发经验|JavaScript|全栈侧重前端|React|前端开发经验|Python|全栈项目经验,0,杭州智势,智能硬件,0-20人,,a663fbaa701b9a9a1XB80tu1EFI~,郑卫飞,招聘者,否,3,65a067080ab322d51HZ-29i7Fw~~,4e9537567732b5541X153tm1FFRY,Nzh3EcWgPcnQU-d1tzfmXUbBl3q_DsfOdhy4qM3_9yZnofgEBY2YAUpb2xy5fxnjMvzEXCYw9e7iBotZ_H1V4JjR0kGvQh9ugcj0xXHg2NYRfvz0O5odSkrCw9VEdJh7ODUpAX5mJNg~,615594290,1yECquUO94v.search.178,,,,余杭区,仓前,120.001809,30.280821,否,否,否,否,否,否,,否
全栈工程师,25-50K,5-10年,本科,杭州,5-10年|本科,React|JavaScript|HTML|CSS|Java|Spring/Spring Boot|全栈项目经验|金融   银行,0,某大型银行公司,银行,500-999人,,,彭琪,猎头顾问,否,3,bcb9bdd65b0a8cfb0XF639-6FlBZ,f3a26f6e31dbf6b503J_3t66FFJQ,kMmZRA-ft3M8h-K1VqTU8LshR_59GKvurBeb8ZtU57XOpIkpnFTW19Lzuwqcciwf9mubm-5DRVGOaISDBZSAsXhquKkUbn1QhU72nyfhVAEMbTLuIl_bRIvHG4mBvPz8rzrWAHDYtOxKNA~~,615594290,1yECquUO94v.search.179,,,,,,120.21626704108174,30.245991646192177,是,否,否,是,否,否,,否
全栈开发工程师,8-12K,在校/应届,本科,杭州,在校/应届|本科,TypeScript|Java|CSS|Spring/Spring Boot|ArkTS； Android|JavaScript|Vue|全栈侧重前端|MySQL/Redis/MongoDB|计算机相关专业|前端开发经验|全栈项目经验,5,红杉云澎,企业服务,20-99人,未融资,0b18b9ddb3af051003d90tu8Ew~~,王锋,招聘者,否,3,40a0232087d570a60XVz29q7EVA~,bdfe782a3dde9d8c03V40tm4FlJS,NlFrODN2-qydp-t14IbPAXhPgKEYKD5LEVg5M5i8yJ7krCJE2QjYQUWZ6MkoZeiycc1eoZ79WVslT1U3TFK2xMfR5bEzE7VwOsBgpYxu5dhfNqKrI4A8FqEO4LKWzZIUAo0hyw0kSQQ~,615594290,1yECquUO94v.search.180,股票期权|带薪年假|年终奖|餐补|员工旅游|定期体检|五险一金|交通补助|节日福利,,,西湖区,西溪,120.114187,30.291126,否,否,否,否,否,否,,否
全栈工程师,8-10K,经验不限,学历不限,杭州,经验不限|学历不限,网络编程|全栈开发|UE4开发|WEB开发|Windows|Android,0,特效小哥,广播/影视,20-99人,不需要融资,85b1efe2d11acb7d1nB72NS7Elc~,许震雷,HR,否,3,74b9a824c94b859003Z82dm5EFM~,8f2b5e4137b5049e1XV_3t66FltS,mW6HyDmOx57d_-81F_78W7AbjfYM-9JJd_DZTLZ9jiu6gpxEJNv583zhQGYhWLHdX5Hb07mVo1dmDXSHNw-8rUPT6ye9xZffB1M5YHbI5mR8h9peJTpf3uyizt_KJQJy-fs-1Zfqls8f,615594290,1yECquUO94v.search.181,生日福利|节日福利|团建聚餐|意外险|工龄奖|法定节假日三薪|交通补助|定期体检|节假日加班费|绩效奖金|通讯补贴|有无线网|保底工资|五险一金|零食下午茶,,,余杭区,仓前,119.978325,30.279917,否,否,否,否,否,否,,否
全栈工程师,8-12K,在校/应届,本科,杭州,在校/应届|本科,JavaScript|Java|C/C++|Python|Spring/Spring Boot|计算机相关专业|全栈项目经验|前端开发经验|后端开发经验,5,研几私募,证券/期货,0-20人,,99213f15f4e3cde21HR53ty8E1c~,李兰,行政,否,3,f29059ce9f2efaec0HV53d66F1FT,68c44bc515a4559f03F43d25E1dV,Ce6EKwD8WV1Il-010sCW_68eyHTLn0-3YXit1fbOSFvvGEUQMR6Oe_J0akNsYeGcmEHH4wUMatb0jfJ5aVY0cKfqEb0OCULQdINSlXtO1VTP_we_6edBIv-P05PGAIzYfjjkHf4HrK5zHg~~,615594290,1yECquUO94v.search.182,,,,滨江区,长河,120.198183,30.208154,否,否,否,否,否,否,,否
java全栈工程师,8-13K,经验不限,学历不限,杭州,经验不限|学历不限,SpringBoot|Android,0,易事通,计算机软件,20-99人,,b7d0e77835e2083f1nNz09u6FVA~,赵碧英,经理人,否,3,da29dc44453a47dd0ndy3tW8F1RW,b956b095cc54b7061nJ-096_FldR,sEy2cbywcv9Tk-51KFF7jaRuTaB8YkceA4HmJaJqGRtlIKm_rm5PwSAxT-5hQGBuqfb1WqD4J6duoT7-BVgou4IrOT5HggAvpn74EsrAlgNOfEh7oooDsaxYfbXbpQmnXnb7wEDQf-P22A~~,615594290,1yECquUO94v.search.183,,,,滨江区,长河,120.201176,30.177168,否,否,否,否,否,否,,否
高级全栈开发工程师,15-25K,5-10年,本科,杭州,5-10年|本科,Java|Spring|MyBatis|MySQL|团队管理经验|接受居家办公,0,名遐信息科技有限公司,计算机服务,0-20人,不需要融资,2a07e337d16706a21n1-0t--EFU~,曹女士,人事,否,3,ff40b19cb45f28001nR90t65GFBQ,97bfc152da29a83e03J53d2-EVdS,zY7wMrGbb8eLH-G1xpGeVaU7xi83t-x95nQSOH-k4ibsBbb3D89wUbEz8pNRtqs6rTQBNmeyKKrA1_wXHw_EO7ZwiKyVMyqegTOPu4lmngEkPN_yw8IZY2xDHV-ZQJLUDC4g4yNusbRl6Q~~,615594290,1yECquUO94v.search.184,年终奖|带薪年假|五险一金,,,西湖区,西溪,120.050871,30.23625,否,否,否,否,否,否,,否
高级全栈开发工程师,20-35K,5-10年,本科,杭州,5-10年|本科,全栈侧重后端|TypeScript|React|Node.js|计算机相关专业|全栈项目经验,0,凯棉科技,计算机服务,20-99人,A轮,c3368fa21b6d60891XB-0tu1Ew~~,赵黄强,项目总监,否,3,d59840cbb446d3a00nd82NS9E1o~,eacf45f41d8226571HJ_29S6GFJR,xl3cVQjLiEqmP-E1trJdTQgb8M445GkPWKOslow0AxFapXmorcHhHPXsUwXz7RxpMh5ge45Ghw8Ao2OrXJS9OS5gPmSEBuez9H1yU53X6lqgr-G6hV-eW9Yunx3l9AOG1KuqoaSc4rU~,615594290,1yECquUO94v.search.185,股票期权|加班补助|节假日加班费|保底工资|节日福利|年终奖|五险一金|生日福利|团建聚餐|定期体检|带薪年假|全勤奖|零食下午茶|通讯补贴|交通补助|五险一金|法定节假日三薪,,,西湖区,古荡,120.120388,30.276736,否,否,否,否,否,否,,否
全栈开发工程师-AI电商方向,12-24K,3-5年,本科,杭州,3-5年|本科,全栈侧重前端|Node.js|React|全栈项目经验,0,乌鸫科技,计算机软件,500-999人,不需要融资,99d5004b33c2f2150XF43t28EQ~~,金女士,HR.招聘专员,否,3,65c29b223cb5f09d0nN829S1GFVV,e60968ea3523948203F92Nu-GFtV,x3QxkrZBWdtGQ-_1A8V7iEURS0KUizdbZwrZGD190AW8MIT5m89lRYe86To5zdtWJdUct6oPujAT-Xd-F1mPvStQUuw7NblGWac1QHJOAr-5Ziy0reBo-w188xt2n1n4hI7-vNrcXFzu,615594290,1yECquUO94v.search.186,餐补|员工旅游|团建聚餐|定期体检|免费班车|年终奖|节假日加班费|带薪年假|五险一金|节日福利|补充医疗保险,,,余杭区,仓前,120.023164,30.28337,否,否,否,否,否,否,,否
"全栈实习生(vue3,java)",150-250元/天,,本科,杭州,4天/周|6个月|本科,Java|不接受居家办公|MySQL|专业前|Redis|vue3|Spring,4,开市斧,计算机软件,0-20人,不需要融资,024624d7eac82dd503V62di4ElA~,杨先生,产品研发负责人,否,3,a49f581c71be48e71Hx43Ni4Flo~,8e1ddc030b55ed5703F-2t66ElNW,fgAPIsO5xHcfP-J1nEReLwIyoHJJv-X0a7KHZFsq5LRAa6X3iQOh3FewwRkDIh2Xe3sjsIWcBJwgOOZuyvTUkuLD6-BWoL-5vkQcdu6fHqWHdn9d2Ie-HAeCg1Ch4ZYGhlat2kYA6jZo,615594290,1yECquUO94v.search.187,通讯补贴|节假日加班费|有无线网|年终奖|加班补助|团建聚餐|五险一金|绩效奖金|保底工资|带薪年假|法定节假日三薪|股票期权,4天/周,6个月,滨江区,长河,120.221486,30.205855,否,否,否,否,否,否,,否
全栈工程师,500-260000元/月,经验不限,学历不限,杭州,经验不限|学历不限,全栈无侧重|全栈侧重前端|全栈侧重后端|全栈项目经验,6,火线传递,音乐/视频/阅读,0-20人,未融资,850702d5eb0d8c3903N72dy6Fw~~,张杰,经理,否,3,50c2ae6b5c4f3d7b0XF62ty9GVE~,430637ad3000f70503R80ti1FlRW,PSqZzpaex3G5R-c1UBc9fshxkxFaX0dIzKu_cbgLuYv-Sz4TKBmiBq1QH_AfbjkGVXcX95ndGTo0ninVpwcY6mb2IY74oQDrSNl--x0h40R9C_ACKi8_QrUghx1OJpiDHjpOlCISkMo~,615594290,1yECquUO94v.search.188,,,,拱墅区,上塘,120.144666,30.313177,否,否,否,否,否,否,,否
高级全栈工程师,15-16K,1-3年,本科,杭州,1-3年|本科,,0,医群健康,医疗健康,0-20人,,215fd23988bf62431X1539W7FVA~,王宁,招聘者,否,3,b5129f4b6c0f33d603R739i4EFs~,3b8a680a5a4e534f03B70tW_FlpR,s68Yh9RCzcUxm-61OezWzIhhJz-qZBpWNBzNLHyscJ0wWLkd9ObB48D1A-Vm7u3acrao3VKDPhdlF-Rva_MLdUQ97dbU6LIBQJj3FddGV79nFuqJXf7ewSanMHpi-pVfOD-nQ1X4LlQG,615594290,1yECquUO94v.search.189,团建聚餐|零食下午茶|五险一金,,,拱墅区,文一路,120.106084,30.303038,否,否,否,否,否,否,,否
全栈实习生,150-170元/天,,本科,杭州,5天/周|3个月|本科,Java|JavaScript|Python,4,中控技术,计算机软件,1000-9999人,已上市,da74a7222c9069321XJ629W7,王欣雨,HR,否,3,9ab64c2bacc5d6ba0n1y3Ny6F1FS,d290a1fd6993421703dy2N-7GVZY,IlJB2DnqzUC6O-F1-dcYJMjyiTLjCFvgcnGRVcN-hZq-SlZrjcvw8919RXjcMPe3VwwQIyRbRA59XOKjZ-LGZhiaQVwbzAigr2SlIFERBBTVibUvOZfCPi-VuGGAZ91-likiUGOVPbQ~,615594290,1yECquUO94v.search.190,补充医疗保险|法定节假日三薪|五险一金|交通补助|年终奖|带薪年假|股票期权|通讯补贴|定期体检|节日福利|餐补|住房补贴|高温补贴|零食下午茶|包吃|生日福利|加班补助|团建聚餐|员工旅游|免费班车,5天/周,3个月,滨江区,浦沿,120.138762,30.179663,否,否,否,否,否,否,,否
数据治理平台全栈开发,18-28K,3-5年,本科,杭州,3-5年|本科,全栈无侧重|JavaScript|Vue|Java|Spring/Spring Boot|计算机相关专业|全栈项目经验,0,杭州怯薛卫队通信科技,计算机软件,0-20人,,cef1a0ea995b9d0c1H153t65Els~,陈军,HR,否,3,a0fc9ae9ba1b71191nR83N69E1BV,355d437c3cb531ac03d-3Nq6GVtQ,CORI7rhvLOjAI-o18bmSIB8h2Xd1AAZhh0Ew8eASNPBoz21_HYiE4hdouTUhqozQXoqkcW8ssgr9k7kmDYdeqtS1wSlvdPuccw6Px-lVspTQa6z98nKdclhmnpmGDKNL0BqlmA-KSsa0uA~~,615594290,1yECquUO94v.search.191,,,,西湖区,古荡,120.110103,30.267224,否,否,否,否,否,否,,否
后端/全栈开发工程师（AI电商商家工具),18-28K·13薪,1-3年,本科,杭州,1-3年|本科,Java|MySQL|Spring,0,杭州朗珏,电子商务,20-99人,不需要融资,99fc010755806fe6031_0ty_EQ~~,高方,副总经理,否,3,ecf5b12f4a4ec1b31XJ72du1F1U~,2fc423db0835c05403Fz29S9FFtV,GOwJR0iodpBM_-V1sZ8Wo4khzbDnQhMexRfeecgoVBBtttWZALcLV0OuAxYsJ1zhVL2ea70URKf_MYYtmF0SZj571I-xl6lLeYvQ0orpX4h1etf6D4umnxFBPG5snVV6T70IjIVh0fg~,615594290,1yECquUO94v.search.192,保底工资|节假日加班费|五险一金|绩效奖金|年终奖|零食下午茶|节日福利,,,拱墅区,上塘,120.202708,30.325674,否,否,否,否,否,否,,否
全栈工程师,8-13K,1-3年,本科,杭州,1-3年|本科,,0,杭州凌柒凌亿,旅游/景区,0-20人,A轮,7acf39adb35af5c51XR-39y4GVU~,吕彬彬,总经理,否,3,4d873f30b988e87d1nJ53du0,b2d5fa2625bdcfea03Z52Ni_FFBT,R1VAJdIL6XP61-b1ngRPurs9Rp8JKyq-MHipeAzMkIYBnocSrqsRo9tdI4fHIKxmjslympTwNEG4sFuAOMD4uG6WjV-bnE7jtgYjfnIHYya8YUHToXQoW4ljLqlNjCEQWvenSB_wRg~~,615594290,1yECquUO94v.search.193,生日福利|团建聚餐|底薪加提成|带薪年假|五险一金|年终奖|夜班补助|员工旅游|保底工资,,,萧山区,萧山新城区,120.248821,30.203537,否,否,否,否,否,否,,否
棋牌游戏全栈工程师,11-20K,10年以上,本科,杭州,10年以上|本科,Cocos Creator|麻将|lua|skyuet框架|棋牌|Cocos,0,烨欣,计算机软件,0-20人,,8214f9b3cc22c1f11H1539-_E1I~,张先生,高级招聘专员,否,3,6f421d131d152f9e0nN80tW6FlpU,d4aa7c2f6fe84b7203dy0966E1VW,-RBKXIIbavGUf-n1adLZJOFU7p1M8WyzVUIhQrLONxXZYL-1boxiWXLMS1upmlTRSKGQJyOrCMMNhwr4J--kFOW9w0W2x93AtDMGocK8Anoatq7IRUfsa7HYNujrR2yvr4qlU3Xntuu8XQ~~,615594290,1yECquUO94v.search.194,,,,富阳区,富春,119.932637,30.089746,否,否,否,否,否,否,,否
全栈开发工程师,16-25K·14薪,1-3年,本科,杭州,1-3年|本科,全栈开发|后端开发,0,华为,计算机软件,10000人以上,不需要融资,02cd05cce753437e33V50w~~,叶毅威,后端开发,否,3,e135b95e0a461a930HB60t--Fls~,21652376cd48ef281nJy2d2-FVVR,0fcY9yxmUfnmj-L1fvyIQe5us5B8bNWzIy7zhW7RP4BDjwvVQGDoe_Q_bporl3ZsIAoWonia4dwGqQ40BQ3emN98ZGj4dPZXCwQGxm_PF6R9WEgIOq3t9qBGIlNmtXrDq1NQUvo~,615594290,1yECquUO94v.search.195,免费班车|带薪年假|保底工资|夜班补助|节假日加班费|五险一金|股票期权|企业年金|绩效奖金|法定节假日三薪|节日福利|员工旅游|定期体检|补充医疗保险|意外险|交通补助|年终奖|团建聚餐|加班补助|零食下午茶,,,滨江区,长河,120.205783,30.183937,否,否,否,否,否,否,,否
全栈工程师,15-30K,1-3年,本科,杭州,1-3年|本科,前端开发|全栈开发|GO|全栈无侧重|后端开发,0,数与科技,计算机服务,20-99人,不需要融资,b8b14fc174a0c58e0HZ709u7GA~~,马先生,招聘者,否,3,99e1a624614242241XJ_2dm6GFI~,f9013f6e399603fa1XN409q4FlNZ,5rkJxx9B8au2u-N1dy_9h9HBPm9y5Zz88_IORPXF3YbtUDH-zklD_ArNgrKWmHzK9JFrc3sIUNuHhP6PgnXiGkllmzMVpyGJgdWm0EMbhsWZTh24tK9s9cmJdpdyULEfXDGqYXBUikc~,615594290,1yECquUO94v.search.196,五险一金|股票期权|员工旅游|带薪年假|餐补|节日福利|包吃|零食下午茶|年终奖,,,余杭区,仓前,119.998303,30.276959,否,否,否,否,否,否,,否
Web（全栈）开发工程师,8-13K·13薪,经验不限,本科,杭州,经验不限|本科,Javascript|vue.js|node.js|前端开发|全栈开发,0,京云建筑科技(杭...,互联网,20-99人,未融资,9657fdefe12b7a9e1Hdz09y7FQ~~,姚继锋,CTO,否,3,0659d3f1aad031d90nZ83d-_EVo~,2f39a7869ba579f71HN-292_Flo~,ApaPrCatBM8pX-615v-A7104bVDcqrebSeF1FawWDRNpUlL0NCwaUVJ6Mf56Lgun4qdVG0Oxkkf4-sz3sY0a9yLlxOYoDuk1agg03lQ5AtMHAbKF45zjQVu2nVeEPUr20z9AC9C4rw~~,615594290,1yECquUO94v.search.197,年终奖|交通补助|加班补助|零食下午茶|股票期权|餐补|节日福利|定期体检|五险一金,,,萧山区,奥体中心,120.239138,30.236906,否,否,否,否,否,否,,否
JS/TS资深全栈工程师,20-30K,5-10年,大专,杭州,5-10年|大专,Web-js|Vue/React|Node js|Ts|浏览器自动化,0,杭州辰链信息科技,互联网,20-99人,不需要融资,c7e69e75da1514351XV409i0EVA~,付女士,人事主管,否,3,c8200a354943508103F42t-4EVQ~,6f0a14383cc9a0b203J73ti4FFdR,a4ITAB8Mhk5I1-Z1hRYUJCpJ2HZDlNxUluIxkgXO2EwlgX3LLRNoD9MYjeNTSDsljxp4P78rOWuflNlzcZMfU_DIqPTVXJkOF7KZk86LL7Qdj4ENnSIy7lfKqj_tAP_crzP06xqJH9wu,615594290,1yECquUO94v.search.198,餐补|交通补助|保底工资|零食下午茶|加班补助|员工旅游|全勤奖|五险一金|团建聚餐|夜班补助,,,萧山区,钱江世纪城,120.241979,30.243974,否,否,否,否,否,否,,否
中级全栈工程师（Go/Vue方向）,20-23K·13薪,1-3年,学历不限,杭州,1-3年|学历不限,Golang|后端开发经验|全栈侧重后端|Go-Zero|Vue|全栈项目经验,0,杭州泰旸生物,人工智能,0-20人,天使轮,fd8ba15ba3ff34e803Zz3di7GFQ~,史璐,人事行政总监,否,3,de2544add7c57df10Xx62dS4GVFR,439bbded7f5358ab03J529u4EVtR,lAOQlw6D4coog-F1PaSfMeajC2oZ8WPUHhEKCi7U1GyPqRBOz4B3crRAvjGTBOCQRUmWt6rggLx9FI49JV0AmnH3VuUo6TX1eoqbw64yPNb9G0-LUnK6EI01S-2bweycWWfLSLKyjaoCEQ~~,615594290,1yECquUO94v.search.199,,,,滨江区,长河,120.212877,30.182378,否,否,否,否,否,否,,否
高级全栈工程师,20-25K·16薪,5-10年,本科,杭州,5-10年|本科,全栈侧重前端|JavaScript|Vue|React|Java|Node.js|Spring/Spring Boot|全栈项目经验|前端开发经验|uni-app,0,杭州兰轻信息科技,计算机软件,0-20人,,f871aeee1c7cdd4803R-2di-Elc~,张镜,董事长,否,3,4a394081bd1e7f141X1y0tm9FFA~,afc771c5e1e203a503Zy29S0ElJT,xVzZAxJ0_uKVF-b1uBM2bAhaRDkC00QPpKcgn8Vc7fj-Goc5Nwjop0wKdJLkUa--2LAHsHFi84xwOnXwtEFLgzNfJVMhpE-fBuYSyOTIrgcpoSOWI_3KX1B3k-DJ-Ut13jhT9nU9TQr-,615594290,1yECquUO94v.search.200,,,,富阳区,春江,119.914704,30.063939,否,否,否,否,否,否,,否
java开发,13-25K,3-5年,本科,杭州,3-5年|本科,Java|Spring|SpringCloud|MySQL|Oracle|分布式经验|微服务经验|音视频经验|AI大数据模型|react|全栈|Vue,0,中电金信,计算机软件,10000人以上,B轮,9e1bceeac44be7361nd80tq6E1U~,李女士,HR 高级人力资源,否,3,1aa4b1b4bf96aaa10nx_3NW9F1M~,c0d6339b53ae30301HZ93dW0EVBS,5rMj-wWCVgIWF-b1fqtcVLZsHga_EnsQ9iHDGx56MyOk4ImWMF2UMPmP7sizu_b36-rPj4BBsY4djldaOu4Km8TweYvuuTKe04ExAr21_X3iuGsc_Ts0_TMaYXxLyiaCrJ3aU9iDLZwv,615594290,1yECquUO94v.search.201,节日福利|定期体检|补充医疗保险|五险一金,,,滨江区,浦沿,120.171877,30.188515,否,否,否,否,否,否,,否
Java全栈工程师（自研知识服务）,12-20K,3-5年,大专,杭州,3-5年|大专,CSS|全栈开发|Redis|WEB开发|客户端开发|图形图像处理|流媒体技术,0,大申,互联网,0-20人,不需要融资,0f19d37174c1c21c1nB53dq_Els~,徐先生,创始人,否,3,220147eaf2c800e01nZ70tq4EVRW,7a4e5fc096b9ddd21XZ43t21F1VU,7jU2ofGZO79zb-412lz05rKV4WWFTbrmSGoAyDUI1LDK2_xfgdvqk1cNG_pZgJojPw26QWY2H6LGU3FiWyg5nN0LlfhuftIT0JtbfdFtj9yh87bRgyhWUFI2NR7OGin4I_rrANju1Xfd1A~~,615594290,1yECquUO94v.search.202,五险一金|定期体检,,,滨江区,浦沿,120.156578,30.179613,否,否,否,否,否,否,,否
web端全栈工程师,15-30K,5-10年,本科,杭州,5-10年|本科,web|Docker,0,名匠北京分公司,游戏,1000-9999人,不需要融资,9e1fa775e853b6201H17296-GFc~,苏女士,人力,否,3,4b2ea374fd6fb7741nZy3t-7EVA~,beef29896c17265603J42di7ElNU,tu6QW6LxQbly6-P1eZAmNRP4MwvvN4l6ZyVlBXjggWTvHptzphZF7jzUtkz1q9O7zDZYln09rKtZs1NGzA2YClV1t6APz-GgoBEoLVlAuS2drdHlHPZlUzyUtXtd6hmfNogMTOgKc0U2,615594290,1yECquUO94v.search.203,绩效奖金|定期体检|底薪加提成|五险一金,,,滨江区,长河,120.222563,30.180827,否,否,否,否,否,否,,否
全栈工程师,15-22K,1-3年,本科,杭州,1-3年|本科,JavaScript|HTML|Vue|Java|Python|Golang|计算机相关专业|全栈项目经验,0,繁世科技,广告营销,0-20人,未融资,68f727db4a2a2cd903Bz2tW7FA~~,苏先生,CEO,否,3,4a4fa41d04061f341XN72N65EVc~,d6effb960b09eb0b1HN-29-1GVFQ,LSh24le6Y6W8A-p1T-Qu9di_6XSSz5nyEwgObBc7MLlvJoq7azDcXFuGlwIgVfUYSS5kWk7zmRPucyQDHExDCBEcfpfTu2OrZOB0nlND-t9ijsM2IPhFN50uZO9emFFMK1IXhRG_hcc~,615594290,1yECquUO94v.search.204,五险一金|年终奖|股票期权,,,余杭区,仓前,120.021523,30.288646,否,否,否,否,否,否,,否
全栈开发工程师,15-25K,3-5年,本科,杭州,3-5年|本科,MVC开发|架构师|Spring|MySQL|微服务架构|算法基础|全栈开发|IDEA,0,吉时工业,互联网,20-99人,未融资,086eb85242aa26880Hx93d-5Fw~~,张雅,人事经理,否,3,a64dfec3ae28c76e1XFz2tW6EFo~,da6b38dad81ac8671nx_3dW9GFtV,20chf2xhGLvb9-s1_pYJzDzgmsUG6Z2dl1fFVUabK5j1McA9U8YQEwUmdZMHvxsRaYINgYxZEuSlnls0yGD7CM30Mb-JN1nm3WO1suz8pz5hHyyX1CiERLXClxn0GkkXb6F2Y41lth8~,615594290,1yECquUO94v.search.205,五险一金|带薪年假,,,余杭区,老余杭,119.926536,30.243212,否,否,否,否,否,否,,否
全栈搜索工程师-搜索方向,12-15K,3-5年,本科,杭州,3-5年|本科,Spring/Spring Boot|MySQL/Redis/MongoDB|React|Python,0,博查搜索,人工智能,0-20人,未融资,c44919bd774d313703R80tS_EFs~,毕青熠,行政,否,3,e2cf2072c97470d40nd63ty-FltW,b6340445bd4b1e1a03F82dW4FlJV,5o3pA52QoUmgJ-l1O7MuIRWwXskxBmnzYkb53SCb12s2KRIfd19ldHqJ2y2EvhcBE59Wrxw3_gVeDZlSgjNcr3gSIYCZxn9u6zRLU3VxiUafLfzlEm1bN_VnRnnhvN6zL7BgT55lKZ4itw~~,615594290,1yECquUO94v.search.206,节日福利|有无线网|团建聚餐,,,临平区,南苑,120.304296,30.407783,否,否,否,否,否,否,,否
高级全栈开发工程师,12-24K,3-5年,本科,杭州,3-5年|本科,Java|Spring/Spring Boot|JavaScript|MyBatis|全栈侧重前端|HTML|计算机相关专业,0,杭州伺安机器人科技,自动化设备,20-99人,,0abde108bba709801HF92tS_GVo~,陈先生,研发负责人,否,3,968e39bf5abeec6803V-2N27ElU~,c185a0ae2ad647511Hx929y1EVFQ,KpZvZUmKt4ioq-I1O9J3eoImo6wBGPcGVT5nOAFClmySr9T8ekuKSyhI3rqajfsoH337QnDJ3CodMaImoTU29GCoMV_lAfwl11AyP3P5eKHQRIK2rSWWTh9oJI1bmHB1TIywpSh7_h3t,615594290,1yECquUO94v.search.207,,,,西湖区,三墩,120.06961,30.315591,否,否,否,否,否,否,,否
AI全栈开发工程师 - 世界顶级AI企业 薪资高,45-75K·14薪,1-3年,本科,杭州,1-3年|本科,全栈无侧重|JavaScript|HTML|CSS|TypeScript|Vue|Java|C/C++|Python|Golang|计算机相关专业|前端开发经验|后端开发经验|大模型|深度学习|AI,0,某大型互联网公司,互联网,10000人以上,D轮及以上,,蒋女士,猎头顾问,否,3,7b589eb722e442961nRz2tm7GFtW,10622c84275588db03J-2Ny7EVZY,InyXhIXy9L3uR-m1bvBsXHooEzv02X-qd8Ln6lNr317o4SnYNTgYYYCuxi_R7hYTOg5Kk7qouA4aH5xRa-7t5x87yeAt2Yj548CP7RXjJWNxef5-wbGEnRFiVhC108IKYrddpR1w4sPt,615594290,1yECquUO94v.search.208,餐补|节日福利|补充医疗保险|五险一金|股票期权|年终奖|定期体检|零食下午茶,,,,,120.17320758483493,30.273625826545615,是,否,否,是,否,否,,否
高级全栈开发工程师,8-10K,1-3年,本科,杭州,1-3年|本科,全栈无侧重|HTML|TypeScript|Vue|Java|.NET|MySQL/Redis/MongoDB|全栈项目经验,0,浮点智能,计算机服务,0-20人,未融资,b2cfd398bff184a21XB40ty8F1E~,沈坚,招聘者,否,3,65a11dd6aa93a8f90nN73ty4GVFQ,f38bfebdba9afc6c1HN82NW1EltX,wvPtt8F1TJy3v--1RX-XaHjMhiBBiHy5dwnAgDrr9I7blyXFXou7iACOl6lDAAgVv1tEgYpa4Gxmpmt-UA6zCnt5nJQ9txLoxj0VjWpIr0isBfxZ5dqrm-MFPNc9QaSo4FRBABppB2jLtw~~,615594290,1yECquUO94v.search.209,年终奖|定期体检|五险一金,,,西湖区,湖墅南路,120.141174,30.292727,否,否,否,否,否,否,,否
全栈开发工程师,35-65K·15薪,3-5年,本科,杭州,3-5年|本科,全栈无侧重|JavaScript|HTML|TypeScript|Vue|React|Java|PHP|C/C++|Python|Golang|全栈项目经验|计算机相关专业|英语读写能力良好,0,某小型人工智能公司,人工智能,20-99人,天使轮,,秦女士,猎头顾问,否,3,3fd8399f5020a3910XZ83tW4ElZX,5221cd05917ef38d03Z93ty5F1pQ,4KnzbJVLe24mm-O1IpgiZXHzygz95QkKWZdZL7HGfSJVEYslWrXGoCXdKLbFVfLmhS2CjlICcIek1jeiyxAsTgTKCE9S4HIYwbMgvIJp95dN8qPUDMfd9stSQFORNW_iliOqOkzwsl1LVA~~,615594290,1yECquUO94v.search.210,带薪年假|五险一金|定期体检|团建聚餐|股票期权|意外险|零食下午茶|绩效奖金|年终奖|生日福利|有无线网|补充医疗保险|节日福利,,,,,120.007646,30.282226,是,否,否,是,否,否,,否
华为云-Node.js全栈开发工程师德科OD,18-25K·14薪,经验不限,本科,杭州,经验不限|本科,Vue/Angular/React|Node.js,0,华为云计算,计算机服务,10000人以上,不需要融资,08fbb99a8f9314e21nF73Nq9E1E~,李卫,前端开发,否,3,fa0e15a7c6336f750Hx63d68GFI~,2c886609c59618671HZ90tS0GVRW,AUy6Vo1FXXooP-H1VCaDHzlu8J6vL6sU8lIgjgRDrD_iYS-S_wmwDYWv6oY62AzV7vfxQ0nAsbsnukDckp3_cuzCq1hIKWViLTAIvIq46I2KZ8sFUzvJiAhoPtv1tulC_US-LclG9ItZ,615594290,1yECquUO94v.search.211,交通补助|法定节假日三薪|节日福利|员工旅游|意外险|补充医疗保险|零食下午茶|保底工资|带薪年假|节假日加班费|年终奖|五险一金|住房补贴|定期体检|团建聚餐|免费班车|生日福利|绩效奖金|夜班补助|加班补助,,,滨江区,长河,120.203909,30.184684,否,否,否,否,否,否,,否
Java全栈,15-18K,5-10年,本科,杭州,5-10年|本科,Vue|Java|全栈项目经验|前端开发经验|后端开发经验,0,南京迈特望,计算机软件,1000-9999人,已上市,7e2181b1cd739d211nV709u_,邹女士,高级招聘顾问,是,3,f58694a3749f8b7433Zy39S5F1U~,046472a4bdadca7003J_0960F1JU,tIK6y94AoCxd9-B19b8EKgiJUg4rQrHz9ns1-ebx0YIEKvTQAgYTQMWmBkv14nH5id_xeffE9Y0orkpLUcIqNruFi0Tjk026Rsfmz00mxBx0biTCfDMO6F6d8R_bUXJtGb636GIHL2vL61r0S_Lu5OhY7uLXSHBf1WbBgo-pqO8ryA~~,615594290,1yECquUO94v.search.212,节日福利|意外险|五险一金,,,滨江区,长河,120.185868,30.191883,否,否,否,否,否,否,,否
全栈开发工程师,15-20K·13薪,3-5年,本科,杭州,3-5年|本科,全栈侧重后端|JavaScript|React|CSS|Java|全栈项目经验,0,绿城产服,企业服务,100-499人,未融资,5b80116484a6114f1nNy39-5E1A~,廖继锋,研发总监,否,3,389156a71acb41410XV729u9GFdU,0d08c7f515fc24b51HJ83NS0GFFX,HPJ2qBT56k9vZ-H1Zh-mGnvk3GATo0exOXxI1rK_yPv8E3BSam_tajizJqF9i6BkjbqqJgbH4g0EEwPNNkvsO1j3r2tP_VyszsifNAfiFi9FLlv_5vjrsds-P4i3GQWNzlHN2RnmH7Y4iA~~,615594290,1yECquUO94v.search.213,带薪年假|高温补贴|绩效奖金|团建聚餐|年终奖|定期体检|五险一金|零食下午茶|节日福利,,,余杭区,五常,120.045677,30.294416,否,否,否,否,否,否,,否
全栈工程师,6-10K,3-5年,大专,杭州,3-5年|大专,Java|CSS|JavaScript|Vue|PHP|.NET|MyBatis|全栈无侧重|HTML|MySQL/Redis/MongoDB|计算机相关专业|全栈项目经验,0,小羽科技,互联网,0-20人,A轮,202ce806fb7df7061XF-3d68,唐华明,企业法人代表,否,3,c034b346281600d90HB52Nq1Fw~~,80a47379192e409303V-2tS7ElZT,RI-KVIhphnHUF-g1aSHuKlTFge6xW77PARL-UCIkKuQh3fPcjXuCVeXwb-EgF-npOGBbyG8zrepB4L-LQ8F70CKoJsVfELzT4jURFQ6ggddDeGblwKSdw94U1V_ZNfa8CuE21an6,615594290,1yECquUO94v.search.214,保底工资|带薪年假|团建聚餐|绩效奖金|零食下午茶|年终奖|五险一金|底薪加提成,,,上城区,火车东站,120.201707,30.298446,否,否,否,否,否,否,,否
高级全栈开发工程师,20-30K,5-10年,本科,杭州,5-10年|本科,Vue|React|JavaScript|HTML|CSS|Java|Python|Spring/Spring Boot|MyBatis|MySQL/Redis/MongoDB|计算机相关专业|全栈项目经验|前端开发经验|后端开发经验,0,云医购,医疗健康,100-499人,A轮,9191afc02252c81a1nF-3Ny4F1c~,王女士,人力经理,否,3,22ff029ef976ace60nZ63dm9FVA~,0540194965842f1303J_3di7ElRX,ZsxSYrXo8T_iJ-N1w5gXkr85SRCP8Awc3MxjXpCShqt97794NKJ3E7V_-LRUpiIkJEukqRqaQwoPyuiT48R5fGXtZxrkPnkXabx1U_y8Nmqq7x2mioAMq6pSlO3kCtg6W6o0JLLSjSLs,615594290,1yECquUO94v.search.215,五险一金|通讯补贴|定期体检|带薪年假|年终奖|餐补|股票期权|员工旅游|零食下午茶,,,西湖区,三墩,120.067221,30.315776,否,否,否,否,否,否,,否
【硅谷独角兽 支持remote】全栈开发工程师,40-60K,5-10年,本科,杭州,5-10年|本科,Golang|Java|全栈侧重后端|JavaScript|全栈无侧重|Node.js|MySQL/Redis/MongoDB|计算机相关专业|接受居家办公|React|全栈项目经验,0,捷瑞网络技术,互联网,500-999人,D轮及以上,1a61200012cc861633x909y7Ew~~,王先生,hrbp,否,3,3942e4a627bec0940HV_3tS1FVJT,af47256a0724a8c003Fz39m6GVdX,YvvNLwxeqhboY-j1kfaEaQsK36G0eXGTM-1bhepLjLRGzOGyMyqw52yi7vlgvzvrfVi1ZID5R0eyUc7kEwxIVinDnpbSU3zJ1nWYZ4MTN51BpwCOHGSV3S84834cfUsHl5PIul7FOsoY,615594290,1yECquUO94v.search.216,股票期权|通讯补贴|员工旅游|五险一金|节日福利|年终奖|定期体检|带薪年假,,,西湖区,西溪,120.14606,30.279242,否,否,否,否,否,否,,否
php全栈工程师,15-30K,1-3年,大专,杭州,1-3年|大专,,0,杭州中谷纵观商贸发展,批发/零售,0-20人,,78b92e164e1ffcf21HF93d65ElA~,李通,人事专员,否,3,0420988ae92920390XZz2tu-GVpZ,24a0ff9c0b09677803R_3t-7F1NY,X46nMa6DsHQWj-Y1xwaFkZZjotvaGfHU-mFnTZAyZgCIS417Q1NKfXvmL1atpNEZ3mdxPCQ0uPJ7XREOPR9KUQ3XEsphQlVuTNJgvfCN8GqESzJUamDBzJ1DHWeFPDQjosAQ3oLMSIWyfg~~,615594290,1yECquUO94v.search.217,带薪年假|股票期权,,,上城区,西湖,120.172705,30.252802,否,否,否,否,否,否,,否
全栈-杭州、长期出差北上广深+差补,15-30K,5-10年,本科,杭州,5-10年|本科,全栈无侧重|Vue|Angular|JavaScript|Java|Spring/Spring Boot,0,恒生电子,计算机软件,10000人以上,已上市,ccfd56e4b8c84be21nZ93t66,李女士,猎头顾问,否,3,e86a822ed2fe20cc03V-0ti1FFQ~,c585c1fc10ea65e403dz3dm8GVRZ,g0lM7bAOBbC5R-R1Pb4GvfG3h5ckoYmq32Nky80IPyf0UHTVOAE3yMGQ_K8roxAgn1N6XqnOpHa7BIPSaqAB3ijAlXDUorSJb7eV2Mgo7A_a66_6WpeGxR5GOA7tLEZYO4x2fOG0HA~~,615594290,1yECquUO94v.search.218,带薪年假|年终奖|五险一金|双休,,,滨江区,长河,120.185868,30.191883,否,否,否,是,否,否,,否
AI开发全栈工程师,10-15K,3-5年,本科,杭州,3-5年|本科,全栈侧重后端|React|HTML|CSS|Python|计算机相关专业|全栈项目经验|后端开发经验|前端开发经验,0,变则通,互联网,0-20人,天使轮,33e02861ab338f841Hd53dm-FlA~,陈京昌,经理,否,3,ec8ebfcaa82284d90nF90tW9FlBW,d6717300a8ef0ece03Ry3d6-EVdU,8kwY-XjkNFLP4-p1jJHzMsGkAybCawLneAYf7ZDRaVNMbdp9vPN7rKHIQQIpjOr9lYp8Xfr4md2pD8hziEDKNW6gZLgw_F5USLHo4SimjqO5h2BL_NdK6CFFmiMgK8gxve3vIn8FPzTCpA~~,615594290,1yECquUO94v.search.219,保底工资|年终奖|股票期权|绩效奖金|五险一金|带薪年假,,,西湖区,西溪,120.06688,30.291347,否,否,否,否,否,否,,否
全栈工程师,20-30K,3-5年,本科,杭州,3-5年|本科,,0,杭州生命涌现科技,人工智能,0-20人,天使轮,03e2f3a5424ba08603R83dy8GFE~,孙金辉,产品专家,否,3,ff10c8882f6e96c50nV539y1ElpQ,ab6cdbf9b3621fb403B82tq1EVJR,WHQUu8qkArkXl-U1nCXZgk3zgL1JhPirdFViFc1IGyhdFleVe8wVFM3EThirkgUaxlpM4Jm4kEQFlchZ9u_5xcBGqAPJoU5QqY4w1xYtqNrCZBuQ4MRyvFBgIXZGKKf2_pSFx1m2jhgskA~~,615594290,1yECquUO94v.search.220,五险一金,,,余杭区,仓前,120.00487,30.292227,否,否,否,否,否,否,,否
java全栈开发工程师,20-28K,5-10年,本科,杭州,5-10年|本科,Java|SpringCloud|Redis,0,航天宏图,计算机软件,1000-9999人,已上市,4a3f51d570b0562c1XR82d-_,廖可可,HR,否,3,8f5efa0519031c870nx-3Nq9GFJW,4f4e95a2252d1b1f1HV92tS4EVdT,XNlkX7JgPbqzY-Q1F75cRE0bWxwX1X2l27DMwmKkpQQgTkS86w1uVM-nv8OxaXSlYwXbPlaS8nOD6MfZKhHcHB9CcoaanhcSWylc-41SM493SsK7B3ivK2zqn4HccS6zaK-VWzNSU5w~,615594290,1yECquUO94v.search.221,包吃|五险一金|带薪年假|通讯补贴|股票期权|定期体检|年终奖|餐补|员工旅游|交通补助|节日福利,,,拱墅区,拱宸桥,120.170414,30.327747,否,否,否,否,否,否,,否
高级全栈开发工程师,12-24K,3-5年,本科,杭州,3-5年|本科,计算机相关专业|前端开发经验|后端开发经验,0,艾铂特,自动化设备,0-20人,不需要融资,bc65367a897223e01HV-2d61FFU~,邓先生,招聘者,否,3,461acbe30e09dd790n1y0960FVs~,ced62211610dbe7c1HF63N25ElBT,AWDX1Z8tbCjU8-g11NTt9o1XOZHsEu0foiEXaOh-Kg0xH0xyLw-nMTlci6UhuBPbGLir_YfGVjAorX0C77iGo6gREKoRTwJ6-SgZSci78h9vp-dvySHprz00-aOwCVhHDKpEiwb__AkT,615594290,1yECquUO94v.search.222,餐补|年终奖|股票期权|绩效奖金|五险一金,,,余杭区,仓前,119.986488,30.275655,否,否,否,否,否,否,,否
Java开发实习,100-200元/天,,大专,杭州,2天/周|1个月|大专,SQL|Spring|后端开发|全栈开发|软件工程师,4,星河能源,储能,0-20人,天使轮,ce6b3a8756a5e8ad1n1-3di_GVc~,何玮,项目总监,否,3,3430ef1393da0d1e0X160tu4EVI~,e90edf6f53a3ddac1n142du_EldR,LahJEVP6iJQYT-Y1LXVAotx4Lf_8IE9--rz4Z8KCQa23eInkA6OqC9QAl83MKByy9rYp72_2_4sNLuWXmP6SoODHXXKAP0Hq55pobY9suh-Pb-44sa1Zz87-d6bE8iZPeYgXP0YXArl8,615594290,1yECquUO94v.search.223,保底工资|绩效奖金|包住,2天/周,1个月,余杭区,未来科技城,119.965839,30.27056,否,否,否,否,否,否,,否
全栈AI工程师,18-30K·14薪,5-10年,本科,杭州,5-10年|本科,Java|全栈侧重后端|硕士|MySQL/Redis/MongoDB|计算机相关专业|Python|心理,0,杭州心蜗科技有限...,互联网,0-20人,天使轮,83825369bc41b51b1nR-39q1ElU~,黄先生,创始人,否,3,345563aedc764de21HR83tq8,4ffea5b74403000903R_2ti_GFNZ,II36xcHjsu161-i1DDrO__bNLDXjPySCVScvF0BaGiLmhZBFNdx-jdgOy7gZ123rKa5zcJgCj3OtWj3jTWAFWupzLVKSCa5k3x0ZsxhGRmMohh2DNGDoChDMPQJ2X-xlB1_Th8R5gw~~,615594290,1yECquUO94v.search.224,,,,滨江区,长河,120.200941,30.182263,否,否,否,否,否,否,,否
核心业务开发｜全栈工程师｜数据平台可视化,40-70K,5-10年,本科,杭州,5-10年|本科,Golang|后端开发经验|JavaScript|Vue|全栈无侧重|Node.js|计算机相关专业|React|前端开发经验|英语读写能力良好|Python|全栈项目经验,0,某计算机软件公司,计算机软件,0-20人,,,齐瑞泽,猎头顾问,否,3,21e957b224a04e0f0XJz3t-0GVNZ,00a5206bd9ecb97b03J62NW-E1pS,QKd3c1XO3b-42-K1D7NebOMf1WMWdX0YkP3sU5uI2gYv8RAPBC1H0TGAU6jLH2pSFbZ0q1TPG0L3q9rgSjKuSzvIfHejiGzDKf5wZDm6_OuwSAsw_DSd988qdcc8RlQPgWuSHRYbsztrtg~~,615594290,1yECquUO94v.search.225,,,,,,120.194004,30.182808,是,否,否,是,否,否,,否
全栈工程师（可偏前端）,7-12K,1-3年,本科,杭州,1-3年|本科,JavaScript|CSS|React|前端开发|全栈开发|Node.js|Vue|Python,0,朋友保科技,互联网,0-20人,不需要融资,d1172b02f177823e3nN-2Ny4,周靖涵,运营总监,否,3,3f2f0ae744dc5f691HR_09m1EVo~,dc6f18b045fd789e1nF609m6F1dV,Zxb4EdSGeEZTd-v1bkBqn8RgvO2NM4sdzqQ-y8bLCckYFqews2hOUN8F4-pZLvXZ8CkNqmbV9454WvQdvRy5CxQY5mK8GWV5Zet-_Ism9WzgXFZDKBOH0sRCY3kqJKOSYEMbfl0iPQ~~,615594290,1yECquUO94v.search.226,通讯补贴|全勤奖|餐补|节日福利|交通补助|住房补贴|五险一金|股票期权|包吃,,,上城区,四季青,120.207139,30.258305,否,否,否,否,否,否,,否
php全栈工程师（偏后端）,6-8K,1-3年,本科,杭州,1-3年|本科,Laravel/Yii/ThinkPHP|服务端开发经验|PHP开发经验|PHP|电商经验|MySQL/Redis/MongoDB|计算机相关专业|电商项目,0,杭州逸钦信息技术,互联网,0-20人,未融资,d698023805795c571HF_3Nm7Flc~,邱先生,创始人,否,3,f45ebdc0f8c8d2031nVz09u4GFVU,3f5d62aedbdb0d8403Z93dW5F1NU,P0hwivbUBogHk-c1Ot7Gk5_0VB3Uf-Xr1pJz1xeIX778u_mI5KjJtHhPEOxhoogxn9RkK9uNB0vMuBODD3PKZILNnbVAQ3XEAjKFbpgVvyqGJ8jQHFn3toj3nYy53M9dKwoW995vWddPEQ~~,615594290,1yECquUO94v.search.227,有无线网|加班补助|底薪加提成|法定节假日三薪|全勤奖|节假日加班费|股票期权|绩效奖金|保底工资|五险一金|餐补,,,萧山区,新街,120.302319,30.201516,否,否,否,否,否,否,,否
高级全栈工程师,12-20K,1-3年,学历不限,杭州,1-3年|学历不限,全栈侧重后端|计算机相关专业|全栈项目经验|前端开发经验|后端开发经验,0,杭州赛协科技,职业培训,100-499人,A轮,e3b50babf694fef11HNz0tS-GVs~,张先生,ceo,否,3,bbd523d27bdf9ccf1H1-09i-EVs~,37540e9495e11fa403J529i9EVFS,0H9ok8GLaoJp9-F1d8ahycUTmQHa-bghJTSpqmIep5Ee_CSmY9uyHIq7y1O7z5l1MTXFM_xg_C-SiSYxfKzzfib0wT06wypt5qVzX8XyvK0AzqjjDc3ISMdIJ8lR24-73Liy6WI1_SgQ,615594290,1yECquUO94v.search.228,绩效奖金|全勤奖|通讯补贴|零食下午茶|底薪加提成|员工旅游|五险一金|工龄奖|带薪年假|宿舍有空调|股票期权|国内/外团建|生日福利|保底工资|定期体检|年终奖|团建聚餐|意外险|包住|有无线网,,,上城区,四季青,120.227271,30.269244,否,否,否,否,否,否,,否
java 全栈开发工程师,15-25K,3-5年,本科,杭州,3-5年|本科,JVM|Java|Nginx|不接受居家办公|Springboot |前端|Redis|搜索/推荐/广告经验|Spring|大数据经验|Docker|微服务经验|MySQL|Mysql|MyBatis|云计算经验|云服务 docker,0,星耀互联网,电子商务,20-99人,,c6c5481165887c641X1-2ti_ElM~,章女士,HRD,否,3,0f96f27b873c95851nZ62dS8E1Y~,0c79b3cb170cec3d03F939y6EFVY,932Y9f_eLTWxa-S1Y5WfEffwir1vxwkPAo91-s8JAJVfYgn8d_025HG3TNO1cFWbG0zAN-NpP_kYfTaR9HICfgjdHRaBB-8TXiDdSbSdf3DpaM_-ZD9b60pHso2tJzUtynAR_ytt5njJ,615594290,1yECquUO94v.search.229,,,,钱塘区,工业园南,120.339509,30.289336,否,否,否,否,否,否,,否
AI智能语音全栈工程师,10-15K,5-10年,本科,杭州,5-10年|本科,后端开发经验|AI语音外呼平台经验|全栈无侧重|计算机相关专业|熟悉NLP|前端开发经验|Python|全栈项目经验,0,杭州千百计信息科技,人工智能,0-20人,,78f6f21180e0e7231H18392-FVY~,王女士,HR经理,否,3,67c021195220d7851Xx43dq5FlI~,9278593a663a1d2503Z90969GFNY,80HYlsQvsc-pm-21T6U3vbt5Qwk3w_ttdl1j20qNio2lTXhMqvAqwkglAVlVb1ljrYoV8DWMZyVN1hQ2MCM14_5xMkDqxnpmnaazz-EDuZW9ygP-O3oa83L9QWs0TxJYMMm2e29OCBka,615594290,1yECquUO94v.search.230,定期体检|带薪年假|绩效奖金|五险一金|加班补助|员工旅游|法定节假日三薪|工龄奖|底薪加提成|节假日加班费|团建聚餐|保底工资,,,余杭区,未来科技城,119.904792,30.247956,否,否,否,否,否,否,,否
全栈开发,8-13K·13薪,3-5年,本科,杭州,3-5年|本科,Java|SQL|MVC开发|前端开发|后端开发|全栈开发|技术合伙人,0,浙江鹤立,机械设备/机电/重工,20-99人,不需要融资,5f4b26347f8db5601nB42dy8GFU~,黄慧珍,经理,否,3,6ee2cab2a30f21be0nZ729y_FFFY,ac327f66c13ffe8d1nZy29q7E1pQ,ESbzUnVX5A1iu-k1bMscLM73fTecIZMfvCPtlj8orw4o3JCkQvcH-ZVthBujzjAKUlocNOlyd9VYTdi3ejFh0JrG8qxsSzgZdrUJstQBJvuVvVz74kLRX8cIOip2vpl5OIyJIsSveT0QJg~~,615594290,1yECquUO94v.search.231,免费班车|员工旅游|带薪年假|通讯补贴|餐补|股票期权|加班补助|年终奖|定期体检|五险一金,,,滨江区,西兴,120.216111,30.186306,否,否,否,否,否,否,,否
全栈开发工程师（网站出海方向）,200-300元/天,,本科,杭州,4天/周|3个月|本科,全栈无侧重|JavaScript|Vue|Python|Django/Flask|计算机相关专业|全栈项目经验|熟练使用AI编程|熟练使用Cursor,4,灵影科技,人工智能,20-99人,A轮,17d030c6646544df03Vz39u_E1s~,王之畅,HR总监,否,3,97234ea506f3f63d1nR93tm7FFVZ,d735a9fb9155454803F40ty5F1ZR,j6jpRCgbl6cZ8-L1KdBkgdY-b7yoRUfHjw-eM62QYR2mfiQt05kn2J_lk7YQcy6H6DKGb5z791TlOq9mrOGN41QPZS01-UfGrPE0GYPa4dQjU2znN1nv287PC53fmJObQ7gUtgcnEuEn1g~~,615594290,1yECquUO94v.search.232,股票期权|五险一金,4天/周,3个月,余杭区,仓前,120.007503,30.275075,否,否,否,否,否,否,,否
全栈工程师,10-15K,3-5年,本科,杭州,3-5年|本科,Java|JavaScript|Vue|MySQL/Redis/MongoDB|计算机相关专业|Python|全栈项目经验,0,渔遥科技,计算机软件,20-99人,不需要融资,5fa814d16ae4c9691n1z3du6EFs~,王女士,副总经理,否,3,f9d72cb84a01d3ce03B429y_GFY~,bf93462b9cb9d24603J72t21ElJS,l21ZVs9sC3enb-m10ghN-FuMYc0n2E6dakBsoQbQuT38RMltwceg1deWXoclsG2zRRCPsc7XOugU6w9xUdl5EBbdE2JJ-lCdcds732OPJZPIRUTzhW3ie0kM1zzTkYlBLnY4SoaCEylP,615594290,1yECquUO94v.search.233,五险一金,,,滨江区,长河,120.215039,30.179378,否,否,否,否,否,否,,否
全栈工程师,8-13K,经验不限,本科,杭州,经验不限|本科,Java|Spring/Spring Boot|Vue|JavaScript|可兼职|MySQL/Redis/MongoDB|Python,0,杭州通易智慧科技,人工智能,20-99人,未融资,57d688f24639f8fb1H182tq4Flc~,吴先生,创始人,否,3,bfef473bbb85071e0Xd929W6EVo~,20e53a668d67056503V82tW0FlJU,gRRKIW4Sx2hdi-41-txSBuMbFANguaXI3e8IEYmWKkQHWa_FetlukQ56hLkKKursmyQ2PCN_tA497xhaCpraEsTcZfC_8ufGXQo-40IvKV8bFgRas1pr-U2MU7lhwtUg0-9PictAlwkO,615594290,1yECquUO94v.search.234,股票期权|五险一金,,,西湖区,西溪,120.100659,30.300959,否,否,否,否,否,否,,否
全栈,15-25K,1-3年,本科,杭州,1-3年|本科,全栈无侧重|HTML|CSS|Java|全栈项目经验,0,某互联网公司,互联网,20-99人,不需要融资,,刘洋,猎头顾问,否,3,4cbcf357de62bbc61Hd43t67Fls~,69b0842423a2522a03Fz09y1EFVV,7PEC_OH8ZjSm9--1pt1oWNoiLNF9nY33pFJ35eu2aJVy33f0lDKBmPEpRowXsMPmFZhX9tWGE18EaaZ1vda22U9nNPAoC2Ag5vTlfXgczA8W5P-YK_vHclKsnP5FXLcdvXk-Z2_Wn8uf,615594290,1yECquUO94v.search.235,定期体检|餐补|交通补助|节日福利|年终奖|全勤奖|五险一金|零食下午茶|带薪年假|加班补助|员工旅游,,,,,120.200941,30.182263,是,否,否,是,否,否,,否
全栈开发工程师,15-18K,3-5年,本科,杭州,3-5年|本科,Golang|后端开发经验|前端开发经验|全栈项目经验,0,杭州瞰影科技有限公司,人工智能,0-20人,天使轮,cb5097539bfcb1671H1439S7FlQ~,李先生,招聘经理,否,3,6302c990ea2ab41d0Xxy09-6FlBZ,26452ed6f1c6198003V42ty0GFRS,k1usXcnWId_kT-Z1tqhIQP2BfHYy1CojLOqwbnIwFlpZADpwHTLwXawSRNZ_vklyG7bwa3Z5l9Whp-qQ-gOnwnq_lDcCwPXA4t-1hhdc2B2rPOJDxyPeuBNyNoRe7n4ONCs2yap_n5A1Rw~~,615594290,1yECquUO94v.search.236,股票期权|带薪年假|员工旅游|节日福利|五险一金,,,滨江区,长河,120.220394,30.212875,否,否,否,否,否,否,,否
全栈WEB开发,12-20K·13薪,3-5年,学历不限,杭州,3-5年|学历不限,.NET|C#|SQL|JavaScript|HTML|CSS|ASP|JQuery,0,海南广播电影电视公司,游戏,20-99人,未融资,a02bee55538cfd2403Ny2Nu7EA~~,梁先生,经理,否,3,b552a5c72f7455580XF909q-F1U~,7aca4d3cb09410e00XR909q8E1c~,MLqmuUQmR2PYq-w1GlsoFS1JIlLlNPboksQGDuoE8KV2Q1AGDyp75QHYf3nOgilOlYXlYGjUUtUMn_tiL0XDPn7nXL4Sfuz4IG2wqJgjZuUfl9CtgbpJ_aJzMo2IalDh0F1IUoSHiQ~~,615594290,1yECquUO94v.search.237,五险,,,西湖区,西溪,120.071575,30.293114,否,否,否,否,否,否,,否
全栈工程师,10-12K,1-3年,大专,杭州,1-3年|大专,Java|后端开发经验|JavaScript|Vue|全栈侧重前端|全栈无侧重|MySQL/Redis/MongoDB|前端开发经验,0,浙江国通电气科技...,计算机软件,0-20人,未融资,5c1473dfd49263e31nV629y0EFA~,穆先生,项目经理,否,3,7548b548e6e2e4c41nVz2N20E1dV,ebb7bf0b2b35f8eb1H1639-_FFBY,c4RXdJoIF91nC-E1_v1hE3VCkyxLsFNVOwAiN60-gNQ8gyTDBLva98Mg_RqFbSuoKM_p9TRR9KAG94yE83wEyuVmnscYhcdenPnKJbnonZr05cDQY6HVrkxOppAMua8DK_IKJuEBBYaMig~~,615594290,1yECquUO94v.search.238,节日福利|零食下午茶|加班补助,,,余杭区,仓前,120.003016,30.280297,否,否,否,否,否,否,,否
全栈软件工程师,15-20K,3-5年,本科,杭州,3-5年|本科,Java|JavaScript|HTML|计算机相关专业,0,武汉创瓴智能科技,计算机软件,20-99人,未融资,0046ce96d03727d61XZ53Nm1GFA~,肖自卉,人力资源专员,否,3,51ae33aa29f0d0390Xdy3Ni0FlFR,1680a36392461c2503d90tW1E1ZU,NMP89pHoBndfc-H1XwGN8sxIopD5ccoQbsFBSI6mJOJJPfJ69UBuR01NPRpYTloxjJMcJ2OOZc8J_0AfWpMbsoMDbbSexViH1_HSj14DDfnhjPh-8tycbQ7WflAysvWYVw5cSc-hMMh7dw~~,615594290,1yECquUO94v.search.239,保底工资|底薪加提成|团建聚餐|五险一金|年终奖|绩效奖金|员工旅游|零食下午茶|补充医疗保险,,,余杭区,仓前,119.965839,30.27056,否,否,否,否,否,否,,否
全栈开发工程师（PHP/Python方向）base义乌,15-20K,5-10年,本科,杭州,5-10年|本科,全栈侧重后端|JavaScript|Vue|PHP|Python|Node.js|MySQL/Redis/MongoDB|Django/Flask|计算机相关专业|后端开发经验|全栈项目经验|WordPress|API|AI|ERP,0,杭州卓雅互联网,进出口贸易,100-499人,不需要融资,792d9a16dc99c2721XBz3t-_ElE~,张先生,企管总监,否,3,729f1b01e72fed730XVy39u7E1I~,57983e44f2c6644303B42Nm4FVBX,ID7OPPnz6yzRk-t1uv8ZwS_MTfAfdjQkiH2Bf2_gmHEfXTv49h7SZgrp5I5jXuEWb-iEWaDT8k1v6ClSKaOjJxzELP609TI5IaED1MwQjAukRmol85lamoSJY-nrAvPcPF4g3SrtPEcr,615594290,1yECquUO94v.search.240,节日福利|全勤奖|工龄奖|绩效奖金|五险一金|底薪加提成|保底工资|团建聚餐|生日福利|员工旅游|带薪年假,,,余杭区,仓前,120.000297,30.282562,否,否,否,否,否,否,,否
java后端工程师,10-15K·13薪,经验不限,学历不限,杭州,经验不限|学历不限,Java开发经验|Java|全栈工程师|全栈开发|WEB开发|JavaScript|MySQL|多线程|后端开发|高级软件工程师|计算机/软件工程相关经验,0,杭州促牛,电子商务,20-99人,,d99f66f86271092a1nN53Nq1E1Q~,骆钟林,技术主管,否,3,1a89afaf383635b10nd50t--EFVT,adad51932d84900c1n1-09-4GFJZ,v8jnocP9KRxmo-M16gS0HSPHelIdRB5Aog0ZubDFXx2azazoXhV_hFHpvl-4_eX_2HaFZsWuNhxbeDStXt_2q7He1VI-ZJg3Dy7WpW8GOIwGE-WdDZYxZfdKDYq-DkHPdIYVO5_H0DpEpA~~,615594290,1yECquUO94v.search.241,,,,余杭区,仓前,120.005807,30.278029,否,否,否,否,否,否,,否
全栈工程师,8-13K,3-5年,本科,杭州,3-5年|本科,Java|后端开发经验|JavaScript|Vue|前端开发经验|全栈项目经验,0,亦笔数字,计算机软件,0-20人,,2e12fb8905f5fece1Xd_2d64EVE~,马先生,招聘专员,否,3,ebc3d311b321d28d0Xxy2tW6ElJS,da10a3c186ce758003V43d2_FlBY,nGuE4HWhIqdhG-C1xCp5wgr_Uvhz7eZmvT1zXqHqAv4atdsHe5yvE_CnkRAryJr13hKvwnRPQy3GWW3bCXIA4QnJpIxf7EqTk3dSZpT4x-LlEcIrEpyvytyWJ9o4NOFOgEcMit3Vg6nHJQ~~,615594290,1yECquUO94v.search.242,,,,余杭区,未来科技城,120.001772,30.280799,否,否,否,否,否,否,,否
全栈开发工程师,50-80K,经验不限,本科,杭州,经验不限|本科,,0,某大型计算机软件公司,计算机软件,1000-9999人,,,王女士,猎头顾问,否,3,4efd40c3e352196c0XB93921GVtV,9a266028251f010803B_2Nq4GVdW,imFimoa7DIa5N-D1ncEo_oK7d1uSyDGeHFs-5DNwi3DCtPmG1CRrlI_8iKwcMLX7wKlmu3V-9H9P2vFezLEIv-d4_1cSfEWGyDbjbvs6ND15w9T-cvqi3kojtrMIyTwQHB_zGj_-iZypYg~~,615594290,1yECquUO94v.search.243,,,,,,120.099378,30.266388,是,否,否,是,否,否,,否
高级全栈工程师（自由职业）,10000-25000元/月,5-10年,本科,杭州,5-10年|本科,Vue|React|Java|PHP|Golang|全栈项目经验,6,酷站(杭州)科技...,计算机软件,0-20人,,605a42ac300e52521nJ_0ti0GVo~,王继超,技术主管,否,3,7d64a33608d35c321XRz2ty8FFo~,7e291dd3cad2c40c03B80ty8EldT,QR2CsPpQavnUV-k1WQgxZAjJjE0syTUKGhTxIcNBwY9pleBwma0gqrpaP3kOMl_4_gcQrkw6RM9BkKDSS3m5MmP0GNyZVmHSkcIqnhxKR5IQNHPVOQWwW5FEowfThLsSFECqFZik6V3j,615594290,1yECquUO94v.search.244,,,,萧山区,钱江世纪城,120.256318,30.231308,否,否,否,否,否,否,,否
app全栈工程师,12-17K,5-10年,大专,杭州,5-10年|大专,JavaScript|Python|Django/Flask|Spring/Spring Boot|MySQL/Redis/MongoDB|MyBatis|计算机相关专业|APP|uniapp,0,杭州摩的科技,互联网,0-20人,天使轮,6a351a33e7a41f541nJy2tS9FFY~,程先生,招聘者,否,3,1f5385e87ce0362c03R_0tq9GA~~,f3a8312997160ff21Hx939q8EVBS,Qkk5Xpg0kRTCp-N1vzn9ybtrbyfSSpVBP32cFwOL9wRT-GO4_J49Fwq6S1YlkoR_iN7GRwPsAxLyxKV8WX2vflRPXpwVIB2Af_lzCzxwO5weO4IoG0mthfUfDxKS2p2KHGx3W5jALoo~,615594290,1yECquUO94v.search.245,团建聚餐|员工旅游|带薪年假|意外险|五险一金,,,余杭区,西溪,120.027421,30.245187,否,否,否,否,否,否,,否
python全栈开发工程师,17-20K·13薪,3-5年,本科,杭州,3-5年|本科,Django|MySQL|AI|Linux开发/部署经验|Python|Flask|低代码,0,衡泰技术,计算机软件,1000-9999人,B轮,1bcde1879cd87e111n1509W7E1o~,陈女士,高级招聘专员,否,3,4418fe9f3e9f7bde03F-29i9EFE~,2c3e6e4a4277bbae03d409i1E1ZY,VAa2MJxYgNOE1-P1QCGs3Wn9-ODEdUKs7r56dSOpA_sCNyRSgI7DCEYjUXZIH9zYlxzY0c3t4NESyIkBKLhKnhxgmgK-pvZZ8FJoiFdDizopkvoXEn37sydQYpm1LEul3QnlwWeBE9Tj,615594290,1yECquUO94v.search.246,定期体检|零食下午茶|五险一金|餐补|节日福利|员工旅游|带薪年假|年终奖,,,上城区,望江,120.20896,30.235585,否,否,否,否,否,否,,否
java全栈开发工程师（ERP方向）,20-30K,5-10年,本科,杭州,5-10年|本科,JVM|Java|不接受居家办公|分布式经验|PostgreSQL|Kafka|Redis|其他|Spring|ERP开发经验|Docker|微服务经验|英语四级|MySQL|MongoDB|架构设计经验|Oracle,0,捷珂,进出口贸易,0-20人,未融资,10b270f0454515c53nF73tq1Ew~~,陈女士,总经理,否,3,2128ae5e3677df2c1nVz29m6EFtT,807e0c49bda0e2d603B53tm-FlFT,2vaDcBWmhTeHb-81LQz0VbnmV6jbqdlL5_EcQPc49_mqyhj_MhrutwKxwVwiUhIRdLCJ_NSD5VstmZI-ZmVP9FxH3O6Tf6qGs9AGnIcCQpR9RWEXl0ss3EOXsvkmf61XugtQ8QUEI4s-,615594290,1yECquUO94v.search.247,带薪年假|底薪加提成|高温补贴|餐补|节日福利|生日福利|有无线网|五险一金|员工旅游|团建聚餐,,,萧山区,钱江世纪城,120.255306,30.237285,否,否,否,否,否,否,,否
WEB全栈工程师,10-13K,1-3年,大专,杭州,1-3年|大专,JavaScript|Angular|React|Vue|全栈项目经验,0,幂链,计算机软件,20-99人,天使轮,0531384901d1c5b63nBz2ty7EA~~,李卓书,综合管理,否,3,374cad531f59db1833F82Nq7E1Y~,9ab074a002d524e403dz3tW_EVtW,cfhPBY5knDng0-D1xEbmdwjW1hh0Wzb2ILio646-b-XyN2Wk6Cap3WYDDS4dE1q6T7NemUSa4YDOHLXOb4iM5Dv-x4myUJFKjqA_zbbn_x1dWxTJDMpRuoFXOdodcp6F3LVFVIVqPj0~,615594290,1yECquUO94v.search.248,股票期权|加班补助|补充医疗保险|节日福利|五险一金|带薪年假|年终奖|员工旅游|零食下午茶,,,西湖区,西溪,120.08439,30.257904,否,否,否,否,否,否,,否
nodejs后端/全栈开发工程师,13-20K·13薪,1-3年,本科,杭州,1-3年|本科,后端开发|JavaScript|SQL|网络协议|Linux|Windows,0,鸿舜医药,医疗服务,20-99人,未融资,42f90694dd3f00cf0nV43ti_FA~~,高女士,招聘者,否,3,9c604680376da1a41HV72dW-GVI~,072e09cb48b8c0d31nN63N64ElpX,lSCs7aF5mhPpN-C1spjrB8VVCoFaU9agJRRzLEEN2dxohDdjkm5tQ8h_lQC9giboDMWzwdDqS5Pi5YYfMEIGvUd8fU8q5wLJeTTkW7t7HSmeDTgneqjFQX-TVWmsAQ8XXu9o-SrDHTo~,615594290,1yECquUO94v.search.249,定期体检|住房补贴|年终奖|交通补助|五险一金|带薪年假|零食下午茶,,,上城区,钱江新城,120.211323,30.236741,否,否,否,否,否,否,,否
java软件开发工程师（全栈方向）,11-18K,3-5年,本科,杭州,3-5年|本科,Java|不接受居家办公|MySQL|MyBatis|架构设计经验|Oracle|ERP开发经验,0,喜格科技,互联网,20-99人,未融资,0c250ce312d5f48c1XZ73dW5FlM~,吴越,HR,是,3,3b1b25e149b4ecae0X1y0t66FVVT,c129c557a2f6714e03Z82Ny7FVRY,6d_d3eAC1EGTE-E19xl2EJ6SM6Pc-0zJsl_F-N8MI2oyBztso-8KGdHBEP1xblGyvXTdzwNNjv6mjlqv9Na7tA6Sr9VcbCGV3i2i-riiVAzMlSwEISgoAeIT-XKiAtnEmlQIlSYxNm5YwQBopdvW3N3bQ8Y9QMPKbg4AZs3knorupIIUqw~~,615594290,1yECquUO94v.search.250,年终奖|五险一金|保底工资|有无线网|团建聚餐,,,余杭区,良渚,120.058212,30.363295,否,否,否,否,否,否,,否
全栈工程师,15-20K,3-5年,本科,杭州,3-5年|本科,Python|全栈项目经验|前端后端|AI|电商|项目管理,0,杭州毅莱,电子商务,100-499人,不需要融资,5e3958284cdf3f551nx-39S_EVU~,姜女士,HR,否,3,8c1af5c3e4a684721HRz0966E1Y~,649bce055a0590a003Z-2NW4FFdT,ynXG93kna0vIX-H16fW1jjPI4yq6om7drP7-9RhU7Y37fFkvJQnfhmwRdSg3jHGX7ye-u_7Vbp3xpfsi1NSAwUfT2UtTZUq_eKOUYOpCL_XNWjzN5HBR4yhe-4-C-Sl9GymyxUlvcLZR,615594290,1yECquUO94v.search.251,底薪加提成|年终奖|员工旅游|绩效奖金|节假日加班费,,,滨江区,长河,120.223073,30.173296,否,否,否,否,否,否,,否
全栈工程师（杭州）,15-25K,3-5年,本科,杭州,3-5年|本科,PHP|全栈|react,0,凯撒黑卡,移动互联网,0-20人,不需要融资,96a3c2df9954f65b1XR60t-1Fw~~,李伟波,经理,否,3,7c8330e4512c74621Xx42d26EVE~,161d7539ce8cf05a1Xdz29W0E1E~,GPa7lPT8fqY1D-R1nBIcFg5cCgAYhLXXGaQeZC5eaotGtG1JIhHkYVDz0UYB_-0x8G8mzcRpgKtjgX-MpAmY0BkzYu06gMKsGu_ghSxpVZvij1IK-1S8cvShuR1kbRluoDnZDVDvFg~~,615594290,1yECquUO94v.search.252,,,,临平区,临平,120.299402,30.419045,否,否,否,否,否,否,,否
Python全栈开发工程师（视频AI应用方向）,16-28K,3-5年,本科,杭州,3-5年|本科,Python|Django|Flask|TensorFlow|PyTorch|MySQL|PostgreSQL|Linux开发/部署经验|机器学习经验|微服务经验|视频流|AI,0,轻象科技,计算机软件,20-99人,A轮,9646e81e4e87f7891nF73ty9GVE~,贾冰,CEO,否,3,35ae26c465cbe3d51Hx72du6FlI~,fdfbb67a580a1db503B_2tS1EltQ,taBTcZS25AWzN-_1JM5oM_4KtY7LsT5bAMsJdHyR3xjAQ6ys7SSp6lzPMXZ4nV79uUGO7_ccEP3ZaOYNqsaTfwfppeHeAs5QSHlRS9kKrrfn0YxqgChSmAXzVkMbB26XQMi7olW9Qowh,615594290,1yECquUO94v.search.253,员工旅游|补充医疗保险|节日福利|股票期权|团建聚餐|住房补贴|五险一金|年终奖|定期体检|带薪年假|零食下午茶,,,余杭区,未来科技城,119.965431,30.264261,否,否,否,否,否,否,,否
资深全栈工程师,12-22K,3-5年,本科,杭州,3-5年|本科,JavaScript|CSS|Vue|Java|Node.js|计算机相关专业|全栈项目经验|前端开发经验,0,亨塔,电子商务,20-99人,天使轮,9e7e9e95b61d6b531XB529W8FlI~,林先生,hr,否,3,d5945c2b50bceaa90nR93dW5FVdQ,6133baed780782531HV93dy6EFRS,JoANErXaEt-2Z-_1oB4vJUSp5MeRCmAwzRmju9sXi8UYQ-VvL6VMhoD7fJHHLhNa25alS7XtIMomMK7X1Qad-qoiB8ZEfoxGul_mGJOzD9qmTCJrBBT0Qzrpt0EL2Woje9hRkycSUmSkjA~~,615594290,1yECquUO94v.search.254,年终奖|绩效奖金|定期体检|保底工资|五险一金,,,西湖区,文二路,120.084008,30.281322,否,否,否,否,否,否,,否
全栈开发（偏前端、TOG）,13-18K·13薪,1-3年,本科,杭州,1-3年|本科,Java|后端开发经验|Vue|全栈侧重前端|前端开发经验|全栈项目经验,0,万维空间,互联网,100-499人,未融资,df5d227b745ea1a203V92ty7GA~~,倪韶玲,招聘,否,3,6a6cd04ca77482c21XJ629-8GFY~,a1df13c6f507178703F62tm6E1tU,_fyBqH3JR5u60-Y1uaQ32rkBhkIz_xpOxcfJTKEGKOSpd2GWMEzdDh7mWeRtdSUyGPCFLmsLkFUFvL33OarQmAUuRhMTrGqvlkoGo08_UcqPXz0x05bFOsTM9X-YR1oUEFU3CPqGlK8~,615594290,1yECquUO94v.search.255,带薪年假|生日福利|工龄奖|绩效奖金|高温补贴|餐补|五险一金|股票期权|定期体检|员工旅游|节假日加班费|节日福利|年终奖,,,滨江区,长河,120.22168,30.205889,否,否,否,否,否,否,,否
全栈AI应用开发工程师,20-30K,3-5年,本科,杭州,3-5年|本科,全栈侧重后端|JavaScript|TypeScript|Python|Golang|MySQL/Redis/MongoDB|Spring/Spring Boot|计算机相关专业|全栈项目经验|后端开发经验,0,天剧科技(上海),游戏,0-20人,天使轮,a64c2272f752864d1Hd60t26GFU~,王先生,ceo,否,3,c627de5328bb49c603N52tW4EVc~,c936a17cc21140b603B50tW0F1ZS,pEtlugIhySRo3-T1XRYRKqkjkO2KCgk-H44x7h7E6rkXW-F9CZAvZ79EBh5pH77adFqB9LApcOpWCkDxy_sCvgsO_KxyEVBNHNVomMBZXembvV7o2ljT26doGjSxum5Dm8rkF24ON2og,615594290,1yECquUO94v.search.256,零食下午茶|生日福利|年终奖|有无线网|团建聚餐|交通补助|员工旅游|股票期权|节日福利|五险一金,,,滨江区,长河,120.190371,30.1896,否,否,否,否,否,否,,否
全栈开发工程师,11-16K,1-3年,本科,杭州,1-3年|本科,Java|爬虫|Spring/Spring Boot|后端开发经验|全栈侧重后端|web FastAPI|MySQL/Redis/MongoDB|numpy|Python|全栈项目经验,0,维景蓝天,其他新能源,0-20人,天使轮,83aa0054214e95311HNy2968ElU~,黄女士,招聘者,否,3,5963e84fadfd52581X1z39y0GVc~,2cb055ccd550519b03B_09W_ElpQ,sJUaOBKDXQpYg-01UhfvyNiwvfnb0So3EaonLa7HbP8vFO_dW8Kt15sNahyxAXl25RFs77xXiROq8mZP7qHmvm087YSqge0mZkePwgqVXJ_jzt1urK-eYlR4YSDSGjtWYbZICDB3W09-,615594290,1yECquUO94v.search.257,节日福利|保底工资|节假日加班费|带薪年假|零食下午茶|五险一金,,,滨江区,长河,120.201511,30.184545,否,否,否,否,否,否,,否
Web开发全栈工程师-python方向,15-20K·14薪,1-3年,本科,杭州,1-3年|本科,Python web|全栈|Django|Bootstrap,0,审智咨询,咨询,0-20人,未融资,76850bb161cc1b5b1XZ_09W4Ew~~,赵演松,总经理,否,3,2a4a1c4f69d651621n1z09i0GFE~,0256c6b8e152c6bd1nV909-7EFJU,O0ugpEzHfnBxs-B12CWan7hhF1SPKUos-aRSg-CVSxvbQIwTL0M4rGtN-RwHUMCut0x50chkmpPSU3WP0dmXB3rY0bisnfQVacUWGjXoYedUzFKP-zdHMcdVZrcB5_CiXIUZ41YFBt0~,615594290,1yECquUO94v.search.258,,,,萧山区,钱江世纪城,120.25349,30.238211,否,否,否,否,否,否,,否
全栈web开发工程师,18-28K,1-3年,本科,杭州,1-3年|本科,HTML|CSS|数据结构|后端开发|前端开发|Vue|Koa,0,杰士达科技,计算机软件,20-99人,,67ff60c4c78cbe8b1nNy2dm1GVc~,刘恒,人事经理,否,3,6c8114cae37519d90ndy29m5EFNT,f0e700e9fa94ade61XV93ty6FlFT,kzsW60qmkWbb7-x1RonLmz6dL_ZaIsc5zuBfAtfZo84JGOMfc58VUvcoFt6PRfylNYfNTgGhqxRENgKe58qqxAXJnGRU8LnJTWpyFl9ZI0Zsx5Rthd6-smBx23DyVVuRrSv0CAESeEmbjQ~~,615594290,1yECquUO94v.search.259,,,,上城区,四季青,120.212408,30.251329,否,否,否,否,否,否,,否
全栈开发工程师AI,7-12K·13薪,1-3年,本科,杭州,1-3年|本科,全栈侧重后端|Vue|Java|Python|Spring/Spring Boot|MySQL/Redis/MongoDB|计算机相关专业|全栈项目经验|后端开发经验,0,杭州凌渡,在线教育,20-99人,未融资,8369c7d4b1f4e06203Z43NS7EQ~~,郑林勇,副总经理,否,3,4ee63a217ee916a50XRy29u-GVE~,e0f7139d82397c4303Z-3du1FlpV,0E4D5T3Zf6nYE-x1egCqZ8JPHBRi77AtQfjSLE7Emiqct-JvHqp34KjMe4YgR0pg2s0QJWfeFAXp_JTQXJaW6VOsEUIDv0eIZi2UKJJSoWi8DTW9UTxFve1rrNry8mmwiKAdglcWY0o~,615594290,1yECquUO94v.search.260,五险一金|通讯补贴|意外险|加班补助|年终奖|带薪年假|交通补助,,,余杭区,仓前,119.988756,30.275469,否,否,否,否,否,否,,否
全栈工程师,12-20K,3-5年,本科,杭州,3-5年|本科,全栈侧重前端|CSS|TypeScript|React|Golang|Node.js|全栈项目经验|可居家办公|海外工作机会,0,丰丰兔,互联网,0-20人,,97d79eecbc88ddeb1Hd92d25Fls~,陈美琪,人力资源经理,否,3,244ec7c04ba8a4360Xd52tq0ElY~,0bec6fd3315a65661HB_2tS1E1dW,DJZFSxsW7gOT6-31OKZ0yCneqbRYPOer72mE4N3Dnycp341XXxGYdB7X4iIk82vv7ghN9YXObCi2GSvfxT83SldvCqOFyxR2VtGTFX9ceJgIhtDK2OgYPdOj-p2DdVDDG7iumKbVNxR4,615594290,1yECquUO94v.search.261,,,,西湖区,黄龙,120.1258,30.27263,否,否,否,否,否,否,,否
全栈工程师,6-11K·13薪,3-5年,大专,杭州,3-5年|大专,全栈无侧重|JavaScript|HTML|Vue|Java|MySQL/Redis/MongoDB|计算机相关专业|全栈项目经验,0,杭州融新智能科技,计算机软件,20-99人,未融资,54a53e2be55be7071HR73N65F1Q~,傅佳斌,招聘者,否,3,a28b1f255501b1b70XVy2NS_FVpZ,1e4279fe051909451HB83NW1ElVU,DCHXCkynY5lqo-113Qm15XqEXtDXghMhtFZ5mZ96olgwuL8PbOu7x-BKROTcYS5yZyO1R6U4V_Xf4mOihA41l4UOR5jWnU4RxpPN8hdeNBDcMRkLUd0b9sN9I2vinSWkjeALx6yYgWPmAg~~,615594290,1yECquUO94v.search.262,年终奖|节日福利|免费班车|保底工资|五险一金|底薪加提成|团建聚餐|绩效奖金,,,滨江区,长河,120.219209,30.171074,否,否,否,否,否,否,,否
高级全栈工程师,30-40K,经验不限,学历不限,杭州,经验不限|学历不限,全栈无侧重,0,延边空谷之音文化传媒,文化艺术/娱乐,0-20人,,607621d5ca1f94d51XR92N29EVM~,刘先生,人事主管,否,3,200629e00a1c12a20nJ_3t-_GVpX,b9668ac1f46da27203V73ti5FlFQ,LLJ3hP4Pr3EWS-J1lRne5temrGKY0gXV4ExP_Ao4mJQy1m0Q4XDQ-ohB3kT2WysAJnTWpfDNSMfdPHrHTX0ozvvzkLvZzXJPF8CWM0cVipATTlVK_bMoPKyFLoQ0hOR_LJPFtVdj5vvfMA~~,615594290,1yECquUO94v.search.263,,,,萧山区,宁围,120.257505,30.180844,否,否,否,否,否,否,,否
全栈服务端,50-80K,经验不限,学历不限,杭州,经验不限|学历不限,,0,但说科技,互联网,0-20人,不需要融资,ee59cca80ba173e603R-3d68ElQ~,刘先生,HRBP,否,3,0d491fb4f00149ef0HR62tq8F1VW,05474d05c7d8da3403Zy3N69GVRQ,FhGG_xHOpTGlu-_1d6Q71SJ2cUl1R9MMsO2Jn2kmZcjqsyqn6rRwq40LCCJ9y1qiFyvJKO1I4ysvj63FNwFEU7wFlTQSDZ2g0cIa5e1vWyFtg_OBhSShqWybwuxaCyclHDYAZS9_lq2BVw~~,615594290,1yECquUO94v.search.264,离职多赔|允许摸鱼|不想上班假|不打扰休息|做四休三|女性支持,,,西湖区,西溪,120.110139,30.266943,否,否,否,否,否,否,,否
php全栈开发工程师,18-23K,3-5年,本科,杭州,3-5年|本科,全栈侧重后端|PHP|全栈项目经验,0,浙江青洲计算机系统,计算机软件,20-99人,未融资,03ba30633772e17c1Xd70t-9GFo~,翁先生,总经理,否,3,c13c3875709d37ee1HR52di1ElU~,071be31e536352c103F53Ny-FlRT,lrC4IelQvtrxb-51IjjvhxgIUbDWQrYUDh3qKBSg-xN7T9bDwdF4XbS0e8xJlCQwVvwboytMAVP5GB1Hb7CaomzRA0r7pMuhQA0NumR4LC_wum3NU3J0tBqzSy1ZXW8P1_5RUUW4_quA,615594290,1yECquUO94v.search.265,加班补助|股票期权|交通补助|带薪年假|生日福利|有无线网|五险一金|员工旅游|年终奖|法定节假日三薪|节假日加班费|团建聚餐|节日福利|免费工装|零食下午茶|绩效奖金|定期体检,,,余杭区,未来科技城,120.004369,30.291717,否,否,否,否,否,否,,否
全栈开发工程师(LLM大模型）,30-40K,5-10年,本科,杭州,5-10年|本科,全栈侧重前端,0,讯盟科技,互联网,100-499人,C轮,7e628e873938c6b01Hd-39q1,骆华君,技术总监,否,3,acf57d19e1f577ae1Hd62Nq5EFs~,f3a074b8d4071bf31HF_09S4FVJW,YyzxolQau3PO_-013aQiqGKG3NXPZ0omJRKnSYFD11rDG3UCTKMvmFpxt8JKT2lQLCNmtTjAdzN6tW9c31unchoXWF4E8aVUni2D0DxUn6aaeSAdFbGayK13uT6wjWbn3IZnrYdEmw~~,615594290,1yECquUO94v.search.266,零食下午茶|五险一金|股票期权|带薪年假|节日福利|年终奖,,,,,120.068817,30.289051,否,否,否,否,否,否,,否
全栈工程师,9-14K,1-3年,本科,杭州,1-3年|本科,Vue|.NET|全栈项目经验|计算机相关专业|物联网|工业互联网|服务化应用程序,0,杭可,电子/硬件开发,100-499人,不需要融资,d89669e515e3cab11nV82tq7EVU~,杨凡,HRD,否,3,b5f4cae17d37a6010nd72Ni4GFY~,b1b73508e45064071HR_0t-8GVdW,abpUYtoNg4_T7-R17Kbg7ugSE8kN4RpIQudL9I7Ox13bXsq-g8F1ZoIYNYvny9PxSC-z2dSJxtd5OtaAadkyIwvZD2b3_nEgfkP82gVhOhp9qvw4wBRNWyNjaHY8GZNoqG7XBHzdY9g2,615594290,1yECquUO94v.search.267,定期体检|年终奖|五险一金|住房补贴|带薪年假|餐补|节日福利|免费班车|周末双休,,,萧山区,新街,120.325112,30.227329,否,否,否,否,否,否,,否
全栈工程师,10-15K,经验不限,本科,杭州,经验不限|本科,全栈开发|后端开发|前端开发|网络编程|多进程|多线程|算法基础|数据结构,0,阜阳百算智能科技,智能硬件,0-20人,,8622c03a3c5242c51XV_39m0FFU~,黄姿锐,招聘者,否,3,f5ffbd6a592f6d8b1nV93924GVZZ,343d73c70da5e3611Xd52tW6E1dT,NTCnzoKfoXXLE-g1xTTf1v-pem9ExOhdbUWyBt5NzKUQ4wTPEZS6JnJQW5mnMnhNoQKEFe7-itAZLOjVjvjw1hl0GgdyP7X9uYidgBna22JamrCk-fyTEfSC6Ww9ldTvisP7l5RPLcFntQ~~,615594290,1yECquUO94v.search.268,,,,钱塘区,和达东东城,120.369289,30.310608,否,否,否,否,否,否,,否
全栈工程师岗位,15-25K,5-10年,本科,杭州,5-10年|本科,,0,江苏钮玮动力科技,自动化设备,100-499人,不需要融资,7c533d7557996c911XR_2dy_E1c~,李青,人事专员,否,3,d5aa3cf1c5253ee51XJ62d-5GFY~,0b3ad8f5ca73245703F92d2_FVtV,nT-O9UEgi8iL2-i17aoyRChhLD7AcIHNLrtu77by7X2wbO4ndWeYheQT55I24T2zaWOwIYd5Nwk3BQzs90U4ZM7YA1ta6PQ0WOy4xlbhynTUSDWz5eayEcYJ_51-y46CN9XWiao7dIJs,615594290,1yECquUO94v.search.269,员工旅游|团建聚餐|住房补贴|节日福利|有无线网|带薪年假|股票期权|餐补|绩效奖金|五险一金,,,余杭区,仓前,119.992628,30.276623,否,否,否,否,否,否,,否
全栈工程师,10-15K,5-10年,大专,杭州,5-10年|大专,全栈无侧重|Vue|PHP|全栈项目经验,0,百杉科技,互联网金融,20-99人,,7ed1d6134cc2c51d1XN-39m6EVI~,孟女士,人事主管,否,3,a0f924b407b3b08e1nR43NS4FVNU,9ae3319012dc19c11HZ72N64ElRW,VoTMlsbRvE4f---1xfTPCa39y6a3YQkRjXdhii40dpzkuuWc8tyBqpeFn3FAbRjXFsOZEHDfEHEAj9hsgyymenyi4oDGxvjyj_IADu_E_TedK8oHfbeGcpg71v2A7lHGMvv649oaj2CqTg~~,615594290,1yECquUO94v.search.270,,,,上城区,钱江新城,120.209685,30.23676,否,否,否,否,否,否,,否
php全栈工程师,12-24K,5-10年,大专,杭州,5-10年|大专,Laravel/Yii/ThinkPHP|JavaScript|PHP,0,风起传媒,广告/公关/会展,0-20人,不需要融资,296485ec842533001HVy0t-4FVs~,龚昕,技术经理,否,3,3b31f9e19ba024b903dy2Nu7FVU~,82a1c9eca81d7c0b1Hd829q5FVNX,hYQyZCOIcGFqY-M1Fq_X9Lkjezxhj4Fl8yCGZayMhSIHGn2bWd8ihzWCbC-XuZWuaVWFwS_yFvOb9UjVgftQqzJcLMejOFLHdmCHIkcFJimDBpghIGSIN7h6E_it3eEuQjL1VcE4ZsNe,615594290,1yECquUO94v.search.271,,,,滨江区,长河,120.192909,30.195341,否,否,否,否,否,否,,否
高级全栈工程师（React + Java Spring）,18-22K·13薪,5-10年,本科,杭州,5-10年|本科,TypeScript|Java|全栈无侧重|计算机相关专业|React|全栈项目经验,0,杭州与光同尘影视...,广播/影视,100-499人,天使轮,7397d550928a99d41HFy3Nm9GQ~~,金塑,研发总监,否,3,29251bf28ead4aea0XV-39S-ElBR,1a29da03f837849a03Fy29m7F1FZ,YjpZCk8H4nRYC-v1z4ZfDTluYVang1jZi0tTa4GBlh5zAfy_y3xxT5hgu1_FFaFFI_r8vvonVo4FRzNa9er8dhB5GwEO0VgJh4HdfufWB87lkWxTtO8N4MFeCDW1rQUQ3dqobb-x1Qgh,615594290,1yECquUO94v.search.272,股票期权|有无线网|五险|加班补助|节日福利|员工旅游|带薪年假|定期体检|通讯补贴|年终奖,,,拱墅区,上塘,120.110325,30.334237,否,否,否,否,否,否,,否
PHP 全栈工程师,12-15K,在校/应届,本科,杭州,在校/应届|本科,PHP开发经验|PHP|计算机相关专业,0,杭州未零,互联网,0-20人,不需要融资,a487628fdf5595b81nB82tm6FFs~,张浩, CEO,否,3,8729fa434b8ce8dd0nZ60tu_EVRY,85a24a96da5eec6d03J43N60E1tY,D26B30BrGbKy2-T1U0lTo8XUZYhSa2jTQNBesD102tAUPXL74t44OyJtLZPieEwCOAMIdy8R39vplJaH0Btf3mM7GRTtiydHNzWEdKs1U92rQ41U9eBokGoAKxGM7CWjwaFNfhiS28rtYQ~~,615594290,1yECquUO94v.search.273,五险一金|零食下午茶,,,西湖区,西溪,120.06688,30.291347,否,否,否,否,否,否,,否
高级全栈开发工程师,27-40K,3-5年,本科,杭州,3-5年|本科,,0,北京某小型信息安全公司,信息安全,20-99人,B轮,,邢玉芹,猎头顾问,否,3,f6822a9709770b170XJ42965ElZV,c173e409e1fc358c03B42969EFdV,NzbkDuRbiNK1w-t1b4vWWKgTqwCmZKxSdIk6LrCC3QZbTeFBGtMHXb7s60htYY9jIQVzwVYx5fUrQ6A1J_c4_ugtbc8FBN-Sd4HhA8hc9jl64KADYLSPEAKK1e4Z7IOvI5xsyVkD8zAZ,615594290,1yECquUO94v.search.274,交通补助|节日福利|年终奖|带薪年假|加班补助|零食下午茶|通讯补贴|五险一金,,,,,120.127984,30.275405,是,否,否,是,否,否,,否
全栈开发工程师,20-40K·17薪,3-5年,本科,杭州,3-5年|本科,Java|全栈侧重后端|JavaScript|国内院校优先|全栈侧重前端|计算机相关专业|React|前端开发经验,0,招银理财,银行,500-999人,不需要融资,66a9ec24434974ec33dz2tu8Ew~~,章嘉洲,产品开发负责人,否,3,40956b5a9fbbcb8c1nZ73tS4GFdR,c84f6cb91338ea4f1HR72dS_EVRS,AzaRKuJJh0WnT-91lmw3S8ox-D63lKMl9CM6DBoSsGqK7QVCBr5IrF7hQvVT15fDFTlTMXFyL5-tIf-A4oeEurzeGYDR0P2OtSZ3T4CUIjkr50oRNABIiBOoBzJckyc6f4nLGGrB9i3_,615594290,1yECquUO94v.search.275,节日福利|工会俱乐部|餐补|带薪年假|五险一金|零食下午茶|补充医疗保险|年终奖|定期体检,,,滨江区,长河,120.189975,30.192263,否,否,否,否,否,否,,否
全栈工程师,450-500元/天,5-10年,本科,杭州,5-10年|本科,全栈侧重后端|JavaScript|Vue|React|Java|计算机相关专业|全栈项目经验|前端开发经验|后端开发经验,6,绍虞数字,计算机软件,20-99人,,c69f84a168b1a7761HJ809u9GFA~,章海波,HR人事主管,否,3,99613afd6e861e4a0XB439W6EVQ~,5e7ee3ed7bdbf1fb1H172N-6EVtY,xaiA2pHnx2lG4-z1Pst26vG-yEYy2pJ0nJlrsvjg0HrNqpSlPtlSN8yzi_47LUTOhYmdaMLB9HUTNrhbkAM7eWkLbTV4_AuC7HQQtSTkd6hesX4PEQxF3bBkoSF8ypoLko6BedvFZTWm,615594290,1yECquUO94v.search.276,,,,滨江区,长河,120.1975,30.180948,否,否,否,否,否,否,,否
全栈工程师,8-12K,1-3年,本科,杭州,1-3年|本科,Linux|vue3.0|全栈侧重后端|vue2.0|Python|全栈项目经验,0,杭州杰歌科技有限公司,电子商务,100-499人,,1a41fb208cb99e8803V93ti7GVc~,陈春春,招聘者,否,3,54353d9e51ddbd471nR82929FVZW,d146e9bb3e5bcd9b03Bz09-9GVVS,onX3myqdS5ReG-N1NbdU0d_L-awo0ezAcjQjgMjFZPPCmkuiFAosYWDb7wB2zMKvSnHw3yqxtEQvkH41-aGnPGTTqS4x7k361ff8jzeCqmdqSB9wddXnRqAPgiigFk3-qTIS7iJnP0yrgQ~~,615594290,1yECquUO94v.search.277,,,,萧山区,闻堰,120.170203,30.130847,否,否,否,否,否,否,,否
初级全栈工程师,6-10K·13薪,1-3年,大专,杭州,1-3年|大专,全栈侧重后端|JavaScript|HTML|Vue|Java|Spring/Spring Boot|后端开发经验|全栈项目经验|前端开发经验,0,杭州多安,医疗服务,20-99人,不需要融资,16342951f7fc7ab71HJ42Nu-GFI~,姜洪飞,营销总监,否,3,2843815a302d9cb31nR43NS6ElpT,d3d6e6687f5f311e1Hx-29q9E1VR,3arYiRNNCUZON-21IDun1Qjyg7Fj0N41RcQvig3SGqc-VKZqqbhBO25VIXXE7-BcwvlSOf1epztaO5HgkBKPNzZj6ZeOH41XrfgtyfdE8J3b7L5MxtqoGQzDH6YhNeRkDu5OZN6ZJjhJvQ~~,615594290,1yECquUO94v.search.278,生日福利|加班补助|保底工资|团建聚餐|零食下午茶|餐补|法定节假日三薪|五险一金|全勤奖|节日福利|工龄奖|绩效奖金|员工旅游|定期体检|住房补贴|节假日加班费|底薪加提成|带薪年假|年终奖|股票期权,,,钱塘区,金桥街,120.323223,30.330866,否,否,否,否,否,否,,否
全栈工程师,12-15K·13薪,1-3年,本科,杭州,1-3年|本科,Java|JavaScript|全栈无侧重|全栈项目经验,0,信公小安,互联网,100-499人,不需要融资,cd29d22babfff92403B60tu4Fg~~,周华民,高级前端开发工程师,否,3,2c973d63613c71a31XJy2NW-E1o~,c87b3dbe4524aecc1HF43dm_F1NR,GzFEc22yvyrli-v1_pbkfp7IZhmeB4dn0-UK6_z7NW1Ybgz2GBwrl6TuXu4TEwTtqMHlAHL0z77V1ZH97llIBr582xqpap-ycL2FjBge9hmyVveSPamcrMSQiHV4df79kJBLotsawJ0~,615594290,1yECquUO94v.search.279,定期体检|五险一金|补充医疗保险|节日福利|带薪年假|零食下午茶|年终奖|员工旅游,,,临平区,临平,120.303062,30.393593,否,否,否,否,否,否,,否
ai全栈工程师,15-30K,在校/应届,本科,杭州,在校/应届|本科,Golang|后端开发经验|全栈侧重后端|Node.js|计算机相关专业|React|前端开发经验|全栈项目经验|TypeScript|C/C++|全栈无侧重|MySQL/Redis/MongoDB|Python,5,杭州纵狐,互联网,0-20人,A轮,0eb541c2177c9cb71Hd939W4F1U~,曹先生,ceo,否,3,6bf3a13c9d2e301e0XB-3ty1FlFZ,72be4537f973df9003J43du-EVFV,Nok5nvH1ElWxX-K1YgcxvD1O0-6DFQapxEGlJ26z_lsPvhFWwjAv9exFVsKNOLWsRXJZHU5E5fLhCpIM8M6h0oIeysEimIY6Fwdgnxp0WI-WDwyCJxFj1gwl4z8dykTrcHpvh6dA2WVp7g~~,615594290,1yECquUO94v.search.280,加班补助|有无线网|免费班车|全勤奖,,,萧山区,义蓬,120.436809,30.269698,否,否,否,否,否,否,,否
全栈工程师,13-17K,3-5年,本科,杭州,3-5年|本科,TypeScript|Java|Spring/Spring Boot|JavaScript|Vue|全栈无侧重|HTML|MySQL/Redis/MongoDB|计算机相关专业|React|Python|全栈项目经验,0,鉴流工坊科技有限公司,人工智能,0-20人,,984ef40bd13f2ff503V939y5GVI~,蔡晨煜,招聘者,是,3,2d7738752783569a1XJ_0tS-FFo~,d02d73c98275247f03Fy0t60GFBR,HC1ocP7POol9d-_1FRuCDvBOIOxQAWylCUy-H4j49BZTsHd9rlsU_IWnarhRJBWVhouenfjDsENUBw_aWUA7AF-eDDVDDKZDgZzFStIC5YQfqxeeOXPYV_Ii-a374KZSJhg1zlLBFIk0ZuSNyq32BF3xbLyNsEUEUka1_fgYy3P3D6ge,615594290,1yECquUO94v.search.281,,,,上城区,五堡,120.240625,30.308425,否,否,否,否,否,否,,否
Java全栈开发工程师（ERP方向）,20-30K,5-10年,本科,杭州,5-10年|本科,Java|SpringCloud|MyBatis|Kafka|Docker|JVM|MySQL|Redis|PostgreSQL|分布式经验|微服务经验|云计算经验|ERP开发经验|MES开发经验|不接受居家办公,0,杭州陈策咨询,互联网,0-20人,未融资,77c924abee0a730903Z40tW4FlQ~,王先生,技术,否,3,e36d2f1a6370e2070n182tm-Ew~~,f1da688119dcbc4903F53t2_ElRT,waPZiDKrcjcJw-N1r--1CbHZHaGaak2eR983CCvVK4w9Eu7p0NtfoeTzReHj-w3zqPSA2qr9L2V2ERFeyZaW65ahpZ9o5nvwUJf9Na57QRhwBycjtwJzSYGFO0yP1252hmT1fCSxgRo~,615594290,1yECquUO94v.search.282,定期体检|节日福利|五险一金|零食下午茶|团建聚餐|带薪年假,,,,,120.255306,30.237285,否,否,否,否,否,否,,否
全栈工程师,20-40K·16薪,在校/应届,本科,杭州,在校/应届|本科,接受实习/在校生投递|Django/Flask|全栈无侧重|MySQL/Redis/MongoDB|React|英语读写能力良好|Python|全栈项目经验,5,北京鳄梨智面科技,互联网,0-20人,不需要融资,7e00147ecf3ba6891HNy09m9F1I~,桂冠,研发负责人,否,3,a4a6e6bce664672b0nJ-09i0E1NX,c20e9604c02c355203dz0tm7F1dU,7CnAktmdPAeG_-i1lNl7XvlDTMoQ0IPelaY2Y1RQSPKsOK6i08l7qvBqPtIuwEDFdHPZAaqAXGACxdGwMITbgk_xh0_XY_XmX57i7kREZEUPZZxuYbgJyyuxLODwdsZ460R5yphoYYqIoQ~~,615594290,1yECquUO94v.search.283,带薪年假|股票期权|五险一金,,,西湖区,西溪,120.129042,30.275449,否,否,否,否,否,否,,否
全栈研发工程师,8-13K,1-3年,大专,杭州,1-3年|大专,计算机相关专业|前端开发经验|后端开发经验,0,正天宠物,电子商务,20-99人,不需要融资,e7d6bfc382fd74941XB73dS1EFs~,黄先生,CEO,否,3,aee1052aa9d09edd33V92d2-Els~,ec93e1ffe1a43bdb1XJ62dq0E1RX,BTJUkgoRrcJQe-S1A0RpSOO8r7MwvCIqb3wwcFlizK5TC4S4hlF1WGGWftMAVq3MzsyfxsswQkRInPemzWGHfILcwrbB32XeTVDbZ852md9IDDlNCgdItaz5shZM1b8rybhqYyiYB7h9,615594290,1yECquUO94v.search.284,五险一金|带薪年假|全勤奖|团建聚餐|年终奖,,,西湖区,西溪,120.076549,30.308702,否,否,否,否,否,否,,否
全栈软件开发工程师,8-11K,3-5年,本科,杭州,3-5年|本科,全栈侧重前端|全栈侧重后端|JavaScript|Vue|Java|Python|全栈项目经验|前端开发经验|后端开发经验,0,起点通信,通信/网络设备,20-99人,不需要融资,e3462dbbc4eaaf1f1XZ63tu-GVc~,胡先生,招聘者,否,3,d4bcf5eec80483420nF739u9F1ZR,ed97af8356d02c2603V62N24FltS,j2fkIUNCtKa35-d1arOse8wooZOriDuaaIhwOxmoFSa3qc8sv-OPJvqPWJz2ML5DHwXCCX0xcg3CKxREVzbhz726ne-7w123cKyRa0tLD1QX5M3eoJifZEAJ9oLuJDi6ucd1NZnDwUm0LA~~,615594290,1yECquUO94v.search.285,保底工资|全勤奖|工龄奖|加班补助|节假日加班费|底薪加提成,,,钱塘区,白杨,120.345545,30.302257,否,否,否,否,否,否,,否
中级全栈工程师,10-14K,1-3年,本科,杭州,1-3年|本科,全栈侧重后端|Vue|React|Java|Python|Golang|MyBatis,0,浙通服,通信/网络设备,1000-9999人,未融资,326ec7fb187845fb1XN-3tq0FQ~~,赵先生,应用软件开发工程师,否,3,0e7b497fb82e11291HV-29i_FlE~,32d545f6233a4bdd03V53968F1pV,tebObtcX3ZmJw-b1kpSdsHsplc4-hU16T3TNx2HxJXTSHoNqsrMfHbzVjfECnuR-vnoGXw9zSemwf1JCLy25rdE3eI5UXEYxmMiIb445Gp1iUSJH81KG8Tf6gEyiCPyf3foa6unHZ8g~,615594290,1yECquUO94v.search.286,五险一金,,,滨江区,星光大道,120.210229,30.207509,否,否,否,否,否,否,,否
AI Native 全栈工程师,20-40K,3-5年,本科,杭州,3-5年|本科,,0,交易哲学,人工智能,0-20人,天使轮,72318b5010008db203Z5296_F1E~,宋漪卉,HR Head,否,3,fcc4faf1edbc1b470XR609m8FVBT,35e17ec1306076e703Fy3ti6F1ZU,tLGh1y1W9seN--O1KA9amFItdqQCV_ced9wXr24ZVebRHzNQA50AHEbB0LLSyAsOtfgksjf7dicEagtirmKOUwf38nxnl3np768K-hsbyohY73jMHzPu_CbJQGklXhrvor9VEB8UeKgXlA~~,615594290,1yECquUO94v.search.287,五险一金,,,西湖区,西溪,120.086593,30.256945,否,否,否,否,否,否,,否
全栈工程师,8-12K,经验不限,本科,杭州,经验不限|本科,Java|CSS|Spring/Spring Boot|JavaScript|Vue|MyBatis|全栈无侧重|HTML|MySQL/Redis/MongoDB|ios|全栈项目经验|Android,0,杭州双梓星网络科技,互联网,0-20人,,3b4cbc196a01fa5d03R62921GVE~,安泽印,招聘者,否,3,786288ee94c90fc00XB_2dy1FVpT,4bd5892737cd38a303B829u5GFRR,cWTcjz11LQ6lG-b1p9Ennz5KAhrgjazOkmZidmMwvtZJarGj-sTqQzuQKiBETZpc-3x-nqy86uUcoBVpURlB8RFok5wO5g-JFAzS9T4aFFjB6Yq8oK2ifCffA92pW-v3xZNoW6wgAo78yA~~,615594290,1yECquUO94v.search.288,,,,上城区,天城路沿线,120.20408,30.32111,否,否,否,否,否,否,,否
中级全栈工程师,12-22K·13薪,3-5年,本科,杭州,3-5年|本科,Vue|Java|.NET|全栈项目经验|前端开发经验,0,三花微通道,其他行业,1000-9999人,已上市,e196c58578ccb7880XB63Ni0,尚京蕊,应用运维主管,否,3,87c606e38669a7f60nd40t6_EFo~,ba64df2c95d2d7cb03B_39i6EVZW,4JrXvHYNYz9dc-H1-L1n_TmG3W-RxSsG9W8fBkBaMTtWHFag5rtMvkbwlWqvwp4tWMfu89w8b6kPOFMoyTDlaNc5cWAVqNF4Rv1--sCjnJUtWKJZALc2tPvdqa1HmJBgz212j78siw~~,615594290,1yECquUO94v.search.289,五险一金|定期体检|年终奖|带薪年假|餐补|节日福利,,,钱塘区,工业园南,120.373562,30.290149,否,否,否,否,否,否,,否
全栈工程师,10-15K·13薪,经验不限,学历不限,杭州,经验不限|学历不限,PHP|React|Vue|SQL,0,奇禾网络,大数据,20-99人,未融资,d9be7305cc32221f1nB42d-5FlA~,徐士淮,技术总监,否,3,22a3650543ea2cec1HBz39m9F1U~,4c1ec3070d23bfdf1XZ50ty1EFRY,HKw4I9JU7sI1q-O1G7w1M3KuFBLHIDKk042nQndYsmidutvw-wZYzdD2VzgSg4JCdGv-L5rjfkI4ttRNQFvU1oUQXotRRg4NxsnhtmuzeLIwTYiKPpRtPH3YCEh85L_pR4RqWI1Fe-Se,615594290,1yECquUO94v.search.290,绩效奖金|节日福利|带薪年假|零食下午茶|夜班补助|加班补助|节假日加班费|有无线网|五险一金|年终奖,,,西湖区,翠苑,120.100659,30.300959,否,否,否,否,否,否,,否
高级全栈工程师,11-14K,3-5年,本科,杭州,3-5年|本科,全栈无侧重|全栈侧重后端|JavaScript|HTML|CSS|TypeScript|Vue|Java|PHP|全栈项目经验,0,寰映信息科技(上...,家具/家电/家居,0-20人,未融资,3a1bb1f92a35ea511nF_3dS_EFQ~,王华,Founder,否,3,5a43db1a1062df9e03Vy2NW9Fg~~,84b4e2c5aaa5f9ad03B63N-6EVBT,EtaCWnWJN7v8w-E119MxI1YTwuiRQgTmyTQdAxrzsHiwo2r1M_m4chgc5KQ-XfDP6_epbTMVjNTBEDHO4eJ1vumNmcXVQPSsu44jdIghR0bnpplBQWf9z-NvDsamSJeMdTXTh2j0gdw~,615594290,1yECquUO94v.search.291,交通补助|餐补|加班补助|年终奖|通讯补贴|节日福利,,,临平区,东湖,120.29538,30.441026,否,否,否,否,否,否,,否
手机厂商快应用开发（全栈 兼职项目),60-120元/时,经验不限,学历不限,杭州,经验不限|学历不限,JavaScript|Node.js|React|计算机/软件工程相关专业|前端开发经验|技术博客/开源项目有所贡献|接受居家办公,6,杭州店飞科技有限公司,互联网,20-99人,天使轮,21034cd9c9e49ee21XV809-9EFQ~,谢女士,招聘专员,否,3,2e836aacc0b3e77c0ndz2N21EVdX,48d9f3f9dbf107451Hx529S4F1BQ,doIykqiUOVEIm-e1TpOoiboSpOwebgokTy_qdXP_W2DVhnnr7YT6OMPqNawLsmYiJ_wBUPboPno57lfd_dec6Vf-6jYQSp00kTmER4uJabl3nEU51_8OyB0d5B2ZXsMRVvWTXtV2gF5Weg~~,615594290,1yECquUO94v.search.292,团建聚餐|工龄奖|保底工资|绩效奖金|年终奖|员工旅游|零食下午茶|股票期权|五险一金,,,西湖区,西湖,120.108235,30.265589,否,否,否,否,否,否,,否
全栈工程师,10-15K,3-5年,本科,杭州,3-5年|本科,全栈侧重后端|CSS|HTML|Spring/Spring Boot|MyBatis|MySQL/Redis/MongoDB|计算机相关专业|全栈项目经验|后端开发经验|前端开发经验|SSH架构(jdk1.6)|ExtJs|SpringMVC(jdk1.8)|memcached缓存|Jquery,0,博亦远科技,计算机软件,100-499人,未融资,a1d2e6efaa168bae1nV53d67EFQ~,陈冬琴,HR,否,3,958512a3f2ba9c9b1HN-3dm8GFM~,404cb339d0460a9503F-2t67EVpQ,_6AHvr2yYbSgY-w1gK4oXqeyEBL9BhlVTEoU-nG5tlJsaaJLh_P1oMMr1km9fgR9hBCmqmYX4FbMDiF8SmoqhLSYl3jCOTFhq8N3oKe9SKuOuSymQ9waiG8Q1P96usEHpZbN3lj7KtOW,615594290,1yECquUO94v.search.293,节日福利|餐补|股票期权|带薪年假|年终奖|交通补助|五险一金|加班补助|零食下午茶,,,西湖区,翠苑,120.120852,30.28098,否,否,否,否,否,否,,否
小程序全栈兼职,20-25K,5-10年,大专,杭州,5-10年|大专,Java|Spring,0,微风口网络科技,移动互联网,0-20人,未融资,afc22c5034f4f9781XVy2Ni-Fg~~,杨大耀,CEO,否,3,7b106eff0811d98a1nJ63tu4FQ~~,ea3dc01b9c8add5e1nR82t--FVVT,RM0bt2RB6Q4r_-v1fK385U3ZPsBm-f7rkBnUG-TpxOMm-EVwV71b5emWSHhdzfqP8mM4EtNEJAU4Jox8OtX_XYPU5R_TWugTy3vsbseUvl0aGyu-1ncgmscTm4AAo77yqkSQnmyKzA~~,615594290,1yECquUO94v.search.294,年终奖|零食下午茶|绩效奖金|节日福利|餐补|交通补助|股票期权|五险一金,,,钱塘区,白杨,120.3364,30.30189,否,否,否,否,否,否,,否
全栈工程师,12-15K·13薪,5-10年,本科,杭州,5-10年|本科,全栈无侧重|HTML|CSS|TypeScript|Vue|PHP|C/C++|Python|Django/Flask|MySQL/Redis/MongoDB|全栈项目经验,0,万思奇,互联网,0-20人,未融资,a306667bcbc8a12d03Z83tu6F1o~,冯涛,总经理,否,3,0f592cb6a1bb88a103d50t--ElQ~,f3a5d3a177a2bce103Fz3dy5GFJR,yBlSOIsA3jNcz-S1R3hDpgAjIMiZp5c1UnZxqPIlvzOjuhQabjQ9WHP4XGt_tYpPxL2STCFcg-0ehTR3hN3qvxtRzdE0K7igraX8ssyQrfRL7DY4PMjtJQDLQHEbJD351AvLUJL7S-ur,615594290,1yECquUO94v.search.295,定期体检|员工旅游|节假日加班费|生日福利|法定节假日三薪|年终奖|五险一金|底薪加提成|绩效奖金|企业年金|带薪年假|保底工资|团建聚餐,,,余杭区,仓前,120.001691,30.288563,否,否,否,否,否,否,,否
智能软件研发,15-30K,经验不限,本科,杭州,经验不限|本科,Python|Docker|全栈开发|分布式技术|SpringBoot|后端开发|Spring|Python,0,浙江省北大信研院,其他行业,100-499人,未融资,49ad8463966870141HRz29m4Eg~~,郑聪,算法工程师,否,3,21d4b9d1f610cc341X1429i-E1E~,f930698bc8376e0a1nx52Nq8FVRR,ARxytO8RJJJIr-q1Xa32XCD9XnaHZDuCPLSHihVHFSKq1mxwmEpaykETyiyiEGFkno6duxmxN1gBracCT4-PnEkHNlfEFcG-k3c3XFaNwC2TCLzWctPO0vKvvfTI4CapttZRDhRV-3Q~,615594290,1yECquUO94v.search.296,节日福利|五险一金|股票期权|加班补助|定期体检|带薪年假|年终奖|员工旅游|零食下午茶|补充医疗保险,,,萧山区,钱江世纪城,120.26542,30.221249,否,否,否,否,否,否,,否
全栈软件开发工程师,10-15K·13薪,3-5年,本科,杭州,3-5年|本科,全栈侧重后端|JavaScript|Vue|HTML|Java|Spring/Spring Boot|Node.js|全栈项目经验|前端开发经验|后端开发经验,0,新农都,物业管理,100-499人,,6f78f28670c1bf5b03Z_29-9EVM~,顾先生,数字化运营,否,3,c8da97c3a6143df81Hx-39m_GFc~,8baef68515d8814c03F92d64GFpV,XPMqzxYC5SB5H-Y1A02MGUrbfhssYfNupS1eyMWLWZc5K5l4Z1LuFwIxRHfIdND8F-9dZ1HyJR_po3RTR9QUf515KQGWKh_CINT_bdzBcEcLuNI58dqn38WHuVlc8t7uC9YrUA5KHbE6,615594290,1yECquUO94v.search.297,,,,滨江区,长河,120.194198,30.199202,否,否,否,否,否,否,,否
全栈运维开发工程师（校招/应届生）,12-15K·14薪,在校/应届,本科,杭州,在校/应届|本科,运维开发经验,5,杭州瀚云动力技术,云计算,0-20人,未融资,66b262ff2d3ada681Hx-0tq0FVo~,郭保庆,招聘者,否,3,b9fd58b4fbf5533e1nVy3NW4GVA~,e87d7e659b942fa703By2Nu0EFRQ,lfZbgkLCRZigm-Q1dDM5BxgVKiNLCF5Xo9Xvf2A64mrayKVyk_Lglc0UHwYk3AxQTpsLKIya-qAIJj7-Xpw4Az2iRUj-vwUQAt496x6QWpCKBVXwJ-JuVrXIYaZ7Vmh3QbT16v8NAUMH,615594290,1yECquUO94v.search.298,年终奖|带薪年假|保底工资|免费工装|员工旅游|绩效奖金|交通补助|五险一金|团建聚餐|股票期权|法定节假日三薪|生日福利|定期体检|零食下午茶|节日福利,,,滨江区,长河,120.193613,30.188442,否,否,否,否,否,否,,否
全栈工程师,8-9K,3-5年,大专,杭州,3-5年|大专,全栈侧重后端|Java|电子签章|国密产品,0,智芜科技,信息安全,0-20人,,70e5d43b417887be03R439u6ElQ~,朱世杰,招聘者,否,3,c575e7ed6eed244e0nZy09m4GVRW,93bc8baabb9d992403Z_29i9E1RR,B05jktzo7Zl5m-81Puf2n0O9K-oi2gFf9R7T18c09Z22pRueD2Dv8Kp3vnv8Ww74Pi0ADNUsJ8McANBgueEqa4LfvycDeJLb6QyBZ972OAUrdRhyqETdKXHSHatI7g1uDgc-LdYj806aQQ~~,615594290,1yECquUO94v.search.299,,,,拱墅区,上塘,120.111591,30.336646,否,否,否,否,否,否,,否
全栈工程师,30-50K·13薪,经验不限,本科,杭州,经验不限|本科,,0,某大型银行公司,银行,1000-9999人,,,张帆,猎头顾问,否,3,d2b6d0969b256d700X1z29m4EFBQ,c581657a8a28447903J_2Nm9FVFY,Cerdmoabmu7Bi-V1ciqBmpzAJW1Ck_4CG3DPL0sS8rgQBrUYdt5z3ALq8S0rYUyQMJ6tNeaePVUb0eHjCo8qxSpplmdK6NcMQWiFSzc3_ZxVPr9eO5VxxNz-ko8o20GWgfDufAzM_ed_,615594290,1yECquUO94v.search.300,带薪年假|员工旅游|交通补助|企业年金|通讯补贴|绩效奖金|补充医疗保险|定期体检|年终奖|节假日加班费|五险一金|底薪加提成|高温补贴|节日福利|生日福利|意外险|餐补,,,,,120.21611996799582,30.248576614032,是,否,否,是,否,否,,否
